{
  "CAMERAS": {
    "camera00": {
      "type": "PerspectiveCamera",
      "fieldOfView": 45,
      "near": 0.1,
      "far": 2000,
      "position": {
        "x": [
          0
        ],
        "y": [
          0
        ],
        "z": [
          10
        ]
      },
      "targetInches": {
        "x": [
          0
        ],
        "y": [
          0
        ],
        "z": [
          0
        ]
      },
      "visible": [
        1
      ]
    }
  },
  "LIGHTS": {
    "light00": {
      "type": "DirectionalLight",
      "color": "0xffffff",
      "intensity": [
        5
      ],
      "position": {
        "x": [
          0
        ],
        "y": [
          1,
          1,
          1,
          1,
          1,
          1,
          1,
          1,
          1,
          1,
          1,
          1,
          1,
          1,
          1,
          1,
          1,
          1,
          1,
          1,
          1,
          1,
          1,
          1,
          1,
          1,
          1,
          1,
          1,
          1,
          1,
          1,
          1,
          1,
          1,
          1,
          1,
          1,
          1,
          1,
          1,
          1,
          1,
          1,
          1,
          1,
          1,
          1,
          1,
          1
        ],
        "z": [
          1
        ]
      },
      "visible": [
        1
      ]
    }
  },
  "OBJECTS": {
    "elias_neutral": {
      "meshpath": "/mkturkfiles/scenebags/objectome3d/face/Younah_anger_4.glb",
      "objectdoc": "HeadEliasApplefacepotatohead",
      "sizeTHREEJS": [
        0.7544866246864036,
        0.41065005478279265,
        0.7311575341578398,
        0.7533845286139044,
        0.5645570820062518,
        0.5822101708636933,
        0.7376691102723982,
        0.552557206035793,
        0.5064874602326197,
        0.5833051649439727,
        0.6676614864510073,
        0.6813031204432412,
        0.6347964647628443,
        0.7415344825118915,
        0.7549428484315079,
        0.5491444765929651,
        0.5349941948793328,
        0.6373941442432564,
        0.7522912681955726,
        0.5711155581647702,
        0.5384090945360255,
        0.6484298120964288,
        0.4508338909772601,
        0.6759244247580518,
        0.3803457592022666,
        0.6648456548628359,
        0.6607173003701681,
        0.3764280925533613,
        0.4949763834501766,
        0.3778725355887905,
        0.38462253571006966,
        0.5121479308371275,
        0.6658624166193434,
        0.5902216000954472,
        0.5240819712556388,
        0.5497303140903714,
        0.4004810945232302,
        0.6490789127788097,
        0.47177771014501857,
        0.4497765650902009,
        0.6188058607045147,
        0.6708714474159565,
        0.5676580482027183,
        0.5356267262156129,
        0.593103970202109,
        0.5742988324926672,
        0.729443305324373,
        0.4553422772100014,
        0.5583346856967645,
        0.5331915372160929
      ],
      "positionTHREEJS": {
        "x": [
          0
        ],
        "y": [
          0
        ],
        "z": [
          0
        ]
      },
      "rotationDegrees": {
        "x": [
          -43.31359804345765,
          -20.044221302633265,
          40.39897996067977,
          36.468878876796964,
          -12.784452547095704,
          -6.876261201456089,
          14.337135400117248,
          -1.7566319502703394,
          -8.653958991368086,
          19.39371242554317,
          -7.990434091716608,
          -1.1118438006723608,
          42.15983634528163,
          0.5381571886390333,
          -18.737220916082265,
          -13.218091217497477,
          35.10753080163707,
          39.35945263522538,
          -35.793268771292816,
          23.89896653580334,
          -43.11909023000396,
          33.245727262625934,
          -10.773297031036897,
          -29.93539803164859,
          16.89324420211196,
          28.45405267482819,
          -41.1705567516494,
          32.41569324893122,
          -43.997778981590734,
          31.279355531629363,
          -33.23458334306538,
          17.718329250835332,
          -25.777937830739173,
          43.36354306048648,
          5.010756511040299,
          -24.044591057076225,
          -4.347265765155477,
          -9.874617075004252,
          40.50998675403116,
          10.96588124134042,
          -43.832185564979184,
          -28.516928648972314,
          -2.8723252540437016,
          -28.952202696315364,
          18.096813268467372,
          -44.48142877374819,
          -29.47671733048739,
          16.43105166802512,
          -44.30491045274021,
          41.742892510850695
        ],
        "y": [
          39.12687772354951,
          34.10355948698354,
          40.36402545333226,
          55.92744851911294,
          60.92952420180879,
          83.56571565301653,
          89.67566270996556,
          48.69102010077543,
          -2.833571842566627,
          -69.86303871138213,
          -64.74535282987395,
          80.50709804600214,
          -80.93379826039917,
          63.16392403490133,
          -66.28095587856234,
          -24.671935446146136,
          87.39327240886678,
          71.53473004371264,
          19.132454696889013,
          44.35494428818757,
          66.30946540715993,
          -85.11719240133009,
          74.20769385488018,
          57.64356187814647,
          65.44707483806616,
          -14.126941570431313,
          49.561432363160094,
          6.161760219649651,
          24.69997708454244,
          29.978011504554672,
          11.918069777841765,
          68.9942071959789,
          -77.81469202148261,
          62.168406570155156,
          -73.30087150325062,
          13.076761706598731,
          -31.41831723489924,
          44.05281666558426,
          22.897707635194706,
          21.12709302204904,
          51.31441378592879,
          6.245641400501569,
          40.03498651457522,
          -54.325504072964804,
          -40.45531824355447,
          54.77265592803559,
          4.657050271430009,
          25.040709863437698,
          41.80459030124496,
          77.37323178925763
        ],
        "z": [
          0,
          0,
          0,
          0,
          0,
          0,
          0,
          0,
          0,
          0,
          0,
          0,
          0,
          0,
          0,
          0,
          0,
          0,
          0,
          0,
          0,
          0,
          0,
          0,
          0,
          0,
          0,
          0,
          0,
          0,
          0,
          0,
          0,
          0,
          0,
          0,
          0,
          0,
          0,
          0,
          0,
          0,
          0,
          0,
          0,
          0,
          0,
          0,
          0,
          0
        ]
      },
      "material": {
        "type": "MeshPhysicalMaterial",
        "color": "#7F7F7F",
        "metalness": 0.25,
        "roughness": 0.65,
        "reflectivity": 0.5,
        "opacity": [
          1
        ],
        "transparent": false
      },
      "visible": [
        1
      ]
    }
  },
  "IMAGES": {
    "imagebag": "/mkturkfiles/scenebags/objectome3d/background_im_flipped/",
    "imageidx": [
      427,
      1406,
      188,
      427,
      1424,
      156,
      1448,
      1406,
      427,
      16,
      427,
      1177,
      463,
      1424,
      16,
      156,
      1424,
      1177,
      463,
      1448,
      1448,
      298,
      1448,
      16,
      298,
      188,
      1406,
      1406,
      1424,
      188,
      463,
      463,
      16,
      1177,
      156,
      1177,
      427,
      188,
      1424,
      156,
      298,
      298,
      1448,
      1406,
      298,
      188,
      16,
      1177,
      156,
      463
    ],
    "sizeTHREEJS": [
      1.61
    ]
  },
  "OBJECTFILTERS": {
    "blur": [
      ""
    ],