{
  "CAMERAS": {
    "camera00": {
      "type": "PerspectiveCamera",
      "fieldOfView": 45,
      "near": 0.1,
      "far": 2000,
      "position": {
        "x": [
          0
        ],
        "y": [
          0
        ],
        "z": [
          10
        ]
      },
      "targetInches": {
        "x": [
          0
        ],
        "y": [
          0
        ],
        "z": [
          0
        ]
      },
      "visible": [
        1
      ]
    }
  },
  "LIGHTS": {
    "light00": {
      "type": "DirectionalLight",
      "color": "0xffffff",
      "intensity": [
        5
      ],
      "position": {
        "x": [
          0
        ],
        "y": [
          1,
          1,
          1,
          1,
          1,
          1,
          1,
          1,
          1,
          1,
          1,
          1,
          1,
          1,
          1,
          1,
          1,
          1,
          1,
          1,
          1,
          1,
          1,
          1,
          1,
          1,
          1,
          1,
          1,
          1,
          1,
          1,
          1,
          1,
          1,
          1,
          1,
          1,
          1,
          1,
          1,
          1,
          1,
          1,
          1,
          1,
          1,
          1,
          1,
          1
        ],
        "z": [
          1
        ]
      },
      "visible": [
        1
      ]
    }
  },
  "OBJECTS": {
    "elias_neutral": {
      "meshpath": "/mkturkfiles/scenebags/objectome3d/face/Younah_happiness_4.glb",
      "objectdoc": "HeadEliasApplefacepotatohead",
      "sizeTHREEJS": [
        0.51562903314196,
        0.5019457149116834,
        0.7419672562877864,
        0.5060909945797241,
        0.41350344150606255,
        0.6679311280887972,
        0.44030342356375146,
        0.7482312555441222,
        0.7164020465063441,
        0.7027632942763524,
        0.4979280132504562,
        0.7123149302921894,
        0.37317147189958544,
        0.6503826048542155,
        0.681161911529133,
        0.5882702564999964,
        0.5873994655434234,
        0.4902744647206079,
        0.5406767105548335,
        0.742126129759141,
        0.38292786294501047,
        0.5346478691295196,
        0.5642053158954488,
        0.43007826143310995,
        0.6456742938909645,
        0.5612013934167789,
        0.7460698261591264,
        0.5651030124544599,
        0.45180721970891713,
        0.37372985197929964,
        0.6574362920191359,
        0.4515282167592933,
        0.535210272919491,
        0.4674429943391445,
        0.5609080483474741,
        0.7245704677638709,
        0.5295982167687894,
        0.6347334025401262,
        0.5113840315477048,
        0.6359202206200585,
        0.5381657207170917,
        0.615442891132218,
        0.7344998276264946,
        0.3751111783650252,
        0.56868374009718,
        0.45729666830134674,
        0.46651991075770805,
        0.3747240934193612,
        0.7121388994939029,
        0.3949647929500172
      ],
      "positionTHREEJS": {
        "x": [
          0
        ],
        "y": [
          0
        ],
        "z": [
          0
        ]
      },
      "rotationDegrees": {
        "x": [
          -6.367021208864863,
          4.804776034217113,
          39.42381353899344,
          27.64392572067443,
          -18.990492078447907,
          -8.12577295258614,
          -25.201940689823214,
          -21.24990154745449,
          8.285187826027403,
          -34.47000068918417,
          14.306763310022404,
          23.414397860529178,
          33.55065711201888,
          0.5865227131303499,
          9.533633593965938,
          6.853394174389052,
          33.286575709970606,
          11.031409150741602,
          0.9390011609477469,
          -32.54817229341977,
          31.0266021496831,
          -7.613204265859103,
          24.21111996599801,
          -3.211990011626753,
          38.42683924169022,
          -32.444142009956025,
          -13.607397207429841,
          43.32990664244754,
          13.465355585664582,
          18.08611610643412,
          0.2864974994871332,
          0.6865895384853573,
          11.925705059293001,
          -25.95653742062699,
          -16.106742392921127,
          10.539492596544441,
          28.7323768396881,
          24.301574875876994,
          -17.55800851066231,
          26.555153830144775,
          -1.9112291181781558,
          1.093126639616628,
          -27.035950177007678,
          19.713075732568427,
          -15.402929447928905,
          -37.371428260425795,
          25.211042006417784,
          26.411871120279997,
          -33.457556209344105,
          -29.491235364824856
        ],
        "y": [
          83.43514541952231,
          88.96990418476139,
          -37.29120332194835,
          -58.025899783772246,
          16.842461306272725,
          38.063052956157975,
          -58.17515920258939,
          6.78856101280806,
          77.28439743840133,
          21.957757460190393,
          56.94747659860994,
          -18.265544542859402,
          -66.19026076459139,
          69.25776788216896,
          -60.2030826038196,
          -39.19034531806195,
          -14.869517481395903,
          -33.400182738923796,
          -25.494268709650456,
          35.833413840483004,
          -88.92537848512274,
          -50.035734297287526,
          53.22952714832499,
          89.54164523050554,
          -74.3806420982263,
          -31.507773442737353,
          -83.42053288160199,
          -24.838375477836152,
          17.175036292474914,
          -63.08968065950758,
          -30.23962264451619,
          -82.48460216107941,
          25.63557489502037,
          -45.003145147868565,
          8.913105564521302,
          57.814310298558354,
          14.86597084479068,
          -0.43437285011818005,
          -36.91422497721886,
          64.5555953730397,
          -58.06819126539864,
          -59.32112935729697,
          -72.71312148766205,
          17.95492997378743,
          45.13887921644286,
          28.2277754376681,
          60.95535852722557,
          -71.74668623525656,
          83.34283097484345,
          50.41130633531489
        ],
        "z": [
          0,
          0,
          0,
          0,
          0,
          0,
          0,
          0,
          0,
          0,
          0,
          0,
          0,
          0,
          0,
          0,
          0,
          0,
          0,
          0,
          0,
          0,
          0,
          0,
          0,
          0,
          0,
          0,
          0,
          0,
          0,
          0,
          0,
          0,
          0,
          0,
          0,
          0,
          0,
          0,
          0,
          0,
          0,
          0,
          0,
          0,
          0,
          0,
          0,
          0
        ]
      },
      "material": {
        "type": "MeshPhysicalMaterial",
        "color": "#7F7F7F",
        "metalness": 0.25,
        "roughness": 0.65,
        "reflectivity": 0.5,
        "opacity": [
          1
        ],
        "transparent": false
      },
      "visible": [
        1
      ]
    }
  },
  "IMAGES": {
    "imagebag": "/mkturkfiles/scenebags/objectome3d/background_im_flipped/",
    "imageidx": [
      1406,
      1177,
      427,
      188,
      1406,
      1424,
      298,
      156,
      1448,
      1448,
      1177,
      1424,
      463,
      1424,
      1448,
      1424,
      463,
      156,
      427,
      427,
      427,
      298,
      427,
      298,
      1448,
      1177,
      463,
      1177,
      1424,
      16,
      188,
      298,
      156,
      188,
      1406,
      1406,
      156,
      1177,
      298,
      188,
      1448,
      16,
      16,
      156,
      463,
      16,
      463,
      188,
      16,
      1406
    ],
    "sizeTHREEJS": [
      1.61
    ]
  },
  "OBJECTFILTERS": {
    "blur": [
      ""
    ],