{
  "CAMERAS": {
    "camera00": {
      "type": "PerspectiveCamera",
      "fieldOfView": 45,
      "near": 0.1,
      "far": 2000,
      "position": {
        "x": [
          0
        ],
        "y": [
          0
        ],
        "z": [
          10
        ]
      },
      "targetInches": {
        "x": [
          0
        ],
        "y": [
          0
        ],
        "z": [
          0
        ]
      },
      "visible": [
        1
      ]
    }
  },
  "LIGHTS": {
    "light00": {
      "type": "DirectionalLight",
      "color": "0xffffff",
      "intensity": [
        5
      ],
      "position": {
        "x": [
          0
        ],
        "y": [
          1,
          1,
          1,
          1,
          1,
          1,
          1,
          1,
          1,
          1,
          1,
          1,
          1,
          1,
          1,
          1,
          1,
          1,
          1,
          1,
          1,
          1,
          1,
          1,
          1,
          1,
          1,
          1,
          1,
          1,
          1,
          1,
          1,
          1,
          1,
          1,
          1,
          1,
          1,
          1,
          1,
          1,
          1,
          1,
          1,
          1,
          1,
          1,
          1,
          1
        ],
        "z": [
          1
        ]
      },
      "visible": [
        1
      ]
    }
  },
  "OBJECTS": {
    "elias_neutral": {
      "meshpath": "/mkturkfiles/scenebags/objectome3d/face/Ani_surprise_4.glb",
      "objectdoc": "HeadEliasApplefacepotatohead",
      "sizeTHREEJS": [
        0.6835707381662156,
        0.6808215632164913,
        0.758855980778837,
        0.6613275964296146,
        0.43829997455552583,
        0.4182297077008299,
        0.6567114417887729,
        0.6117922561159075,
        0.6276172118477565,
        0.4600360695729393,
        0.5288794105940098,
        0.6787150391590373,
        0.5822548488073048,
        0.6695423414551427,
        0.7614454376549408,
        0.6207903673214791,
        0.7177060214906673,
        0.4807200264774211,
        0.6169761691297956,
        0.6667809363193646,
        0.5341935530442566,
        0.7440662570205532,
        0.7507107119494549,
        0.7278897512870744,
        0.6928233434828206,
        0.6886358868054552,
        0.38038562153347205,
        0.6771060239767205,
        0.4473413957380359,
        0.5822265805144334,
        0.5710978202961611,
        0.5308078138473363,
        0.45397077074251774,
        0.380540338135717,
        0.728849774410949,
        0.4229412210707865,
        0.67207085372773,
        0.5868027070850139,
        0.46731792232227365,
        0.631044716635002,
        0.6353544774226568,
        0.48688486391012253,
        0.7648824905273977,
        0.4711675709221111,
        0.7313777682664979,
        0.5527947962336706,
        0.6369536075656442,
        0.6954554362666604,
        0.7617250911216116,
        0.4975989424570354
      ],
      "positionTHREEJS": {
        "x": [
          0
        ],
        "y": [
          0
        ],
        "z": [
          0
        ]
      },
      "rotationDegrees": {
        "x": [
          29.34918836293369,
          -14.176290069559506,
          -25.83363571172886,
          32.59612280392146,
          -21.358883052851166,
          33.616977808417204,
          43.059824215852686,
          38.35671177846339,
          38.81870554725799,
          -41.724705853056335,
          9.219051668585983,
          23.657642850599686,
          -4.169630104899667,
          -11.893507642681477,
          38.006324122457,
          -30.397245847010325,
          33.370151781022045,
          -2.621008917046723,
          12.057528302407121,
          16.666496847164872,
          23.24911100156598,
          35.584909755405434,
          -41.077411083304554,
          12.922492823400908,
          6.032703055250806,
          -28.964723628232406,
          -22.97758941315316,
          14.658457277678238,
          -26.91004048470829,
          -13.852803692145784,
          2.231480188587483,
          5.933424094251649,
          -34.055636788658134,
          -30.2257290281093,
          12.25999104537405,
          6.2945140613903305,
          15.80375317107346,
          -42.67796539676449,
          17.18439268632759,
          -9.508888172918653,
          -41.701451512879835,
          39.272168848295166,
          -30.217173551498878,
          -35.98852253491723,
          -1.1801120748053506,
          36.88425863950012,
          38.9876776292286,
          -14.023735581443606,
          13.291958526526564,
          -21.901577816267174
        ],
        "y": [
          -2.974772074862102,
          66.27503725700203,
          23.760820377694785,
          -51.602059147845786,
          -32.279210931199785,
          -29.03333562566887,
          -62.301617441369125,
          -67.6323844419094,
          -57.16602224972802,
          -27.496518112486008,
          -54.48110838244298,
          -11.87012016868519,
          -79.12656219293525,
          29.386785544303933,
          44.4077687285191,
          63.31526715145657,
          41.461246210241285,
          -23.72437348018714,
          42.898560252356276,
          -62.450995988177965,
          63.020090436839155,
          -77.21457264728126,
          -40.48890323766524,
          -69.25199497853237,
          18.782990517028722,
          39.81581362729136,
          34.90220875226582,
          -3.064596129205711,
          45.363206355195274,
          -15.816602853259525,
          8.758495981806405,
          -26.17204047955922,
          -66.81400249678796,
          71.00975389031905,
          72.32655333698017,
          -78.66436072176366,
          -28.233790858241065,
          9.149151698215121,
          -67.2149984345559,
          -80.35698118866914,
          58.30652576330721,
          -67.638073252865,
          57.19938782596361,
          0.7869398667214966,
          72.27569072673631,
          36.162101970024196,
          -20.807373274402167,
          -24.051786645546997,
          46.4120064468714,
          -44.62122182243028
        ],
        "z": [
          0,
          0,
          0,
          0,
          0,
          0,
          0,
          0,
          0,
          0,
          0,
          0,
          0,
          0,
          0,
          0,
          0,
          0,
          0,
          0,
          0,
          0,
          0,
          0,
          0,
          0,
          0,
          0,
          0,
          0,
          0,
          0,
          0,
          0,
          0,
          0,
          0,
          0,
          0,
          0,
          0,
          0,
          0,
          0,
          0,
          0,
          0,
          0,
          0,
          0
        ]
      },
      "material": {
        "type": "MeshPhysicalMaterial",
        "color": "#7F7F7F",
        "metalness": 0.25,
        "roughness": 0.65,
        "reflectivity": 0.5,
        "opacity": [
          1
        ],
        "transparent": false
      },
      "visible": [
        1
      ]
    }
  },
  "IMAGES": {
    "imagebag": "/mkturkfiles/scenebags/objectome3d/background_im_flipped/",
    "imageidx": [
      463,
      1424,
      1177,
      16,
      188,
      427,
      188,
      463,
      1448,
      1448,
      1424,
      427,
      1406,
      1177,
      463,
      1406,
      156,
      298,
      1177,
      1424,
      156,
      16,
      1177,
      16,
      463,
      1406,
      1177,
      463,
      1448,
      16,
      298,
      156,
      1448,
      188,
      156,
      1406,
      1448,
      188,
      427,
      298,
      16,
      427,
      188,
      298,
      1424,
      427,
      1406,
      156,
      1424,
      298
    ],
    "sizeTHREEJS": [
      1.61
    ]
  },
  "OBJECTFILTERS": {
    "blur": [
      ""
    ],