{
  "CAMERAS": {
    "camera00": {
      "type": "PerspectiveCamera",
      "fieldOfView": 45,
      "near": 0.1,
      "far": 2000,
      "position": {
        "x": [
          0
        ],
        "y": [
          0
        ],
        "z": [
          10
        ]
      },
      "targetInches": {
        "x": [
          0
        ],
        "y": [
          0
        ],
        "z": [
          0
        ]
      },
      "visible": [
        1
      ]
    }
  },
  "LIGHTS": {
    "light00": {
      "type": "DirectionalLight",
      "color": "0xffffff",
      "intensity": [
        5
      ],
      "position": {
        "x": [
          0
        ],
        "y": [
          1,
          1,
          1,
          1,
          1,
          1,
          1,
          1,
          1,
          1,
          1,
          1,
          1,
          1,
          1,
          1,
          1,
          1,
          1,
          1,
          1,
          1,
          1,
          1,
          1,
          1,
          1,
          1,
          1,
          1,
          1,
          1,
          1,
          1,
          1,
          1,
          1,
          1,
          1,
          1,
          1,
          1,
          1,
          1,
          1,
          1,
          1,
          1,
          1,
          1
        ],
        "z": [
          1
        ]
      },
      "visible": [
        1
      ]
    }
  },
  "OBJECTS": {
    "elias_neutral": {
      "meshpath": "/mkturkfiles/scenebags/objectome3d/face/Tony_fear_4.glb",
      "objectdoc": "HeadEliasApplefacepotatohead",
      "sizeTHREEJS": [
        0.41754036713797477,
        0.5117749943269951,
        0.6215823057845031,
        0.7547420741487312,
        0.6147653216803043,
        0.6652276886205075,
        0.5343781962040085,
        0.4725306784655513,
        0.6465976869596669,
        0.7614977634199169,
        0.5807064649024367,
        0.5162805399550083,
        0.4469482385580369,
        0.6036382725651727,
        0.6704408290641874,
        0.6677478856725314,
        0.5501233272146555,
        0.4550604828371332,
        0.40693599220785054,
        0.5067915047675708,
        0.7352305042872229,
        0.4704459433631168,
        0.7412623794939552,
        0.6969470848982704,
        0.37178163624085453,
        0.5204409258808027,
        0.7282006886921126,
        0.6578666597962155,
        0.6769137594750784,
        0.519198460259246,
        0.6744647496051012,
        0.435165676004896,
        0.5842498909762931,
        0.6122478330428711,
        0.5476707107118876,
        0.6900007442485661,
        0.6573582069597368,
        0.5255509269453836,
        0.38613209337447923,
        0.7216251349321947,
        0.465142924609589,
        0.706333683053427,
        0.6826666561756949,
        0.6788256994681656,
        0.6485351280841807,
        0.3988496303408912,
        0.6945118848797875,
        0.6415569264487999,
        0.4261549774237003,
        0.39992687618488404
      ],
      "positionTHREEJS": {
        "x": [
          0
        ],
        "y": [
          0
        ],
        "z": [
          0
        ]
      },
      "rotationDegrees": {
        "x": [
          -28.15134841706584,
          -35.789531929540104,
          4.539126260455269,
          -19.29590953888009,
          17.890555565955474,
          -38.03088756186612,
          29.076290569376454,
          -5.813509452076687,
          -37.1791314020485,
          -10.93616457535942,
          30.553954973694616,
          6.180801944724884,
          -35.09926247120765,
          43.18788042631503,
          -9.655829494403484,
          -5.923168778995716,
          6.720427817011952,
          -17.02619889050072,
          -21.02755206584822,
          -33.46496067857884,
          42.58863288348715,
          -20.71503425413774,
          -6.8204113456511095,
          -17.694004751511063,
          8.684202052740048,
          11.740966874296952,
          9.938757046189146,
          -41.86190417044155,
          25.289669226766875,
          36.17475276855822,
          17.80765619628162,
          40.143671951922244,
          -3.327804430517311,
          -3.633892250466033,
          -37.75781594971474,
          -42.22030527196675,
          -18.30102441044898,
          -17.63641292326357,
          -14.123562653081002,
          -22.51626949702569,
          22.735140844682462,
          32.28185008413921,
          -42.56964242629666,
          31.746999991543888,
          30.49735016724003,
          -18.052106511902945,
          -5.095631450423454,
          -23.781055503637404,
          -32.14799356814734,
          -44.547612478242335
        ],
        "y": [
          78.12566997634033,
          13.926239505169576,
          25.802177301080093,
          -82.65950809012368,
          -0.0513311281491724,
          -74.94247245000082,
          72.6874773412386,
          -2.365420979802181,
          -72.00600219607726,
          -5.634972919766014,
          7.482742182574029,
          -63.10130051537874,
          -65.13759067185492,
          -71.13169912414726,
          64.79697871341583,
          -84.0380740779121,
          -27.93025395086088,
          -66.83005322528032,
          -23.554754802462625,
          -59.47727796385209,
          52.80014288245994,
          -74.98074832288934,
          -32.61642043373443,
          57.44475676775164,
          56.828841144771246,
          -27.023156909817196,
          -33.38120831548097,
          68.29606298837876,
          60.91855026359153,
          70.38152299748134,
          59.99355774992512,
          43.00224535717686,
          4.770375228903589,
          50.21456447648575,
          7.900540983695294,
          66.4220948869671,
          -61.746470247632644,
          43.849959377945765,
          41.47399061062387,
          -57.44559635483195,
          41.2407172016527,
          -27.78583806943152,
          17.707405760579817,
          20.666395961318386,
          -53.970373886293295,
          -81.14350056623357,
          22.852670157153142,
          35.02673258554947,
          -81.58709679975907,
          -8.062475003148592
        ],
        "z": [
          0,
          0,
          0,
          0,
          0,
          0,
          0,
          0,
          0,
          0,
          0,
          0,
          0,
          0,
          0,
          0,
          0,
          0,
          0,
          0,
          0,
          0,
          0,
          0,
          0,
          0,
          0,
          0,
          0,
          0,
          0,
          0,
          0,
          0,
          0,
          0,
          0,
          0,
          0,
          0,
          0,
          0,
          0,
          0,
          0,
          0,
          0,
          0,
          0,
          0
        ]
      },
      "material": {
        "type": "MeshPhysicalMaterial",
        "color": "#7F7F7F",
        "metalness": 0.25,
        "roughness": 0.65,
        "reflectivity": 0.5,
        "opacity": [
          1
        ],
        "transparent": false
      },
      "visible": [
        1
      ]
    }
  },
  "IMAGES": {
    "imagebag": "/mkturkfiles/scenebags/objectome3d/background_im_flipped/",
    "imageidx": [
      1177,
      1424,
      16,
      1177,
      188,
      463,
      1448,
      188,
      156,
      298,
      1424,
      463,
      427,
      1406,
      1406,
      16,
      1177,
      1448,
      427,
      156,
      156,
      1177,
      188,
      156,
      427,
      427,
      463,
      1177,
      463,
      298,
      1424,
      16,
      1424,
      1406,
      1406,
      188,
      156,
      1424,
      1448,
      188,
      1448,
      1448,
      1406,
      298,
      298,
      16,
      298,
      463,
      427,
      16
    ],
    "sizeTHREEJS": [
      1.61
    ]
  },
  "OBJECTFILTERS": {
    "blur": [
      ""
    ],