{
  "CAMERAS": {
    "camera00": {
      "type": "PerspectiveCamera",
      "fieldOfView": 45,
      "near": 0.1,
      "far": 2000,
      "position": {
        "x": [
          0
        ],
        "y": [
          0
        ],
        "z": [
          10
        ]
      },
      "targetInches": {
        "x": [
          0
        ],
        "y": [
          0
        ],
        "z": [
          0
        ]
      },
      "visible": [
        1
      ]
    }
  },
  "LIGHTS": {
    "light00": {
      "type": "DirectionalLight",
      "color": "0xffffff",
      "intensity": [
        5
      ],
      "position": {
        "x": [
          0
        ],
        "y": [
          1,
          1,
          1,
          1,
          1,
          1,
          1,
          1,
          1,
          1,
          1,
          1,
          1,
          1,
          1,
          1,
          1,
          1,
          1,
          1,
          1,
          1,
          1,
          1,
          1,
          1,
          1,
          1,
          1,
          1,
          1,
          1,
          1,
          1,
          1,
          1,
          1,
          1,
          1,
          1,
          1,
          1,
          1,
          1,
          1,
          1,
          1,
          1,
          1,
          1
        ],
        "z": [
          1
        ]
      },
      "visible": [
        1
      ]
    }
  },
  "OBJECTS": {
    "elias_neutral": {
      "meshpath": "/mkturkfiles/scenebags/objectome3d/face/Younah_fear_4.glb",
      "objectdoc": "HeadEliasApplefacepotatohead",
      "sizeTHREEJS": [
        0.5985253325835729,
        0.6183224866414753,
        0.481512517559937,
        0.499204909879279,
        0.5491083913578166,
        0.584850856180309,
        0.41923421790234167,
        0.6732918349943251,
        0.5773464924093639,
        0.6198328245603142,
        0.74308454766678,
        0.5801295873555614,
        0.5315163793645281,
        0.3932797431113081,
        0.561067472787437,
        0.6201793434664506,
        0.5593014015685782,
        0.5015751217968762,
        0.6403288275272531,
        0.41145020893539325,
        0.5710585995630183,
        0.6547483912478462,
        0.5159426656520916,
        0.5675934596688834,
        0.6057518675077052,
        0.5688175135080666,
        0.38924628326789124,
        0.3720071750463529,
        0.4476745911939015,
        0.726488773572783,
        0.4471911830875042,
        0.7320884592435783,
        0.5413206809777028,
        0.6407796926854648,
        0.39595963961149344,
        0.7543117287913974,
        0.4031969365391651,
        0.4773164348363502,
        0.5928890020226294,
        0.5188107706725974,
        0.6493592008616011,
        0.5871570190845065,
        0.6528477091130971,
        0.3784143728849909,
        0.5240180242196243,
        0.5372952941591458,
        0.6352383666057543,
        0.467242185471084,
        0.46733643519722473,
        0.46870881095871203
      ],
      "positionTHREEJS": {
        "x": [
          0
        ],
        "y": [
          0
        ],
        "z": [
          0
        ]
      },
      "rotationDegrees": {
        "x": [
          -40.58399779239896,
          -11.991916216286178,
          -25.703830947894122,
          -37.85172900590156,
          -6.2115154860888495,
          34.13216662115347,
          -15.250681217951904,
          11.87663402911609,
          1.6719924966301392,
          43.35897582877705,
          22.140447393143248,
          -19.35044084443881,
          21.612266817277344,
          -30.80905697650679,
          42.877373672090584,
          -8.921544408619184,
          4.13063011702755,
          -26.491912665852478,
          14.445383074434162,
          24.91779971270664,
          16.036038194408576,
          10.66305541337605,
          1.8798599053830571,
          -13.792389425645638,
          -24.58129558960136,
          13.179792763907237,
          41.1026026979803,
          34.07891070947578,
          -36.176527503911636,
          12.661552307861797,
          30.740342438894345,
          38.011997540774274,
          10.09255360310248,
          12.51758539512877,
          -9.5830537138065,
          11.434710199092954,
          -2.402859386890981,
          23.621985505232345,
          17.662288308538542,
          37.89287444347313,
          37.44391439331159,
          40.51403834951205,
          17.787910490206002,
          20.969454601997512,
          14.52871921094512,
          38.84560984392324,
          24.090689068602614,
          39.67653716822865,
          18.501868429751482,
          -27.86277508000787
        ],
        "y": [
          -19.247008603767014,
          -65.88567072804997,
          51.97690468393421,
          -28.364084023234398,
          26.910123506430054,
          85.68342007453128,
          -12.657328170533034,
          -82.61243062570394,
          23.359795696799637,
          8.111083927520895,
          -45.55886391072202,
          -17.65009259360498,
          77.11513466238094,
          85.76594639618298,
          63.2917483926872,
          51.53801526457028,
          -81.22347067447299,
          25.88730582665562,
          71.33190259347413,
          -31.90302100804064,
          83.92804781051083,
          -55.41944661454242,
          -39.37610989640896,
          -27.81507898506348,
          -20.57849296189164,
          -71.60956487154931,
          42.322676374396735,
          -22.712063062203313,
          49.06410545569787,
          26.34429153663403,
          20.930599836869035,
          23.9537157784807,
          -84.54091607228283,
          -54.095094861390436,
          -38.82410414803223,
          63.39514721301188,
          -41.930952450852516,
          -50.00415118919617,
          19.326149613919867,
          -3.6023381773934915,
          -33.359366929942226,
          -6.016865355466223,
          -62.52122009310274,
          -23.234792002713363,
          78.72326985260008,
          -66.55738028336401,
          -10.260333820151985,
          -22.52260364915179,
          36.95730795724951,
          69.25661873408572
        ],
        "z": [
          0,
          0,
          0,
          0,
          0,
          0,
          0,
          0,
          0,
          0,
          0,
          0,
          0,
          0,
          0,
          0,
          0,
          0,
          0,
          0,
          0,
          0,
          0,
          0,
          0,
          0,
          0,
          0,
          0,
          0,
          0,
          0,
          0,
          0,
          0,
          0,
          0,
          0,
          0,
          0,
          0,
          0,
          0,
          0,
          0,
          0,
          0,
          0,
          0,
          0
        ]
      },
      "material": {
        "type": "MeshPhysicalMaterial",
        "color": "#7F7F7F",
        "metalness": 0.25,
        "roughness": 0.65,
        "reflectivity": 0.5,
        "opacity": [
          1
        ],
        "transparent": false
      },
      "visible": [
        1
      ]
    }
  },
  "IMAGES": {
    "imagebag": "/mkturkfiles/scenebags/objectome3d/background_im_flipped/",
    "imageidx": [
      1406,
      1424,
      188,
      1177,
      1424,
      16,
      1448,
      16,
      156,
      463,
      1406,
      156,
      1406,
      298,
      1448,
      1177,
      1177,
      463,
      427,
      1448,
      1424,
      1406,
      188,
      1406,
      1424,
      1177,
      463,
      16,
      463,
      188,
      16,
      427,
      188,
      298,
      156,
      298,
      188,
      298,
      427,
      1424,
      463,
      298,
      427,
      1177,
      156,
      1448,
      156,
      1448,
      427,
      16
    ],
    "sizeTHREEJS": [
      1.61
    ]
  },
  "OBJECTFILTERS": {
    "blur": [
      ""
    ],