{
  "CAMERAS": {
    "camera00": {
      "type": "PerspectiveCamera",
      "fieldOfView": 45,
      "near": 0.1,
      "far": 2000,
      "position": {
        "x": [
          0
        ],
        "y": [
          0
        ],
        "z": [
          10
        ]
      },
      "targetInches": {
        "x": [
          0
        ],
        "y": [
          0
        ],
        "z": [
          0
        ]
      },
      "visible": [
        1
      ]
    }
  },
  "LIGHTS": {
    "light00": {
      "type": "DirectionalLight",
      "color": "0xffffff",
      "intensity": [
        5
      ],
      "position": {
        "x": [
          0
        ],
        "y": [
          1,
          1,
          1,
          1,
          1,
          1,
          1,
          1,
          1,
          1,
          1,
          1,
          1,
          1,
          1,
          1,
          1,
          1,
          1,
          1,
          1,
          1,
          1,
          1,
          1,
          1,
          1,
          1,
          1,
          1,
          1,
          1,
          1,
          1,
          1,
          1,
          1,
          1,
          1,
          1,
          1,
          1,
          1,
          1,
          1,
          1,
          1,
          1,
          1,
          1
        ],
        "z": [
          1
        ]
      },
      "visible": [
        1
      ]
    }
  },
  "OBJECTS": {
    "elias_neutral": {
      "meshpath": "/mkturkfiles/scenebags/objectome3d/face/Dan_neutral.glb",
      "objectdoc": "HeadEliasApplefacepotatohead",
      "sizeTHREEJS": [
        0.5314752440022279,
        0.6644931057243744,
        0.5059773409401852,
        0.6295321598123388,
        0.5152968103311614,
        0.489906649807092,
        0.7556888175929031,
        0.4473788855523186,
        0.6324118849041449,
        0.6783655154843296,
        0.5273614252295945,
        0.6709652124244321,
        0.7537343825971271,
        0.5949121125417778,
        0.5883114740957455,
        0.595202350522836,
        0.510270372772049,
        0.47137033469642886,
        0.5054567617231625,
        0.7320921135976968,
        0.5653124349163653,
        0.38798051990744753,
        0.4460611030221656,
        0.4690602010349442,
        0.45539899990705224,
        0.3959593044319898,
        0.5374206374058641,
        0.6971186205149063,
        0.48147136638403504,
        0.6613677970975169,
        0.6444041324713988,
        0.6341926595432774,
        0.4049852165808518,
        0.7580862810708024,
        0.5914361136220064,
        0.37255922426972804,
        0.5772794804789851,
        0.5098397658624374,
        0.4424330202000879,
        0.7195226074979548,
        0.37825682309792574,
        0.749367888003655,
        0.699271094864893,
        0.5367915556405164,
        0.6193665625294552,
        0.45495503013055894,
        0.43846732202180655,
        0.4193736523709592,
        0.6333732805262687,
        0.6217801477550335
      ],
      "positionTHREEJS": {
        "x": [
          0
        ],
        "y": [
          0
        ],
        "z": [
          0
        ]
      },
      "rotationDegrees": {
        "x": [
          18.991621426032935,
          25.550923843997495,
          -25.229598431616964,
          -4.048016606220855,
          -19.55133358643285,
          27.88214059156094,
          18.454799622183273,
          -20.31621788440142,
          15.72667353029604,
          -8.383232580247551,
          18.11705319005207,
          -17.927269747085056,
          -7.503568307528077,
          -1.0795928283147234,
          -15.178255248885343,
          34.162060888768295,
          -33.832566698668856,
          -1.8285886288966324,
          20.53930652270172,
          38.3899425176956,
          -11.878649492108096,
          -18.750544072565322,
          -6.020432168202916,
          -10.662538835770306,
          37.98676208734324,
          -1.3747400658210722,
          -24.914141820407945,
          23.266680060271185,
          13.055824960151519,
          33.67527380278632,
          -25.155079034048992,
          -4.140433336086687,
          -4.917801359890603,
          11.19590921122051,
          -10.201423955422278,
          -8.577536345819993,
          37.24816750013622,
          -28.50750773698541,
          39.66880802206458,
          -39.70539083757346,
          38.436992831296806,
          28.333237286697468,
          7.762618380619799,
          16.578438539604207,
          26.58499600163836,
          39.32017134533359,
          -22.928502307971744,
          39.85851739923103,
          37.08089230120824,
          -2.251418256307879
        ],
        "y": [
          29.83969574856627,
          35.11700139330169,
          68.877756908196,
          69.20274678265773,
          12.780693195783073,
          58.53565264234396,
          -26.112060234168773,
          54.9662577570148,
          76.24006767820893,
          -30.645092673446158,
          12.384253692727341,
          -80.58520335213926,
          12.917886137902684,
          -43.426969081747366,
          -55.91913376203376,
          44.24794482922485,
          -60.437238194872336,
          -73.4219564491361,
          77.57611578801709,
          85.97675602694918,
          -62.20010231212752,
          18.613124468722305,
          22.640729150283875,
          -8.737227475298894,
          49.970847696735404,
          -7.514167979523663,
          85.46205084373696,
          -9.377011807296114,
          -81.32707041970238,
          60.49692318844734,
          3.218302145783852,
          69.34034103807099,
          -57.71339155156774,
          25.17710226136235,
          -55.34655498676422,
          69.10894810319638,
          -17.591305151374385,
          -43.01022409285714,
          86.29004000223719,
          1.7293490943221599,
          19.785179834193755,
          59.63530353501858,
          28.112359129085263,
          60.47168172337928,
          24.043450731607308,
          9.050371214926756,
          -77.06372177809797,
          -62.11208367469043,
          -34.858959226596596,
          31.300053595463666
        ],
        "z": [
          0,
          0,
          0,
          0,
          0,
          0,
          0,
          0,
          0,
          0,
          0,
          0,
          0,
          0,
          0,
          0,
          0,
          0,
          0,
          0,
          0,
          0,
          0,
          0,
          0,
          0,
          0,
          0,
          0,
          0,
          0,
          0,
          0,
          0,
          0,
          0,
          0,
          0,
          0,
          0,
          0,
          0,
          0,
          0,
          0,
          0,
          0,
          0,
          0,
          0
        ]
      },
      "material": {
        "type": "MeshPhysicalMaterial",
        "color": "#7F7F7F",
        "metalness": 0.25,
        "roughness": 0.65,
        "reflectivity": 0.5,
        "opacity": [
          1
        ],
        "transparent": false
      },
      "visible": [
        1
      ]
    }
  },
  "IMAGES": {
    "imagebag": "/mkturkfiles/scenebags/objectome3d/background_im_flipped/",
    "imageidx": [
      1448,
      156,
      298,
      188,
      463,
      1448,
      16,
      1177,
      156,
      1424,
      298,
      1406,
      156,
      427,
      1448,
      16,
      188,
      16,
      463,
      427,
      298,
      16,
      1406,
      463,
      1424,
      188,
      1406,
      298,
      156,
      1406,
      188,
      1424,
      298,
      1424,
      463,
      463,
      1448,
      427,
      1406,
      188,
      427,
      1177,
      1177,
      16,
      156,
      1177,
      427,
      1177,
      1424,
      1448
    ],
    "sizeTHREEJS": [
      1.61
    ]
  },
  "OBJECTFILTERS": {
    "blur": [
      ""
    ],