{
  "CAMERAS": {
    "camera00": {
      "type": "PerspectiveCamera",
      "fieldOfView": 45,
      "near": 0.1,
      "far": 2000,
      "position": {
        "x": [
          0
        ],
        "y": [
          0
        ],
        "z": [
          10
        ]
      },
      "targetInches": {
        "x": [
          0
        ],
        "y": [
          0
        ],
        "z": [
          0
        ]
      },
      "visible": [
        1
      ]
    }
  },
  "LIGHTS": {
    "light00": {
      "type": "DirectionalLight",
      "color": "0xffffff",
      "intensity": [
        5
      ],
      "position": {
        "x": [
          0
        ],
        "y": [
          1,
          1,
          1,
          1,
          1,
          1,
          1,
          1,
          1,
          1,
          1,
          1,
          1,
          1,
          1,
          1,
          1,
          1,
          1,
          1,
          1,
          1,
          1,
          1,
          1,
          1,
          1,
          1,
          1,
          1,
          1,
          1,
          1,
          1,
          1,
          1,
          1,
          1,
          1,
          1,
          1,
          1,
          1,
          1,
          1,
          1,
          1,
          1,
          1,
          1
        ],
        "z": [
          1
        ]
      },
      "visible": [
        1
      ]
    }
  },
  "OBJECTS": {
    "elias_neutral": {
      "meshpath": "/mkturkfiles/scenebags/objectome3d/face/Sophie_fear_4.glb",
      "objectdoc": "HeadEliasApplefacepotatohead",
      "sizeTHREEJS": [
        0.43603680737492334,
        0.43712323855915447,
        0.38909125844234344,
        0.434517380818053,
        0.494175125300965,
        0.7083541015268466,
        0.4067063343511145,
        0.4050252727408508,
        0.40092598731764656,
        0.4009219885521469,
        0.42409008276744353,
        0.7466121381539694,
        0.6561016581461283,
        0.4883586428842754,
        0.7016988747238188,
        0.6357151460662382,
        0.7325336461093509,
        0.44671076008318444,
        0.6024241788128366,
        0.7289536525348654,
        0.4353713469411918,
        0.4561005355978889,
        0.39879140868485885,
        0.7340257712248319,
        0.4004596233893191,
        0.4382912297152121,
        0.6009331849704627,
        0.7303757201580521,
        0.7425692806861955,
        0.6845805735893233,
        0.38304879232121813,
        0.584887884246124,
        0.758974861166704,
        0.389977206102025,
        0.5767709287048848,
        0.6375185815870137,
        0.6135337371135535,
        0.3715702467545916,
        0.531853855767335,
        0.6818359286756238,
        0.4044874337560132,
        0.7079814504072091,
        0.4737200496438603,
        0.6485215826108125,
        0.6702265729604131,
        0.6513255869812786,
        0.6779020820094194,
        0.6174892771214364,
        0.5255513919535839,
        0.6871155744848596
      ],
      "positionTHREEJS": {
        "x": [
          0
        ],
        "y": [
          0
        ],
        "z": [
          0
        ]
      },
      "rotationDegrees": {
        "x": [
          -6.6430040552097935,
          25.4313166419946,
          22.099179219514625,
          41.23143906171644,
          0.5622177195067692,
          38.16368705489435,
          24.726526483905857,
          -5.406168821906256,
          -24.280724081790137,
          -38.75582863451092,
          26.34655031804894,
          -10.188124162255157,
          3.4368110477069607,
          35.4711480711202,
          32.79895234771064,
          44.93132611352668,
          7.465836624587844,
          35.10909183203768,
          -0.17261743568320753,
          16.599225482963902,
          27.355182411969764,
          -28.78877084936981,
          -13.818556566371747,
          18.610235189629044,
          -35.30195205079697,
          -21.63121714000082,
          20.52285587504987,
          40.07609039696969,
          20.005320850100617,
          -42.19798562945062,
          17.523775115734317,
          -14.091377375570858,
          8.349640510397464,
          29.353286080411365,
          -1.9388961518766834,
          -43.32311143328671,
          31.72230261581322,
          -29.245857737515028,
          -37.33592980109796,
          5.931743018692671,
          6.920829625397623,
          1.6028896302646558,
          -22.766340554266613,
          -42.84012641118292,
          19.426607858561013,
          23.77842565398028,
          -14.807247001514934,
          25.41108800979707,
          -25.17113207102209,
          27.40617319863638
        ],
        "y": [
          42.14130714431235,
          -53.10004952125696,
          -60.389654860309335,
          26.71613108285753,
          45.71292870645786,
          -62.51332801658819,
          23.419559516853013,
          72.0935049681903,
          14.054134357221074,
          41.620972054275285,
          -67.41850507598772,
          59.70577754625515,
          -61.8609903706723,
          5.018596706493412,
          -86.34043274783062,
          6.203433011598648,
          -65.3784811731623,
          -42.52677013268578,
          25.840475460215217,
          73.7556019187235,
          -87.86440016434366,
          21.24786109468336,
          -33.718675637928456,
          18.519589549286167,
          80.20002661023901,
          13.312985653922581,
          -76.406903959876,
          -76.62391862693116,
          48.26002977175324,
          28.421442883536443,
          28.035124900562238,
          -29.033894742409238,
          68.24674466563474,
          37.64478366410607,
          71.95698154429604,
          8.843366147168126,
          -14.961143267131433,
          41.26023878783877,
          57.808138390258335,
          53.09925491259426,
          66.45620418412196,
          -39.61779473744752,
          0.42552449967270434,
          -27.86062243617974,
          -54.05522440238025,
          -12.196832555651028,
          -87.28940149273654,
          80.25412397050431,
          -82.3981394474058,
          56.62040393924602
        ],
        "z": [
          0,
          0,
          0,
          0,
          0,
          0,
          0,
          0,
          0,
          0,
          0,
          0,
          0,
          0,
          0,
          0,
          0,
          0,
          0,
          0,
          0,
          0,
          0,
          0,
          0,
          0,
          0,
          0,
          0,
          0,
          0,
          0,
          0,
          0,
          0,
          0,
          0,
          0,
          0,
          0,
          0,
          0,
          0,
          0,
          0,
          0,
          0,
          0,
          0,
          0
        ]
      },
      "material": {
        "type": "MeshPhysicalMaterial",
        "color": "#7F7F7F",
        "metalness": 0.25,
        "roughness": 0.65,
        "reflectivity": 0.5,
        "opacity": [
          1
        ],
        "transparent": false
      },
      "visible": [
        1
      ]
    }
  },
  "IMAGES": {
    "imagebag": "/mkturkfiles/scenebags/objectome3d/background_im_flipped/",
    "imageidx": [
      188,
      1177,
      1177,
      298,
      156,
      156,
      1448,
      1424,
      1424,
      1406,
      188,
      427,
      1406,
      298,
      298,
      463,
      16,
      463,
      1448,
      427,
      1406,
      1424,
      1406,
      427,
      463,
      156,
      1448,
      1406,
      156,
      1424,
      156,
      188,
      188,
      1424,
      188,
      1177,
      1448,
      427,
      16,
      1177,
      16,
      463,
      16,
      298,
      1177,
      427,
      1448,
      298,
      16,
      463
    ],
    "sizeTHREEJS": [
      1.61
    ]
  },
  "OBJECTFILTERS": {
    "blur": [
      ""
    ],