{
  "CAMERAS": {
    "camera00": {
      "type": "PerspectiveCamera",
      "fieldOfView": 45,
      "near": 0.1,
      "far": 2000,
      "position": {
        "x": [
          0
        ],
        "y": [
          0
        ],
        "z": [
          10
        ]
      },
      "targetInches": {
        "x": [
          0
        ],
        "y": [
          0
        ],
        "z": [
          0
        ]
      },
      "visible": [
        1
      ]
    }
  },
  "LIGHTS": {
    "light00": {
      "type": "DirectionalLight",
      "color": "0xffffff",
      "intensity": [
        5
      ],
      "position": {
        "x": [
          0
        ],
        "y": [
          1,
          1,
          1,
          1,
          1,
          1,
          1,
          1,
          1,
          1,
          1,
          1,
          1,
          1,
          1,
          1,
          1,
          1,
          1,
          1,
          1,
          1,
          1,
          1,
          1,
          1,
          1,
          1,
          1,
          1,
          1,
          1,
          1,
          1,
          1,
          1,
          1,
          1,
          1,
          1,
          1,
          1,
          1,
          1,
          1,
          1,
          1,
          1,
          1,
          1
        ],
        "z": [
          1
        ]
      },
      "visible": [
        1
      ]
    }
  },
  "OBJECTS": {
    "elias_neutral": {
      "meshpath": "/mkturkfiles/scenebags/objectome3d/face/Younah_sadness_4.glb",
      "objectdoc": "HeadEliasApplefacepotatohead",
      "sizeTHREEJS": [
        0.37008729477490043,
        0.5691936120635135,
        0.37324269733359466,
        0.5079469223421614,
        0.673961956516113,
        0.5398497634733622,
        0.6861209910519812,
        0.6682548244075911,
        0.7233458886032539,
        0.6671499476815199,
        0.38110662811843005,
        0.5773885727293611,
        0.5757505650268249,
        0.5318233449936345,
        0.5383678684279828,
        0.5342865275410863,
        0.4918813960740134,
        0.511583282391388,
        0.4740136209424826,
        0.6996842147467569,
        0.40460194280240147,
        0.7065606036037491,
        0.6189965568057207,
        0.4848302454274835,
        0.7371132381069532,
        0.7368148664548618,
        0.47789700934456175,
        0.3748783091598215,
        0.5867325990406093,
        0.6223374983736905,
        0.7178911847234386,
        0.6189342122590372,
        0.4784779513020835,
        0.40713557227814606,
        0.4799338387489802,
        0.7402837221219148,
        0.6123236187269021,
        0.6970577633174406,
        0.5534195259687669,
        0.7401472141706397,
        0.6213955465248973,
        0.43294720056811714,
        0.5223184060299059,
        0.6041783172774149,
        0.5128028202140712,
        0.7233143953142109,
        0.7015332084216157,
        0.4320526669452475,
        0.587518418599748,
        0.4152081942846683
      ],
      "positionTHREEJS": {
        "x": [
          0
        ],
        "y": [
          0
        ],
        "z": [
          0
        ]
      },
      "rotationDegrees": {
        "x": [
          3.032012712464848,
          1.4743714411576576,
          -13.639663347298985,
          3.443815372518806,
          -2.6638274897294068,
          17.13556147043642,
          -23.66518909585573,
          43.856702979309546,
          28.877300910407456,
          -21.489012066369046,
          25.261394473229984,
          22.672655609441406,
          -8.760782470974128,
          10.189928904539059,
          -44.66518227946198,
          -0.6459735176756425,
          25.861974423579085,
          25.274547476340302,
          -22.50405473872211,
          4.274461083362745,
          25.739204926078884,
          18.372846595279192,
          -9.447825371655284,
          -13.087915434892565,
          -41.982143690930336,
          17.922409185434,
          39.571939790230545,
          5.836347043672632,
          -31.654950976780633,
          -24.94800357591127,
          31.984854522314137,
          6.778248389435198,
          27.080412438454843,
          16.72455869603325,
          -39.01720554001957,
          -37.416084509297335,
          8.422031279965623,
          14.715399917410913,
          20.53008475301253,
          -42.32003357964662,
          -37.66253092565214,
          22.375708401949936,
          -41.91852455090845,
          -33.3448674188902,
          -29.821968954581322,
          1.5361350718671716,
          -10.832388918664982,
          6.6419723445299255,
          28.74972553376385,
          3.4817725396677517
        ],
        "y": [
          6.21424775578987,
          21.15404125249927,
          -46.51204893779205,
          51.30950091979014,
          39.45977532461285,
          27.674523396716097,
          48.83282942766789,
          88.24299747648067,
          17.129896293931097,
          -29.392512143218802,
          -72.84516863183396,
          -72.1524244238972,
          -11.949219657421281,
          -63.08283513573234,
          80.51224578297325,
          80.10261064741661,
          -5.229422116344367,
          -82.3250739115961,
          76.16432725010952,
          14.761276473729154,
          -73.47132257249072,
          -82.6858937648989,
          32.86842503697163,
          -9.074963759432535,
          -52.680816369140224,
          -34.592203077526634,
          -27.13919987144341,
          -18.866120653079648,
          -16.14044960948479,
          -14.077337598739021,
          85.96730572494116,
          71.23901329716949,
          -30.94679626264837,
          38.80595534751387,
          87.83277414283867,
          46.65722212478434,
          -39.88276756915542,
          -2.1927275122054937,
          -78.84390244700815,
          42.83878111397712,
          -68.77390390424884,
          70.61197618952389,
          -20.091865542001898,
          -7.912501521684831,
          55.008148585486055,
          -65.52293479022534,
          79.90183703477305,
          -73.15874323143815,
          87.12026724999129,
          66.86299459140585
        ],
        "z": [
          0,
          0,
          0,
          0,
          0,
          0,
          0,
          0,
          0,
          0,
          0,
          0,
          0,
          0,
          0,
          0,
          0,
          0,
          0,
          0,
          0,
          0,
          0,
          0,
          0,
          0,
          0,
          0,
          0,
          0,
          0,
          0,
          0,
          0,
          0,
          0,
          0,
          0,
          0,
          0,
          0,
          0,
          0,
          0,
          0,
          0,
          0,
          0,
          0,
          0
        ]
      },
      "material": {
        "type": "MeshPhysicalMaterial",
        "color": "#7F7F7F",
        "metalness": 0.25,
        "roughness": 0.65,
        "reflectivity": 0.5,
        "opacity": [
          1
        ],
        "transparent": false
      },
      "visible": [
        1
      ]
    }
  },
  "IMAGES": {
    "imagebag": "/mkturkfiles/scenebags/objectome3d/background_im_flipped/",
    "imageidx": [
      298,
      188,
      156,
      16,
      1448,
      156,
      427,
      188,
      427,
      463,
      427,
      156,
      298,
      1177,
      1424,
      16,
      1406,
      1448,
      298,
      1448,
      1424,
      463,
      188,
      463,
      1406,
      463,
      1424,
      298,
      156,
      463,
      1177,
      298,
      1424,
      1177,
      156,
      1406,
      1448,
      1406,
      1448,
      16,
      188,
      427,
      1177,
      1406,
      427,
      16,
      1177,
      16,
      1424,
      188
    ],
    "sizeTHREEJS": [
      1.61
    ]
  },
  "OBJECTFILTERS": {
    "blur": [
      ""
    ],