{
  "CAMERAS": {
    "camera00": {
      "type": "PerspectiveCamera",
      "fieldOfView": 45,
      "near": 0.1,
      "far": 2000,
      "position": {
        "x": [
          0
        ],
        "y": [
          0
        ],
        "z": [
          10
        ]
      },
      "targetInches": {
        "x": [
          0
        ],
        "y": [
          0
        ],
        "z": [
          0
        ]
      },
      "visible": [
        1
      ]
    }
  },
  "LIGHTS": {
    "light00": {
      "type": "DirectionalLight",
      "color": "0xffffff",
      "intensity": [
        5
      ],
      "position": {
        "x": [
          0
        ],
        "y": [
          1,
          1,
          1,
          1,
          1,
          1,
          1,
          1,
          1,
          1,
          1,
          1,
          1,
          1,
          1,
          1,
          1,
          1,
          1,
          1,
          1,
          1,
          1,
          1,
          1,
          1,
          1,
          1,
          1,
          1,
          1,
          1,
          1,
          1,
          1,
          1,
          1,
          1,
          1,
          1,
          1,
          1,
          1,
          1,
          1,
          1,
          1,
          1,
          1,
          1
        ],
        "z": [
          1
        ]
      },
      "visible": [
        1
      ]
    }
  },
  "OBJECTS": {
    "elias_neutral": {
      "meshpath": "/mkturkfiles/scenebags/objectome3d/face/Elias_neutral.glb",
      "objectdoc": "HeadEliasApplefacepotatohead",
      "sizeTHREEJS": [
        0.5174761978821104,
        0.6593626945373001,
        0.6290559377671234,
        0.47688009901911543,
        0.410552112058841,
        0.38714953380069705,
        0.3860754021047088,
        0.4723303239357207,
        0.5973142473995104,
        0.7188092090735401,
        0.6430757601263377,
        0.46102454087458405,
        0.4837642585102748,
        0.4968928240087646,
        0.5420265787619692,
        0.6089317539560244,
        0.4232868895628957,
        0.633060228245834,
        0.760310901076453,
        0.5926801006068151,
        0.7443417051252746,
        0.7373020310667715,
        0.5550667073900732,
        0.7591884126298841,
        0.6069785576724278,
        0.5856676636133148,
        0.4627875923022509,
        0.413946972273708,
        0.7412751893931804,
        0.5109424051386561,
        0.7002451836058028,
        0.5169118610842793,
        0.6480046627402165,
        0.7266209889126538,
        0.6637235886786923,
        0.4760406833734807,
        0.7566118597209128,
        0.5761378866438843,
        0.6006880194788125,
        0.3898523437771048,
        0.44242694450464093,
        0.4541081091444259,
        0.3712523467342992,
        0.5083390392411562,
        0.5893377405682552,
        0.5542317252602009,
        0.7169776896679247,
        0.7443123791238903,
        0.4186275676030202,
        0.6651784189521858
      ],
      "positionTHREEJS": {
        "x": [
          0
        ],
        "y": [
          0
        ],
        "z": [
          0
        ]
      },
      "rotationDegrees": {
        "x": [
          -29.164350835598597,
          34.21167500909081,
          -39.48190221646378,
          -7.134345874835205,
          -3.1535295600392814,
          5.234438279168607,
          19.710159851567568,
          -30.933240316233263,
          44.999474103343005,
          18.03886350481057,
          43.29043583691778,
          4.8488054836724075,
          -16.70855680453879,
          -36.75114937840673,
          -40.79979861462026,
          44.36329028108982,
          -23.457400238387518,
          38.1881330901996,
          -38.70046952915657,
          -21.285583954868184,
          40.35685558402385,
          -10.750736687993111,
          -39.39479175023108,
          40.59589871022865,
          -15.833471088390773,
          6.398823200248465,
          -17.087907771493555,
          -31.968420305577848,
          16.61454733370011,
          5.516091830945676,
          -43.52900734295069,
          -43.38699986631576,
          8.62497046187547,
          -16.613829703989367,
          40.606044502727684,
          -26.1208210375911,
          5.48625032528529,
          -25.270090069331886,
          13.059848433548318,
          10.444622337540068,
          29.430909261593754,
          -26.84725193741434,
          -3.503644460178087,
          -4.985171999756119,
          -43.548347119314656,
          -20.63940226590953,
          31.479150771050357,
          5.751304877359551,
          -20.4658029361705,
          26.482949304793067
        ],
        "y": [
          75.47652025433712,
          43.805315438157265,
          -59.909624882551434,
          -27.86511945805023,
          -56.60933635927918,
          11.8227182275877,
          -2.44051425681549,
          68.35014546393566,
          -25.611720299406002,
          61.82267672708147,
          -21.373218814460728,
          -3.7008015373937724,
          44.52005256900193,
          -76.71144626554589,
          -40.168503152183256,
          85.81659969061232,
          43.246487767562996,
          79.965069130345,
          -73.77021160360307,
          45.23422742485508,
          61.92591524373407,
          15.692881512957854,
          -16.633431903011044,
          -80.52617347047746,
          29.318938241424036,
          -72.00532925214063,
          -72.3056431332829,
          48.691146607214165,
          -28.864014575494956,
          79.70930686455603,
          -13.045611629772282,
          18.910291682528467,
          21.900959054932173,
          -40.63400813302163,
          67.0370891970887,
          8.187250209421464,
          -20.993866841178274,
          50.78007291706649,
          -46.16770956623806,
          21.680460337753814,
          -41.27934818955849,
          -3.21205126188282,
          -61.84820367558438,
          -17.98481443741376,
          46.218433905237816,
          -1.5238952465485767,
          -36.89968545386749,
          -27.048506222864162,
          61.95916205835164,
          80.42595351472801
        ],
        "z": [
          0,
          0,
          0,
          0,
          0,
          0,
          0,
          0,
          0,
          0,
          0,
          0,
          0,
          0,
          0,
          0,
          0,
          0,
          0,
          0,
          0,
          0,
          0,
          0,
          0,
          0,
          0,
          0,
          0,
          0,
          0,
          0,
          0,
          0,
          0,
          0,
          0,
          0,
          0,
          0,
          0,
          0,
          0,
          0,
          0,
          0,
          0,
          0,
          0,
          0
        ]
      },
      "material": {
        "type": "MeshPhysicalMaterial",
        "color": "#7F7F7F",
        "metalness": 0.25,
        "roughness": 0.65,
        "reflectivity": 0.5,
        "opacity": [
          1
        ],
        "transparent": false
      },
      "visible": [
        1
      ]
    }
  },
  "IMAGES": {
    "imagebag": "/mkturkfiles/scenebags/objectome3d/background_im_flipped/",
    "imageidx": [
      16,
      1406,
      188,
      1448,
      1424,
      188,
      1406,
      1177,
      1424,
      1177,
      1424,
      1406,
      156,
      1424,
      298,
      16,
      298,
      427,
      188,
      1177,
      156,
      463,
      1448,
      188,
      1177,
      1406,
      427,
      188,
      1406,
      427,
      463,
      1448,
      1448,
      298,
      16,
      156,
      1448,
      463,
      1177,
      427,
      463,
      298,
      298,
      16,
      156,
      463,
      427,
      156,
      16,
      1424
    ],
    "sizeTHREEJS": [
      1.61
    ]
  },
  "OBJECTFILTERS": {
    "blur": [
      ""
    ],