{
  "CAMERAS": {
    "camera00": {
      "type": "PerspectiveCamera",
      "fieldOfView": 45,
      "near": 0.1,
      "far": 2000,
      "position": {
        "x": [
          0
        ],
        "y": [
          0
        ],
        "z": [
          10
        ]
      },
      "targetInches": {
        "x": [
          0
        ],
        "y": [
          0
        ],
        "z": [
          0
        ]
      },
      "visible": [
        1
      ]
    }
  },
  "LIGHTS": {
    "light00": {
      "type": "DirectionalLight",
      "color": "0xffffff",
      "intensity": [
        5
      ],
      "position": {
        "x": [
          0
        ],
        "y": [
          1,
          1,
          1,
          1,
          1,
          1,
          1,
          1,
          1,
          1,
          1,
          1,
          1,
          1,
          1,
          1,
          1,
          1,
          1,
          1,
          1,
          1,
          1,
          1,
          1,
          1,
          1,
          1,
          1,
          1,
          1,
          1,
          1,
          1,
          1,
          1,
          1,
          1,
          1,
          1,
          1,
          1,
          1,
          1,
          1,
          1,
          1,
          1,
          1,
          1
        ],
        "z": [
          1
        ]
      },
      "visible": [
        1
      ]
    }
  },
  "OBJECTS": {
    "elias_neutral": {
      "meshpath": "/mkturkfiles/scenebags/objectome3d/face/Seojin_happiness_4.glb",
      "objectdoc": "HeadEliasApplefacepotatohead",
      "sizeTHREEJS": [
        0.4862661162913503,
        0.495587847676083,
        0.38388729838138747,
        0.3712642309613498,
        0.5365200854852947,
        0.37594068802128544,
        0.6323880513035574,
        0.7215137727997525,
        0.6307663999285518,
        0.473445979683085,
        0.7388298935842748,
        0.4740348701322279,
        0.5063606255716422,
        0.7130755348569919,
        0.729092213399835,
        0.6470013408399803,
        0.46342657990439373,
        0.7444611089513986,
        0.5233333594616651,
        0.3823946535579731,
        0.5738170694887291,
        0.7396103159085978,
        0.5770355630061204,
        0.5759169743503729,
        0.7233868896100433,
        0.5339605281304665,
        0.5660178863741563,
        0.48155951003539244,
        0.6950021816006389,
        0.48174787921026807,
        0.6421699556421507,
        0.7161747075016759,
        0.42662519558570516,
        0.7339406870485312,
        0.6303076333491802,
        0.44184778972124306,
        0.6982905370684371,
        0.42853836402832973,
        0.45168749576965395,
        0.6381291444163574,
        0.5808939376165445,
        0.6601120006853463,
        0.7120415733521528,
        0.4021619270900774,
        0.7067353280816182,
        0.6074490474815184,
        0.6086711972605281,
        0.5602612769980481,
        0.5936797651041005,
        0.46640817550803476
      ],
      "positionTHREEJS": {
        "x": [
          0
        ],
        "y": [
          0
        ],
        "z": [
          0
        ]
      },
      "rotationDegrees": {
        "x": [
          -22.886596495147508,
          36.312954037655246,
          -2.5598412195885274,
          8.007610693392174,
          -25.599648869902207,
          -13.225732497369957,
          21.139040355612323,
          33.28088050588238,
          17.850441657682218,
          -44.94349474814432,
          16.33693128410298,
          29.83995868913577,
          -7.071624011639621,
          -21.536273593239684,
          25.36728900529596,
          41.430480887618856,
          34.37596784615823,
          36.78469720090192,
          -29.478027139576405,
          43.24473531701713,
          -2.643711150265375,
          -14.240880381008179,
          -44.8244678214769,
          -18.388835211752667,
          -12.270993575061006,
          10.20665180593489,
          11.791645799283458,
          -39.90027109070236,
          -5.351775666976522,
          -35.38295111150229,
          28.349083530314516,
          -1.219594101777993,
          6.269211281899217,
          -42.321486824904234,
          23.96053039332645,
          27.88564159234724,
          -3.91618871461511,
          7.344715278957196,
          21.93706453420289,
          38.147549624736385,
          -6.807841599023192,
          44.42867462550707,
          31.9215073103788,
          37.9424885112402,
          14.985603125157965,
          -32.194618087638275,
          -15.12679310698509,
          -5.926817260609049,
          -18.85045213096056,
          -8.641471088298232
        ],
        "y": [
          -68.04424615079056,
          -86.5030493221401,
          46.34016935630103,
          81.04436716104001,
          3.707466107219105,
          -10.157178856159064,
          41.90771268732527,
          11.498849431466297,
          83.83566211699554,
          -0.5058188300348689,
          -80.58044030444196,
          76.26525458263842,
          72.25912180032213,
          87.32981564880052,
          -61.714565963573776,
          -5.795240993682,
          72.60233177837466,
          -18.215762387507127,
          33.76609364281954,
          82.19424590358588,
          -89.89142999459146,
          -72.91742699867825,
          88.48416634392822,
          -27.650324437003746,
          -16.15041732847469,
          -80.1636043652415,
          60.54023573622928,
          -29.150467006457085,
          -39.778061958720436,
          14.863129169141672,
          -53.42327016820569,
          16.442696007506214,
          -69.09234917910655,
          -48.96948008804478,
          -45.41312502615104,
          58.755702445509996,
          6.887409196021878,
          42.14662519715645,
          -17.795608124986202,
          -83.53158120906446,
          -71.64173541715918,
          83.13388311965585,
          -56.44714562412355,
          34.374471202789096,
          -40.411254211912095,
          6.603298094632564,
          21.615835937617106,
          -30.70186406212146,
          40.305212359016366,
          -68.8782616600223
        ],
        "z": [
          0,
          0,
          0,
          0,
          0,
          0,
          0,
          0,
          0,
          0,
          0,
          0,
          0,
          0,
          0,
          0,
          0,
          0,
          0,
          0,
          0,
          0,
          0,
          0,
          0,
          0,
          0,
          0,
          0,
          0,
          0,
          0,
          0,
          0,
          0,
          0,
          0,
          0,
          0,
          0,
          0,
          0,
          0,
          0,
          0,
          0,
          0,
          0,
          0,
          0
        ]
      },
      "material": {
        "type": "MeshPhysicalMaterial",
        "color": "#7F7F7F",
        "metalness": 0.25,
        "roughness": 0.65,
        "reflectivity": 0.5,
        "opacity": [
          1
        ],
        "transparent": false
      },
      "visible": [
        1
      ]
    }
  },
  "IMAGES": {
    "imagebag": "/mkturkfiles/scenebags/objectome3d/background_im_flipped/",
    "imageidx": [
      463,
      298,
      1448,
      1424,
      463,
      463,
      463,
      427,
      1406,
      16,
      16,
      1177,
      298,
      298,
      1448,
      1177,
      156,
      1448,
      1406,
      1406,
      16,
      1406,
      1424,
      156,
      188,
      1424,
      188,
      188,
      1424,
      427,
      1448,
      1177,
      463,
      1424,
      1177,
      156,
      16,
      188,
      156,
      1448,
      156,
      1177,
      188,
      427,
      1406,
      298,
      298,
      427,
      16,
      427
    ],
    "sizeTHREEJS": [
      1.61
    ]
  },
  "OBJECTFILTERS": {
    "blur": [
      ""
    ],