{
  "CAMERAS": {
    "camera00": {
      "type": "PerspectiveCamera",
      "fieldOfView": 45,
      "near": 0.1,
      "far": 2000,
      "position": {
        "x": [
          0
        ],
        "y": [
          0
        ],
        "z": [
          10
        ]
      },
      "targetInches": {
        "x": [
          0
        ],
        "y": [
          0
        ],
        "z": [
          0
        ]
      },
      "visible": [
        1
      ]
    }
  },
  "LIGHTS": {
    "light00": {
      "type": "DirectionalLight",
      "color": "0xffffff",
      "intensity": [
        5
      ],
      "position": {
        "x": [
          0
        ],
        "y": [
          1,
          1,
          1,
          1,
          1,
          1,
          1,
          1,
          1,
          1,
          1,
          1,
          1,
          1,
          1,
          1,
          1,
          1,
          1,
          1,
          1,
          1,
          1,
          1,
          1,
          1,
          1,
          1,
          1,
          1,
          1,
          1,
          1,
          1,
          1,
          1,
          1,
          1,
          1,
          1,
          1,
          1,
          1,
          1,
          1,
          1,
          1,
          1,
          1,
          1
        ],
        "z": [
          1
        ]
      },
      "visible": [
        1
      ]
    }
  },
  "OBJECTS": {
    "elias_neutral": {
      "meshpath": "/mkturkfiles/scenebags/objectome3d/face/Kedar_fear_4.glb",
      "objectdoc": "HeadEliasApplefacepotatohead",
      "sizeTHREEJS": [
        0.5467214513736638,
        0.6951478453178155,
        0.37777161674287857,
        0.42453277891827457,
        0.639579692483503,
        0.6595593074489501,
        0.5240245047484782,
        0.49877953336115255,
        0.45782124949490166,
        0.5275241896646841,
        0.4984715801392804,
        0.5274563680525481,
        0.6505698155018294,
        0.6620234691855063,
        0.6873163020781545,
        0.7124386889231609,
        0.7644122885649633,
        0.44289902905015643,
        0.6670616851952005,
        0.7145535615791039,
        0.44516261997404877,
        0.7523002756989765,
        0.7433257256556456,
        0.5616194340342999,
        0.6180824377972989,
        0.6492279721160467,
        0.4625754409985041,
        0.5564697519382745,
        0.43005470942680835,
        0.5682062314899077,
        0.4034066111610474,
        0.6292191996188161,
        0.5648758296173411,
        0.37082175602337164,
        0.5452077894513114,
        0.658158326461523,
        0.38676532034679795,
        0.7320938797987853,
        0.5163273148205735,
        0.6309757665096045,
        0.539707867762889,
        0.4933955644335875,
        0.39015587845464883,
        0.6911423491052906,
        0.382001811465375,
        0.6937259740170985,
        0.6598757679331637,
        0.5171607666373219,
        0.39428151191369865,
        0.6364408735818138
      ],
      "positionTHREEJS": {
        "x": [
          0
        ],
        "y": [
          0
        ],
        "z": [
          0
        ]
      },
      "rotationDegrees": {
        "x": [
          -22.198704888870694,
          42.224504504906164,
          3.552478388115013,
          12.493808810076082,
          38.85103792442065,
          -0.9849257094617698,
          16.816794063608043,
          41.85500358498692,
          13.587341394883822,
          -39.246793168787555,
          -35.38088558576965,
          -4.321059187592645,
          40.8825743737881,
          20.516260440348333,
          1.9332885514779719,
          35.99813654578723,
          -10.271990471145543,
          -21.567265751417317,
          -16.554973480926623,
          28.514583463140497,
          -37.089013247306106,
          -36.40203931250433,
          34.63127958900904,
          -30.952451804493283,
          32.30234195930835,
          4.344215085777137,
          -42.63954244029424,
          -16.6844203219267,
          29.37142590099151,
          13.100867519865552,
          -33.59214546457061,
          -2.136504185746979,
          24.01221600692523,
          -31.73344318052917,
          -44.28292730990794,
          -6.431060791052914,
          29.563786061423244,
          -26.52892597828301,
          -10.705192837981407,
          7.622309471925448,
          -29.585250694955008,
          -31.043191198397338,
          38.4318588004335,
          -7.90125602539554,
          -2.4626665247307216,
          -37.40331177926748,
          -4.520873475629799,
          -13.746510434806009,
          14.170557492284779,
          -34.586336330309145
        ],
        "y": [
          6.4269908532318425,
          -48.01432568628914,
          51.53756765855988,
          64.27489520806168,
          67.81189428072705,
          -71.2142233148906,
          -20.029452200155546,
          -4.43134434552131,
          -45.32742832348672,
          71.03304397139402,
          80.19480722467102,
          3.820261521563424,
          -15.49947960733381,
          54.57284075994653,
          31.646573804281857,
          -72.96805146295125,
          -2.367926465006448,
          -30.747307479549136,
          83.14347060595702,
          31.30264438071424,
          -15.796473027638271,
          -41.6398310984285,
          -85.54633402295853,
          -6.052066805502363,
          23.238636884137193,
          -50.42034878425619,
          8.214100388532302,
          83.84148533836327,
          50.52790643967151,
          -82.97151828429752,
          2.4992632359371783,
          -38.34143700154114,
          -60.941332406559376,
          -4.264092364269473,
          22.14446746725133,
          -70.1762654500756,
          45.70018060098877,
          59.39490676869997,
          34.16267657773672,
          0.3862083054078198,
          71.97594230686235,
          77.24165102706198,
          58.8839734586505,
          37.26013574456218,
          89.5354263063582,
          34.40037076386842,
          70.42581995398606,
          8.869735264135741,
          -37.24290848622866,
          23.40404786973447
        ],
        "z": [
          0,
          0,
          0,
          0,
          0,
          0,
          0,
          0,
          0,
          0,
          0,
          0,
          0,
          0,
          0,
          0,
          0,
          0,
          0,
          0,
          0,
          0,
          0,
          0,
          0,
          0,
          0,
          0,
          0,
          0,
          0,
          0,
          0,
          0,
          0,
          0,
          0,
          0,
          0,
          0,
          0,
          0,
          0,
          0,
          0,
          0,
          0,
          0,
          0,
          0
        ]
      },
      "material": {
        "type": "MeshPhysicalMaterial",
        "color": "#7F7F7F",
        "metalness": 0.25,
        "roughness": 0.65,
        "reflectivity": 0.5,
        "opacity": [
          1
        ],
        "transparent": false
      },
      "visible": [
        1
      ]
    }
  },
  "IMAGES": {
    "imagebag": "/mkturkfiles/scenebags/objectome3d/background_im_flipped/",
    "imageidx": [
      463,
      16,
      188,
      16,
      1177,
      16,
      1424,
      156,
      298,
      1177,
      1177,
      463,
      298,
      1177,
      156,
      156,
      1424,
      1424,
      427,
      1424,
      463,
      1448,
      1448,
      156,
      463,
      1406,
      298,
      1424,
      463,
      188,
      16,
      298,
      1406,
      427,
      1177,
      156,
      188,
      1406,
      188,
      1448,
      1406,
      427,
      298,
      1448,
      427,
      1448,
      1406,
      16,
      427,
      188
    ],
    "sizeTHREEJS": [
      1.61
    ]
  },
  "OBJECTFILTERS": {
    "blur": [
      ""
    ],