{
  "CAMERAS": {
    "camera00": {
      "type": "PerspectiveCamera",
      "fieldOfView": 45,
      "near": 0.1,
      "far": 2000,
      "position": {
        "x": [
          0
        ],
        "y": [
          0
        ],
        "z": [
          10
        ]
      },
      "targetInches": {
        "x": [
          0
        ],
        "y": [
          0
        ],
        "z": [
          0
        ]
      },
      "visible": [
        1
      ]
    }
  },
  "LIGHTS": {
    "light00": {
      "type": "DirectionalLight",
      "color": "0xffffff",
      "intensity": [
        5
      ],
      "position": {
        "x": [
          0
        ],
        "y": [
          1,
          1,
          1,
          1,
          1,
          1,
          1,
          1,
          1,
          1,
          1,
          1,
          1,
          1,
          1,
          1,
          1,
          1,
          1,
          1,
          1,
          1,
          1,
          1,
          1,
          1,
          1,
          1,
          1,
          1,
          1,
          1,
          1,
          1,
          1,
          1,
          1,
          1,
          1,
          1,
          1,
          1,
          1,
          1,
          1,
          1,
          1,
          1,
          1,
          1
        ],
        "z": [
          1
        ]
      },
      "visible": [
        1
      ]
    }
  },
  "OBJECTS": {
    "elias_neutral": {
      "meshpath": "/mkturkfiles/scenebags/objectome3d/face/Seojin_neutral.glb",
      "objectdoc": "HeadEliasApplefacepotatohead",
      "sizeTHREEJS": [
        0.7093835805362281,
        0.6999219044201377,
        0.37394296969431534,
        0.5543506060734944,
        0.46588172058660154,
        0.45365804141188515,
        0.4240923223465705,
        0.6547183866186721,
        0.44309982456594793,
        0.6194175175420421,
        0.5796304259066353,
        0.4003327121389548,
        0.607376011039479,
        0.6342801711616283,
        0.5153951587427344,
        0.5148887405246807,
        0.5059577868776832,
        0.3841853694916072,
        0.4603577192460793,
        0.7556503197500906,
        0.6243986265413038,
        0.6634133254806026,
        0.4269385887964007,
        0.697292287268977,
        0.6940555300331919,
        0.3780207932119101,
        0.7017462169539073,
        0.5533762894850672,
        0.5645157429173161,
        0.5685153677052157,
        0.671514588407119,
        0.4899794378958442,
        0.6444982994401922,
        0.557811551549336,
        0.47174170479594185,
        0.7114286049707615,
        0.38146678851970445,
        0.5969578835011162,
        0.3964492705859383,
        0.6087597341868577,
        0.5002979978798743,
        0.6044972991337583,
        0.4366526861420087,
        0.37782565244976374,
        0.5736016218423398,
        0.5784957408294719,
        0.6737844998617827,
        0.7453543556084308,
        0.644269998231874,
        0.7531563381207924
      ],
      "positionTHREEJS": {
        "x": [
          0
        ],
        "y": [
          0
        ],
        "z": [
          0
        ]
      },
      "rotationDegrees": {
        "x": [
          -25.437852619929586,
          24.066664337524614,
          -17.75350090795403,
          -2.6264261283923602,
          -21.520285588698833,
          2.652344287339396,
          -9.992616638712114,
          -17.49917284558351,
          37.35209842812695,
          -37.10250693259729,
          -18.64790515465348,
          29.78001912893835,
          -13.778401993420538,
          -26.646536786658075,
          3.7842416717359413,
          -2.722296901664997,
          -19.85015918453497,
          -23.920390208956547,
          -40.93102002303634,
          -34.03126441053164,
          -39.31112071573377,
          -20.824047878865745,
          -28.691621293530424,
          6.9423657662978115,
          -21.857677998438927,
          2.4469227536238662,
          -28.15575186660935,
          36.703390577322736,
          14.881032465480352,
          -23.870266570314673,
          -5.591620980505745,
          7.707597246016427,
          25.741993848995605,
          3.5314682573409044,
          -5.70376434272751,
          -20.354827160226574,
          -24.41584903766479,
          -13.346108624517882,
          3.6178092980627383,
          -10.30003745092884,
          12.52324593816396,
          -11.63489059567327,
          26.943778315884856,
          -15.493859308466511,
          4.885737139877413,
          32.3268617150748,
          -13.983030238561934,
          -14.888846483702814,
          13.26256283823065,
          2.4054232527679815
        ],
        "y": [
          40.95180345845981,
          -38.684480654030445,
          63.20893596651263,
          6.428219998440227,
          -46.84484411595075,
          -26.147388376011563,
          0.8293704717461026,
          85.55682134187711,
          76.01953425425435,
          13.716514635276198,
          16.934792361623707,
          -32.58947264788292,
          59.32020530123981,
          -54.38652091900131,
          0.8149479191428384,
          16.35073772864044,
          -1.2692374956420167,
          73.1303097996798,
          -5.1009397322100085,
          2.8632584383074686,
          -17.453282810084758,
          27.514956968890743,
          -83.73763579099484,
          12.93063703120528,
          -21.067751474730812,
          65.32659029179709,
          -61.34235895620724,
          -50.07912749815861,
          -50.867173415590194,
          -57.713532907157195,
          62.89475897178551,
          71.94400670823458,
          45.42836333149515,
          34.29369540145697,
          -54.40180230545537,
          38.45618897339702,
          -72.88802354546893,
          11.74648156755157,
          30.6172765026335,
          45.18293020762505,
          -68.44259922607029,
          -74.88085820477866,
          14.0753603976071,
          64.35211803808184,
          13.538584844251488,
          36.84330021222566,
          23.478402047253,
          -77.05023293040192,
          -2.689233971421089,
          3.6993286036291835
        ],
        "z": [
          0,
          0,
          0,
          0,
          0,
          0,
          0,
          0,
          0,
          0,
          0,
          0,
          0,
          0,
          0,
          0,
          0,
          0,
          0,
          0,
          0,
          0,
          0,
          0,
          0,
          0,
          0,
          0,
          0,
          0,
          0,
          0,
          0,
          0,
          0,
          0,
          0,
          0,
          0,
          0,
          0,
          0,
          0,
          0,
          0,
          0,
          0,
          0,
          0,
          0
        ]
      },
      "material": {
        "type": "MeshPhysicalMaterial",
        "color": "#7F7F7F",
        "metalness": 0.25,
        "roughness": 0.65,
        "reflectivity": 0.5,
        "opacity": [
          1
        ],
        "transparent": false
      },
      "visible": [
        1
      ]
    }
  },
  "IMAGES": {
    "imagebag": "/mkturkfiles/scenebags/objectome3d/background_im_flipped/",
    "imageidx": [
      427,
      463,
      298,
      463,
      1177,
      1406,
      1448,
      1424,
      1177,
      156,
      298,
      188,
      188,
      1448,
      298,
      1424,
      463,
      1448,
      427,
      16,
      16,
      188,
      427,
      1406,
      1406,
      1448,
      1177,
      463,
      1406,
      1406,
      156,
      298,
      1424,
      156,
      1177,
      188,
      16,
      156,
      1424,
      298,
      1448,
      427,
      188,
      427,
      1177,
      1424,
      463,
      156,
      16,
      16
    ],
    "sizeTHREEJS": [
      1.61
    ]
  },
  "OBJECTFILTERS": {
    "blur": [
      ""
    ],