{
  "CAMERAS": {
    "camera00": {
      "type": "PerspectiveCamera",
      "fieldOfView": 45,
      "near": 0.1,
      "far": 2000,
      "position": {
        "x": [
          0
        ],
        "y": [
          0
        ],
        "z": [
          10
        ]
      },
      "targetInches": {
        "x": [
          0
        ],
        "y": [
          0
        ],
        "z": [
          0
        ]
      },
      "visible": [
        1
      ]
    }
  },
  "LIGHTS": {
    "light00": {
      "type": "DirectionalLight",
      "color": "0xffffff",
      "intensity": [
        5
      ],
      "position": {
        "x": [
          0
        ],
        "y": [
          1,
          1,
          1,
          1,
          1,
          1,
          1,
          1,
          1,
          1,
          1,
          1,
          1,
          1,
          1,
          1,
          1,
          1,
          1,
          1,
          1,
          1,
          1,
          1,
          1,
          1,
          1,
          1,
          1,
          1,
          1,
          1,
          1,
          1,
          1,
          1,
          1,
          1,
          1,
          1,
          1,
          1,
          1,
          1,
          1,
          1,
          1,
          1,
          1,
          1
        ],
        "z": [
          1
        ]
      },
      "visible": [
        1
      ]
    }
  },
  "OBJECTS": {
    "elias_neutral": {
      "meshpath": "/mkturkfiles/scenebags/objectome3d/face/Dan_sadness_4.glb",
      "objectdoc": "HeadEliasApplefacepotatohead",
      "sizeTHREEJS": [
        0.4592486004467121,
        0.4702740400539545,
        0.4348200509904838,
        0.5566061018787163,
        0.5004238146218368,
        0.5939012221504427,
        0.5874713659018376,
        0.5427133369357299,
        0.5909313028066949,
        0.7056025005175773,
        0.3730115533270155,
        0.6027359694586627,
        0.5961735579297219,
        0.5828737230002445,
        0.7154601940400442,
        0.4507611643949773,
        0.6035146464450586,
        0.5475835797812207,
        0.5360289515807944,
        0.6410121719118888,
        0.6755828258790897,
        0.47038809551842864,
        0.7560778162037265,
        0.6808477497230625,
        0.6425776561999585,
        0.6264869715689303,
        0.645786407434773,
        0.6430544896545316,
        0.6804008425241648,
        0.38369688555187564,
        0.5058999649448186,
        0.5408335340991113,
        0.724954564485129,
        0.6884942591529999,
        0.6743629357885477,
        0.676586577693655,
        0.7300882240872015,
        0.39190856875284474,
        0.5504323520598795,
        0.7545641422070721,
        0.5965653543187249,
        0.6621218969339628,
        0.7096160401330527,
        0.7628953487177675,
        0.7225460663287921,
        0.49294603770741696,
        0.6737112296090293,
        0.6158038625982505,
        0.5512157467088676,
        0.5301116082243184
      ],
      "positionTHREEJS": {
        "x": [
          0
        ],
        "y": [
          0
        ],
        "z": [
          0
        ]
      },
      "rotationDegrees": {
        "x": [
          40.57131195935061,
          23.37265188780394,
          9.881762958190542,
          -10.108081723195355,
          -44.43427508993629,
          16.099439354671546,
          18.105209036921806,
          -23.13997391050843,
          -38.11040353268402,
          -28.434703771587333,
          12.439154053974072,
          -1.2046503576996415,
          17.686073363868346,
          -43.94583313146456,
          -35.982059827842086,
          35.884273888066886,
          -25.32707385907529,
          21.814843086246924,
          -18.768058208647833,
          30.744201403170322,
          -40.208467279102024,
          17.999782056553137,
          32.09759152929759,
          -33.699180051551664,
          18.260375630486465,
          -34.70917950635043,
          -15.592701127904522,
          -1.8317250177953923,
          -9.729825349651748,
          -13.057293838252129,
          2.401994202172048,
          -9.922218448608092,
          13.664195540125469,
          -18.4020355477193,
          -11.932332101944368,
          17.119168927301637,
          1.6953030384004677,
          8.667690325650057,
          42.20621544094328,
          -19.994984705931383,
          -10.45225766044426,
          -24.905577549302272,
          30.374770311421045,
          -34.928254705974595,
          -8.725738674416192,
          25.612105196116715,
          -42.352357656498924,
          38.49329585907098,
          -27.59884085750173,
          14.468696334550891
        ],
        "y": [
          63.599405372224226,
          -78.18655602263172,
          -76.45851059029906,
          39.65029306850283,
          -61.10853861717293,
          59.48808314814505,
          -88.3717119425458,
          -48.98292841909407,
          10.484991415862083,
          -87.12080737423966,
          -30.652022712822273,
          72.84207166404249,
          75.46832208906338,
          62.53778338885718,
          40.44332092994691,
          16.29831639096618,
          -63.21309449420148,
          8.149980149025225,
          -26.979076335563896,
          -34.84541436154289,
          -45.730264076148714,
          -37.62814246906263,
          -28.543249114251665,
          -36.938942862277536,
          -39.47122451781293,
          77.57013665546344,
          -10.09793003653752,
          70.06657346451067,
          40.49548419113114,
          -29.68276289302578,
          85.09581278568356,
          -41.13713152027194,
          59.9996033476171,
          -17.245393875703314,
          -84.1691094590839,
          -80.61637636739911,
          2.9710747190513445,
          -55.52857956528279,
          -40.38921304332968,
          -20.997466711378223,
          -40.86643017849696,
          15.469217220132563,
          -74.70827128045018,
          -2.4127814300944266,
          -86.81017760720859,
          79.1447807885059,
          -80.25353808925006,
          -78.34589559525554,
          -73.98586280555529,
          -83.1171731448217
        ],
        "z": [
          0,
          0,
          0,
          0,
          0,
          0,
          0,
          0,
          0,
          0,
          0,
          0,
          0,
          0,
          0,
          0,
          0,
          0,
          0,
          0,
          0,
          0,
          0,
          0,
          0,
          0,
          0,
          0,
          0,
          0,
          0,
          0,
          0,
          0,
          0,
          0,
          0,
          0,
          0,
          0,
          0,
          0,
          0,
          0,
          0,
          0,
          0,
          0,
          0,
          0
        ]
      },
      "material": {
        "type": "MeshPhysicalMaterial",
        "color": "#7F7F7F",
        "metalness": 0.25,
        "roughness": 0.65,
        "reflectivity": 0.5,
        "opacity": [
          1
        ],
        "transparent": false
      },
      "visible": [
        1
      ]
    }
  },
  "IMAGES": {
    "imagebag": "/mkturkfiles/scenebags/objectome3d/background_im_flipped/",
    "imageidx": [
      1424,
      298,
      156,
      1406,
      156,
      16,
      1424,
      1406,
      1424,
      188,
      427,
      1424,
      1448,
      1177,
      188,
      1448,
      1406,
      1177,
      463,
      298,
      16,
      16,
      156,
      1406,
      427,
      1177,
      463,
      427,
      1424,
      463,
      298,
      427,
      156,
      427,
      188,
      1448,
      188,
      1406,
      1177,
      298,
      298,
      16,
      156,
      463,
      16,
      1448,
      463,
      188,
      1177,
      1448
    ],
    "sizeTHREEJS": [
      1.61
    ]
  },