{
  "CAMERAS": {
    "camera00": {
      "type": "PerspectiveCamera",
      "fieldOfView": 45,
      "near": 0.1,
      "far": 2000,
      "position": {
        "x": [
          0
        ],
        "y": [
          0
        ],
        "z": [
          10
        ]
      },
      "targetInches": {
        "x": [
          0
        ],
        "y": [
          0
        ],
        "z": [
          0
        ]
      },
      "visible": [
        1
      ]
    }
  },
  "LIGHTS": {
    "light00": {
      "type": "DirectionalLight",
      "color": "0xffffff",
      "intensity": [
        5
      ],
      "position": {
        "x": [
          0
        ],
        "y": [
          1,
          1,
          1,
          1,
          1,
          1,
          1,
          1,
          1,
          1,
          1,
          1,
          1,
          1,
          1,
          1,
          1,
          1,
          1,
          1,
          1,
          1,
          1,
          1,
          1,
          1,
          1,
          1,
          1,
          1,
          1,
          1,
          1,
          1,
          1,
          1,
          1,
          1,
          1,
          1,
          1,
          1,
          1,
          1,
          1,
          1,
          1,
          1,
          1,
          1
        ],
        "z": [
          1
        ]
      },
      "visible": [
        1
      ]
    }
  },
  "OBJECTS": {
    "elias_neutral": {
      "meshpath": "/mkturkfiles/scenebags/objectome3d/face/Ashley_disgust_4.glb",
      "objectdoc": "HeadEliasApplefacepotatohead",
      "sizeTHREEJS": [
        0.6247586119029874,
        0.7616279881353958,
        0.4979789902584423,
        0.6826664281404158,
        0.4553386040538349,
        0.763194335950748,
        0.7458504061745947,
        0.744867958918966,
        0.5874376875993459,
        0.5596066247132508,
        0.6722135355920229,
        0.5646741029947522,
        0.6163076611019872,
        0.6640050434483067,
        0.5977999848679503,
        0.43458056905477394,
        0.7055211784520087,
        0.7547983040134023,
        0.49210349255922925,
        0.5392967708379552,
        0.7026880869280787,
        0.5141513907200734,
        0.473069078005097,
        0.599351132034885,
        0.49156331564466854,
        0.4693133167731469,
        0.7403271115627432,
        0.5070546572704969,
        0.46690665079099597,
        0.5688485782076736,
        0.4061652679267118,
        0.5773941052688204,
        0.531000927901218,
        0.5113394459113774,
        0.5959967314235657,
        0.498451029619536,
        0.711900568863685,
        0.7638521373306961,
        0.7345990955092301,
        0.5172427742878207,
        0.7368624826619488,
        0.6414088684497188,
        0.705211166682014,
        0.40083835924682915,
        0.7367034869390631,
        0.5801014240415338,
        0.6794037971988578,
        0.6080624229246429,
        0.4453230483164239,
        0.7518383025444232
      ],
      "positionTHREEJS": {
        "x": [
          0
        ],
        "y": [
          0
        ],
        "z": [
          0
        ]
      },
      "rotationDegrees": {
        "x": [
          24.66737954651468,
          -11.692111567244268,
          37.865678071104895,
          36.97177026059555,
          22.580585381589515,
          37.46401595520622,
          -33.53512311526851,
          21.117317989551196,
          28.19333687593341,
          -38.60275991229833,
          18.426472318632584,
          44.965855943412336,
          -30.338429479993586,
          -2.6009360346880683,
          9.292883454745123,
          -16.826240239412943,
          43.37372073307513,
          -10.952786147889093,
          5.988905896361437,
          28.137180476380692,
          33.796065612870606,
          43.241600214068356,
          -23.508761482789133,
          38.595239207957874,
          -26.733684667915647,
          36.703482874746285,
          -11.583797948242967,
          25.786243080399586,
          -19.531644276738074,
          -42.952734182805756,
          18.45238769099327,
          27.063511358576065,
          -13.4249784749958,
          -44.91345107670231,
          16.07415189388061,
          27.951189519870383,
          38.62472371231553,
          -42.61830523114825,
          12.27984128990451,
          1.216409797208179,
          -30.69248663266162,
          26.39267708764615,
          -44.08491548507947,
          19.836652247740346,
          -32.9937778543823,
          22.632027300518132,
          4.57937555894739,
          20.639914057213844,
          -38.17889193226301,
          -6.126949652096492
        ],
        "y": [
          -34.04601045434351,
          5.59691400711624,
          -79.61510556569871,
          -71.88207108577858,
          -77.41238075259538,
          49.71274875194777,
          -88.6046051262065,
          62.16998342280411,
          16.14158660288342,
          -62.614770544882184,
          38.167999298998154,
          -22.120515594792664,
          -12.660167103876447,
          -32.32312700645706,
          64.98058547016726,
          31.037674967357432,
          -51.46408744299922,
          82.94532911877815,
          -35.922378861870314,
          81.99646525351088,
          84.73130741610132,
          -46.15439653880046,
          -11.222152157108454,
          75.43167398691023,
          -16.36029326435326,
          -45.575149927101705,
          58.17802885785139,
          18.31694580085086,
          31.593749738118063,
          74.4204920052459,
          40.68693170961163,
          -33.077296843638834,
          1.8011976861138663,
          -41.350346711809934,
          -4.656830685927616,
          -89.18282995711817,
          26.707453498899355,
          61.56041869287168,
          18.446573255866852,
          69.71759247293926,
          32.1051945873525,
          -52.942515713793,
          -88.00645077783003,
          12.194212375974189,
          -23.23288625577591,
          89.79898095875546,
          -21.30683243483054,
          -38.29124231756781,
          63.662650875764086,
          -73.12494600043601
        ],
        "z": [
          0,
          0,
          0,
          0,
          0,
          0,
          0,
          0,
          0,
          0,
          0,
          0,
          0,
          0,
          0,
          0,
          0,
          0,
          0,
          0,
          0,
          0,
          0,
          0,
          0,
          0,
          0,
          0,
          0,
          0,
          0,
          0,
          0,
          0,
          0,
          0,
          0,
          0,
          0,
          0,
          0,
          0,
          0,
          0,
          0,
          0,
          0,
          0,
          0,
          0
        ]
      },
      "material": {
        "type": "MeshPhysicalMaterial",
        "color": "#7F7F7F",
        "metalness": 0.25,
        "roughness": 0.65,
        "reflectivity": 0.5,
        "opacity": [
          1
        ],
        "transparent": false
      },
      "visible": [
        1
      ]
    }
  },
  "IMAGES": {
    "imagebag": "/mkturkfiles/scenebags/objectome3d/background_im_flipped/",
    "imageidx": [
      1424,
      188,
      463,
      427,
      1424,
      16,
      16,
      1448,
      188,
      156,
      156,
      1424,
      1177,
      1448,
      1406,
      188,
      1406,
      427,
      427,
      1177,
      427,
      16,
      1177,
      463,
      16,
      463,
      298,
      1406,
      427,
      463,
      298,
      298,
      298,
      156,
      1177,
      1448,
      188,
      156,
      16,
      156,
      1448,
      1406,
      298,
      1406,
      1177,
      1448,
      188,
      1424,
      1424,
      463
    ],
    "sizeTHREEJS": [
      1.61
    ]
  },
  "OBJECTFILTERS": {
    "blur": [
      ""
    ],