{
  "CAMERAS": {
    "camera00": {
      "type": "PerspectiveCamera",
      "fieldOfView": 45,
      "near": 0.1,
      "far": 2000,
      "position": {
        "x": [
          0
        ],
        "y": [
          0
        ],
        "z": [
          10
        ]
      },
      "targetInches": {
        "x": [
          0
        ],
        "y": [
          0
        ],
        "z": [
          0
        ]
      },
      "visible": [
        1
      ]
    }
  },
  "LIGHTS": {
    "light00": {
      "type": "DirectionalLight",
      "color": "0xffffff",
      "intensity": [
        5
      ],
      "position": {
        "x": [
          0
        ],
        "y": [
          1,
          1,
          1,
          1,
          1,
          1,
          1,
          1,
          1,
          1,
          1,
          1,
          1,
          1,
          1,
          1,
          1,
          1,
          1,
          1,
          1,
          1,
          1,
          1,
          1,
          1,
          1,
          1,
          1,
          1,
          1,
          1,
          1,
          1,
          1,
          1,
          1,
          1,
          1,
          1,
          1,
          1,
          1,
          1,
          1,
          1,
          1,
          1,
          1,
          1
        ],
        "z": [
          1
        ]
      },
      "visible": [
        1
      ]
    }
  },
  "OBJECTS": {
    "elias_neutral": {
      "meshpath": "/mkturkfiles/scenebags/objectome3d/face/Seojin_disgust_4.glb",
      "objectdoc": "HeadEliasApplefacepotatohead",
      "sizeTHREEJS": [
        0.3728335710456391,
        0.45048617702174776,
        0.7516816120058079,
        0.40876388313027284,
        0.7038217098790875,
        0.6993677568268368,
        0.416747777252664,
        0.4531069312344367,
        0.42963013290646435,
        0.5003732604641085,
        0.6729221943417403,
        0.690210843698654,
        0.6060672600847885,
        0.7550472262318482,
        0.40474508551866983,
        0.6142328564147232,
        0.4274655186280085,
        0.3734657414823286,
        0.38915163766903144,
        0.6512804397646308,
        0.6185273456335928,
        0.5310401532659217,
        0.6827820013852993,
        0.7152521323500495,
        0.722226293570412,
        0.651467031645514,
        0.4501979541832447,
        0.5433888461216458,
        0.7337950852536304,
        0.6415749068024266,
        0.6776758918928731,
        0.6620207035229984,
        0.5971596439734275,
        0.7489389341544244,
        0.5206290099505773,
        0.46005627171778574,
        0.4354647428919703,
        0.5436742321781682,
        0.49913777652392066,
        0.5568737397680995,
        0.37804890519266793,
        0.4927516992537832,
        0.6254519920772397,
        0.5797477493847643,
        0.4466443971564485,
        0.5917993429025805,
        0.3808149858789586,
        0.5355637636903247,
        0.4938493121924101,
        0.6642249687854889
      ],
      "positionTHREEJS": {
        "x": [
          0
        ],
        "y": [
          0
        ],
        "z": [
          0
        ]
      },
      "rotationDegrees": {
        "x": [
          15.328020357542307,
          9.41120388467695,
          36.32334091324924,
          4.566870471323867,
          -11.187348819321606,
          -44.1977637005045,
          36.53582355202512,
          -33.25636839590237,
          42.67461042191532,
          5.7644609265063025,
          22.106070272129756,
          -28.082741431288802,
          13.747577514568,
          23.70875523912791,
          -39.85012193493782,
          -12.700367046763162,
          21.072236708898785,
          3.4165453136801816,
          -16.057447515361325,
          7.6578507783135805,
          17.84982425661766,
          42.70167357611635,
          -21.8637063866588,
          32.20148010618047,
          -42.72596590811484,
          43.73232145168889,
          -31.177933855393174,
          43.371615569404426,
          30.04591574431275,
          26.764273449439457,
          4.5904644740392655,
          -28.266511762169486,
          9.207719089438108,
          41.23739866545802,
          -8.02651299528948,
          -23.65101763762079,
          38.34527320805255,
          -6.186985206544676,
          35.96023776504374,
          35.4063301823318,
          -0.7882520892788278,
          24.139886809018734,
          43.237005541550715,
          37.623241810565546,
          -3.944693746718258,
          -38.14615502476212,
          6.7672996507361844,
          -40.09427411575537,
          -37.725799069520036,
          -36.077134798210764
        ],
        "y": [
          74.08339826363888,
          -23.938239583531995,
          8.10683642035039,
          -48.92235091869302,
          53.966214141165835,
          -0.9261930256732569,
          72.35124610888084,
          -34.89783824415383,
          34.905826077143786,
          -4.103523500925775,
          -40.71324493071007,
          10.287463732863799,
          -40.04294730160449,
          88.56755045160523,
          83.40014246215819,
          32.61264140985736,
          81.31876121690104,
          56.83929363562899,
          -50.81334018622748,
          -79.98418187500285,
          15.359358177830359,
          -29.0683629007628,
          -28.65589833269197,
          -55.667649274528976,
          23.79551689905685,
          -57.8910613043187,
          35.73467908064464,
          82.40845679752678,
          17.492883822736758,
          -15.898728269064563,
          -60.29799775855959,
          17.70706967904293,
          32.67603744198429,
          -75.25150709706638,
          -1.0519078078214932,
          -55.084509279404664,
          -75.1321248385417,
          82.00661801744695,
          -22.13459759067902,
          -24.071537326380536,
          -40.332273281636716,
          76.01166631389569,
          80.36788559018069,
          64.81063019334854,
          71.62355488355183,
          34.18429068366626,
          55.450043208819864,
          81.49907036259432,
          -10.57527763826073,
          20.868071189408795
        ],
        "z": [
          0,
          0,
          0,
          0,
          0,
          0,
          0,
          0,
          0,
          0,
          0,
          0,
          0,
          0,
          0,
          0,
          0,
          0,
          0,
          0,
          0,
          0,
          0,
          0,
          0,
          0,
          0,
          0,
          0,
          0,
          0,
          0,
          0,
          0,
          0,
          0,
          0,
          0,
          0,
          0,
          0,
          0,
          0,
          0,
          0,
          0,
          0,
          0,
          0,
          0
        ]
      },
      "material": {
        "type": "MeshPhysicalMaterial",
        "color": "#7F7F7F",
        "metalness": 0.25,
        "roughness": 0.65,
        "reflectivity": 0.5,
        "opacity": [
          1
        ],
        "transparent": false
      },
      "visible": [
        1
      ]
    }
  },
  "IMAGES": {
    "imagebag": "/mkturkfiles/scenebags/objectome3d/background_im_flipped/",
    "imageidx": [
      156,
      188,
      156,
      298,
      188,
      1448,
      156,
      188,
      16,
      463,
      188,
      156,
      463,
      16,
      1177,
      1177,
      427,
      16,
      1177,
      1448,
      188,
      427,
      16,
      298,
      156,
      1406,
      298,
      463,
      16,
      1177,
      1406,
      463,
      1406,
      1448,
      1406,
      427,
      298,
      1177,
      463,
      427,
      1448,
      427,
      1424,
      1424,
      1424,
      1406,
      1424,
      1448,
      1424,
      298
    ],
    "sizeTHREEJS": [
      1.61
    ]
  },
  "OBJECTFILTERS": {
    "blur": [
      ""
    ],