{
  "CAMERAS": {
    "camera00": {
      "type": "PerspectiveCamera",
      "fieldOfView": 45,
      "near": 0.1,
      "far": 2000,
      "position": {
        "x": [
          0
        ],
        "y": [
          0
        ],
        "z": [
          10
        ]
      },
      "targetInches": {
        "x": [
          0
        ],
        "y": [
          0
        ],
        "z": [
          0
        ]
      },
      "visible": [
        1
      ]
    }
  },
  "LIGHTS": {
    "light00": {
      "type": "DirectionalLight",
      "color": "0xffffff",
      "intensity": [
        5
      ],
      "position": {
        "x": [
          0
        ],
        "y": [
          1,
          1,
          1,
          1,
          1,
          1,
          1,
          1,
          1,
          1,
          1,
          1,
          1,
          1,
          1,
          1,
          1,
          1,
          1,
          1,
          1,
          1,
          1,
          1,
          1,
          1,
          1,
          1,
          1,
          1,
          1,
          1,
          1,
          1,
          1,
          1,
          1,
          1,
          1,
          1,
          1,
          1,
          1,
          1,
          1,
          1,
          1,
          1,
          1,
          1
        ],
        "z": [
          1
        ]
      },
      "visible": [
        1
      ]
    }
  },
  "OBJECTS": {
    "elias_neutral": {
      "meshpath": "/mkturkfiles/scenebags/objectome3d/face/Neptune_neutral.glb",
      "objectdoc": "HeadEliasApplefacepotatohead",
      "sizeTHREEJS": [
        0.7303676633711007,
        0.5604266815531372,
        0.7633063617011068,
        0.40805201621373544,
        0.5642387018384771,
        0.7392204786337242,
        0.503310948981809,
        0.6296485947850115,
        0.46436207128504453,
        0.6039968947748767,
        0.6946872786233454,
        0.7278464973669843,
        0.7350585542971648,
        0.7230106222869261,
        0.4425540260502674,
        0.7248446382674754,
        0.3881568928835553,
        0.6756937473554938,
        0.7227180136099229,
        0.5571145672846638,
        0.6975425230834386,
        0.4169723298326269,
        0.7086712631749739,
        0.5260304073651394,
        0.5783343673683342,
        0.693202175932107,
        0.42727980317765235,
        0.44995319905052805,
        0.39366955095122963,
        0.7196893050495686,
        0.5755114532262229,
        0.5897185628907673,
        0.760175994943315,
        0.7444669073992276,
        0.5620506292595043,
        0.40376567270049746,
        0.553003571454712,
        0.5699304781581138,
        0.7636874610948903,
        0.6714690038595676,
        0.42235547762701625,
        0.40345218678109585,
        0.6035778226451864,
        0.6040843371761913,
        0.5779235618277763,
        0.7636573664611911,
        0.443460976226538,
        0.6072299531705204,
        0.39515512062789576,
        0.6552851192420279
      ],
      "positionTHREEJS": {
        "x": [
          0
        ],
        "y": [
          0
        ],
        "z": [
          0
        ]
      },
      "rotationDegrees": {
        "x": [
          -22.902087847302298,
          13.1463124101261,
          -6.069324644622164,
          9.813055539988767,
          15.925762558175933,
          12.057076924318629,
          26.735151665957233,
          -23.92004184645441,
          39.92073869154905,
          33.26366068470371,
          8.934416489164732,
          -33.12741240031791,
          36.1463589510862,
          -22.81690044255544,
          43.408559544607925,
          16.714864647127094,
          26.43783961317601,
          -28.05063634260403,
          -29.157427952701124,
          -10.59866844308668,
          35.59047309434813,
          -6.120531524108451,
          24.162697645179705,
          -29.691726079021983,
          -23.54466967459584,
          -2.64466183521521,
          33.61633221898366,
          15.359027560189773,
          41.13002664301864,
          -5.322533642121904,
          7.131014368965282,
          20.305584627737787,
          13.164620974912957,
          -14.008766563204176,
          34.596244337390814,
          -37.474215343663346,
          -1.1067372449434174,
          16.268329529926923,
          -7.643366997805458,
          -20.79975699283969,
          5.949003872750808,
          -42.14212123084806,
          21.818131418321755,
          32.31815794717362,
          25.966942638793867,
          -9.430120580627609,
          -37.43407058585495,
          -26.971166938540385,
          35.48881863622704,
          -25.174779343004253
        ],
        "y": [
          -69.06700715735009,
          58.72096272748536,
          -33.499503336784464,
          -48.13780430202219,
          23.130561309385428,
          -83.62339301805832,
          79.21398530494406,
          4.940924942345305,
          53.80707025421671,
          -14.096295990618714,
          59.52702536509449,
          5.4570345271843905,
          -77.15801003521862,
          86.53258211138049,
          57.18259738988914,
          -20.123002244409093,
          -60.32995389843343,
          2.1511462120826508,
          23.999871473457645,
          -74.07293277171985,
          -66.98678078642163,
          -64.38861600790096,
          5.545218099817319,
          32.36462828147732,
          -52.92773995652836,
          -20.402111810663285,
          58.84809534103837,
          -77.74336865174962,
          -25.728217395344345,
          36.25583091996994,
          -13.987719215849438,
          86.23088078439363,
          51.31875092689725,
          -74.94018839958389,
          -78.01503979921713,
          -28.64638078724883,
          -55.05398802040284,
          -60.964242878201034,
          43.45161797476385,
          88.82061038067042,
          8.983397105627944,
          27.787645783046003,
          69.09652689550543,
          31.685028345647112,
          -84.27024019962934,
          -88.93850341741725,
          29.603794230613488,
          -89.48936858351298,
          63.42656669096502,
          53.75659867220239
        ],
        "z": [
          0,
          0,
          0,
          0,
          0,
          0,
          0,
          0,
          0,
          0,
          0,
          0,
          0,
          0,
          0,
          0,
          0,
          0,
          0,
          0,
          0,
          0,
          0,
          0,
          0,
          0,
          0,
          0,
          0,
          0,
          0,
          0,
          0,
          0,
          0,
          0,
          0,
          0,
          0,
          0,
          0,
          0,
          0,
          0,
          0,
          0,
          0,
          0,
          0,
          0
        ]
      },
      "material": {
        "type": "MeshPhysicalMaterial",
        "color": "#7F7F7F",
        "metalness": 0.25,
        "roughness": 0.65,
        "reflectivity": 0.5,
        "opacity": [
          1
        ],
        "transparent": false
      },
      "visible": [
        1
      ]
    }
  },
  "IMAGES": {
    "imagebag": "/mkturkfiles/scenebags/objectome3d/background_im_flipped/",
    "imageidx": [
      1406,
      156,
      427,
      1406,
      1448,
      1448,
      1177,
      1177,
      1424,
      463,
      1406,
      298,
      298,
      1424,
      427,
      1424,
      1406,
      16,
      298,
      188,
      16,
      156,
      427,
      16,
      156,
      1177,
      16,
      463,
      463,
      298,
      1448,
      1424,
      1424,
      427,
      188,
      1448,
      463,
      16,
      156,
      1177,
      298,
      188,
      1177,
      156,
      427,
      1448,
      188,
      188,
      463,
      1406
    ],
    "sizeTHREEJS": [
      1.61
    ]
  },
  "OBJECTFILTERS": {
    "blur": [
      ""
    ],