{
  "CAMERAS": {
    "camera00": {
      "type": "PerspectiveCamera",
      "fieldOfView": 45,
      "near": 0.1,
      "far": 2000,
      "position": {
        "x": [
          0
        ],
        "y": [
          0
        ],
        "z": [
          10
        ]
      },
      "targetInches": {
        "x": [
          0
        ],
        "y": [
          0
        ],
        "z": [
          0
        ]
      },
      "visible": [
        1
      ]
    }
  },
  "LIGHTS": {
    "light00": {
      "type": "DirectionalLight",
      "color": "0xffffff",
      "intensity": [
        5
      ],
      "position": {
        "x": [
          0
        ],
        "y": [
          1,
          1,
          1,
          1,
          1,
          1,
          1,
          1,
          1,
          1,
          1,
          1,
          1,
          1,
          1,
          1,
          1,
          1,
          1,
          1,
          1,
          1,
          1,
          1,
          1,
          1,
          1,
          1,
          1,
          1,
          1,
          1,
          1,
          1,
          1,
          1,
          1,
          1,
          1,
          1,
          1,
          1,
          1,
          1,
          1,
          1,
          1,
          1,
          1,
          1
        ],
        "z": [
          1
        ]
      },
      "visible": [
        1
      ]
    }
  },
  "OBJECTS": {
    "elias_neutral": {
      "meshpath": "/mkturkfiles/scenebags/objectome3d/face/Dan_surprise_4.glb",
      "objectdoc": "HeadEliasApplefacepotatohead",
      "sizeTHREEJS": [
        0.7005267417288722,
        0.49803186555062373,
        0.3938190217541331,
        0.5535918850884738,
        0.6606014868731833,
        0.4236690531732482,
        0.6136782689731488,
        0.3792913687230472,
        0.5775503205905244,
        0.4117379922065525,
        0.56253607992265,
        0.5597321458586606,
        0.7243566586396315,
        0.6340106347381513,
        0.6124700389372795,
        0.7427492115110088,
        0.6129916519941154,
        0.5435806813497213,
        0.6641661576573283,
        0.4470826363490235,
        0.41887416332967176,
        0.44833204693487216,
        0.7032039381946358,
        0.37902894181000074,
        0.5594841411439158,
        0.5898027177911669,
        0.4509318436157678,
        0.6610387843486788,
        0.5232021648825322,
        0.5245655135310943,
        0.4481646857346839,
        0.5346575897820237,
        0.7505124245836066,
        0.7139910334276935,
        0.7070926525057041,
        0.4850435867481641,
        0.47247912879618487,
        0.5419994440686996,
        0.45111108489635143,
        0.5951154332971101,
        0.7255722550653807,
        0.4014394521779252,
        0.38378006914617613,
        0.4450499910430843,
        0.5609277359776952,
        0.7044677053265347,
        0.44766934435101435,
        0.528121964226065,
        0.6090989183783948,
        0.3769702377901325
      ],
      "positionTHREEJS": {
        "x": [
          0
        ],
        "y": [
          0
        ],
        "z": [
          0
        ]
      },
      "rotationDegrees": {
        "x": [
          -15.51835038389532,
          -34.26543063978218,
          30.795663518165867,
          34.53381452929656,
          -2.1971921017829956,
          8.729523006457924,
          33.514173191707414,
          43.049130767392484,
          -19.234001179537035,
          -16.019382508490178,
          -42.739476201279416,
          34.567788712898235,
          -33.59762215333168,
          32.76674923974309,
          -25.62948143109956,
          -38.3539396258204,
          42.08850876267593,
          -31.694387058887173,
          36.880908843985424,
          1.7862256029729622,
          -31.932182062588186,
          43.409550129137,
          -42.07683602012232,
          27.98044091131274,
          -26.307995568855087,
          -13.674603996642535,
          40.93095047748356,
          12.1027761492061,
          -40.56839088141089,
          10.63945571685867,
          -20.29244065268763,
          17.483593152709133,
          34.7216988178278,
          0.9941604159587243,
          3.530772850015069,
          23.267208895807357,
          10.403763276248405,
          36.26828516536041,
          25.48379111825446,
          -17.38027136259042,
          13.323965992884922,
          12.278757659492513,
          -31.50216509083954,
          -42.74616211955987,
          -10.494012015495045,
          -38.324876943921225,
          -31.185308605262698,
          -4.465798870357538,
          31.581457681203247,
          26.235036329364846
        ],
        "y": [
          -84.88749675638462,
          48.452454017356615,
          -70.5365476315311,
          49.059219358575405,
          80.17549801746983,
          -86.68565060642706,
          46.55105981361092,
          12.000375891353315,
          -56.55860256258377,
          55.37703357214667,
          15.005725321293411,
          49.48691964185855,
          67.01729347303541,
          -20.81394349727171,
          -36.456038330878414,
          -86.2167350494212,
          4.744582235594436,
          46.55869887651943,
          -72.21854178222624,
          -0.2655116073215851,
          -13.586327650113958,
          -59.828417085522176,
          -2.2327713204953454,
          -51.82758687208281,
          60.1884921068025,
          80.05264399954567,
          43.27736887021476,
          -56.19662474493195,
          -13.173930830649354,
          0.43888413902529066,
          -26.717138607610835,
          85.32691301058003,
          -60.088407076944755,
          21.835607951335177,
          39.17924810328742,
          76.11769848629388,
          -89.0283849819125,
          -62.7200785832139,
          -35.17506825364458,
          -14.40012444157692,
          12.102974997237894,
          10.116281863304764,
          10.990297421413047,
          60.9837813181332,
          14.524677082333909,
          -4.68835053233272,
          10.399677771982937,
          28.986007954692724,
          38.87685019848095,
          -80.04888932072154
        ],
        "z": [
          0,
          0,
          0,
          0,
          0,
          0,
          0,
          0,
          0,
          0,
          0,
          0,
          0,
          0,
          0,
          0,
          0,
          0,
          0,
          0,
          0,
          0,
          0,
          0,
          0,
          0,
          0,
          0,
          0,
          0,
          0,
          0,
          0,
          0,
          0,
          0,
          0,
          0,
          0,
          0,
          0,
          0,
          0,
          0,
          0,
          0,
          0,
          0,
          0,
          0
        ]
      },
      "material": {
        "type": "MeshPhysicalMaterial",
        "color": "#7F7F7F",
        "metalness": 0.25,
        "roughness": 0.65,
        "reflectivity": 0.5,
        "opacity": [
          1
        ],
        "transparent": false
      },
      "visible": [
        1
      ]
    }
  },
  "IMAGES": {
    "imagebag": "/mkturkfiles/scenebags/objectome3d/background_im_flipped/",
    "imageidx": [
      427,
      1406,
      1424,
      16,
      298,
      188,
      1406,
      1448,
      463,
      1424,
      188,
      298,
      463,
      16,
      427,
      1424,
      156,
      427,
      298,
      188,
      16,
      1448,
      16,
      188,
      298,
      427,
      463,
      16,
      1177,
      427,
      188,
      463,
      1177,
      156,
      156,
      1177,
      1177,
      1448,
      1177,
      1406,
      1406,
      156,
      1448,
      463,
      1424,
      1406,
      156,
      1448,
      298,
      1424
    ],
    "sizeTHREEJS": [
      1.61
    ]
  },
  "OBJECTFILTERS": {
    "blur": [
      ""
    ],