{
  "CAMERAS": {
    "camera00": {
      "type": "PerspectiveCamera",
      "fieldOfView": 45,
      "near": 0.1,
      "far": 2000,
      "position": {
        "x": [
          0
        ],
        "y": [
          0
        ],
        "z": [
          10
        ]
      },
      "targetInches": {
        "x": [
          0
        ],
        "y": [
          0
        ],
        "z": [
          0
        ]
      },
      "visible": [
        1
      ]
    }
  },
  "LIGHTS": {
    "light00": {
      "type": "DirectionalLight",
      "color": "0xffffff",
      "intensity": [
        5
      ],
      "position": {
        "x": [
          0
        ],
        "y": [
          1,
          1,
          1,
          1,
          1,
          1,
          1,
          1,
          1,
          1,
          1,
          1,
          1,
          1,
          1,
          1,
          1,
          1,
          1,
          1,
          1,
          1,
          1,
          1,
          1,
          1,
          1,
          1,
          1,
          1,
          1,
          1,
          1,
          1,
          1,
          1,
          1,
          1,
          1,
          1,
          1,
          1,
          1,
          1,
          1,
          1,
          1,
          1,
          1,
          1
        ],
        "z": [
          1
        ]
      },
      "visible": [
        1
      ]
    }
  },
  "OBJECTS": {
    "elias_neutral": {
      "meshpath": "/mkturkfiles/scenebags/objectome3d/face/Ani_anger_4.glb",
      "objectdoc": "HeadEliasApplefacepotatohead",
      "sizeTHREEJS": [
        0.6311365707796421,
        0.6283274229676095,
        0.48232882972401503,
        0.4801843353705676,
        0.6510810969678718,
        0.6535025956368062,
        0.49386049999807635,
        0.41282142153797485,
        0.6539134075461401,
        0.5740460624205239,
        0.6052629888885375,
        0.40151786598239536,
        0.5485153642224821,
        0.70139332528865,
        0.7416005022595425,
        0.5701797894190885,
        0.42154415914410126,
        0.49861628844323613,
        0.7434785325592159,
        0.3922342274781009,
        0.5083340456338191,
        0.5777042921109979,
        0.5213431726855293,
        0.5202531351766679,
        0.7278348300446664,
        0.6581554312854674,
        0.5032801957316122,
        0.6695461844186648,
        0.7464325151997326,
        0.7221762311283468,
        0.7292007829446576,
        0.7558191597029855,
        0.43814770654609847,
        0.3719161633733032,
        0.7094734720546646,
        0.46264616018007143,
        0.4770540173629487,
        0.5621443707180085,
        0.6071245709271369,
        0.38140159051655037,
        0.7185184984679647,
        0.7102420615264586,
        0.5701699830286441,
        0.491998670496196,
        0.6895711137355367,
        0.5962320579834215,
        0.5270490916499959,
        0.5220292303897739,
        0.43161034990490976,
        0.6085304671378159
      ],
      "positionTHREEJS": {
        "x": [
          0
        ],
        "y": [
          0
        ],
        "z": [
          0
        ]
      },
      "rotationDegrees": {
        "x": [
          -0.6038886828975123,
          5.427962156098104,
          -7.77968973068554,
          11.715460662097264,
          33.94821223444555,
          -15.057466017555097,
          -42.55567770021046,
          -42.34511258875556,
          -28.685769779092702,
          2.503461538977959,
          21.403938270269336,
          25.870917505173153,
          19.82064569366821,
          -20.99263545073992,
          16.473671311748483,
          33.06877498450736,
          41.818638151676254,
          -36.974401374771304,
          -35.200894714592366,
          -22.665222138528932,
          0.741709819014666,
          12.730623296642051,
          -33.41372512463055,
          -39.1543054638417,
          -2.8174302438176255,
          11.368625377591435,
          -33.60268049875961,
          -0.07414591589497377,
          -11.95526763328921,
          6.831020141844228,
          -12.791953276300184,
          -5.715169945038873,
          3.403115448552441,
          5.995189409151138,
          -17.06140378005423,
          44.547993776039405,
          -23.452882181171844,
          25.614667566878737,
          -8.170022072663564,
          -29.614031345464266,
          -32.67075636388566,
          9.619410591646108,
          8.823993064311658,
          2.605602295822912,
          20.026173760932522,
          -5.772928337925485,
          -19.14463529704333,
          12.365766264670235,
          -13.520862726809206,
          -10.917244294131578
        ],
        "y": [
          31.406295541414806,
          27.019499668655158,
          73.41178728872546,
          23.468463256564533,
          68.15215618001247,
          -22.949326799775804,
          -47.345790831172465,
          -61.60529920551993,
          22.37661002971734,
          -6.423168308034647,
          -29.92769738777978,
          59.69476381741757,
          69.42376563951103,
          -48.30231551610929,
          47.541233192594774,
          24.309111089485597,
          46.93435941516506,
          -14.597639899270192,
          84.98821525254957,
          -86.80879130974714,
          -37.744420739265856,
          -76.08202773320794,
          -52.08636122427253,
          -70.04708475198099,
          77.15194381840024,
          -50.48401824661657,
          -35.782714039028306,
          -52.725104697026296,
          46.45043339091728,
          -27.10035424739408,
          70.9579689572123,
          -72.41543991384066,
          28.310557724047385,
          19.201196342134338,
          -77.40855210858963,
          76.98056650399164,
          23.210744685949976,
          62.304353305357154,
          45.288837611033955,
          83.55843613342182,
          -53.348718893116725,
          -67.47376775902946,
          35.76339809882508,
          -71.13775225150098,
          27.401497046709906,
          -86.05591712673117,
          -31.057451882574902,
          78.70008124029218,
          23.975739418572857,
          83.13585153381916
        ],
        "z": [
          0,
          0,
          0,
          0,
          0,
          0,
          0,
          0,
          0,
          0,
          0,
          0,
          0,
          0,
          0,
          0,
          0,
          0,
          0,
          0,
          0,
          0,
          0,
          0,
          0,
          0,
          0,
          0,
          0,
          0,
          0,
          0,
          0,
          0,
          0,
          0,
          0,
          0,
          0,
          0,
          0,
          0,
          0,
          0,
          0,
          0,
          0,
          0,
          0,
          0
        ]
      },
      "material": {
        "type": "MeshPhysicalMaterial",
        "color": "#7F7F7F",
        "metalness": 0.25,
        "roughness": 0.65,
        "reflectivity": 0.5,
        "opacity": [
          1
        ],
        "transparent": false
      },
      "visible": [
        1
      ]
    }
  },
  "IMAGES": {
    "imagebag": "/mkturkfiles/scenebags/objectome3d/background_im_flipped/",
    "imageidx": [
      1424,
      188,
      298,
      298,
      156,
      156,
      1448,
      1406,
      1424,
      188,
      156,
      298,
      1177,
      1406,
      16,
      1177,
      188,
      188,
      1406,
      1177,
      1448,
      427,
      16,
      427,
      427,
      463,
      16,
      1177,
      463,
      188,
      1406,
      1448,
      1424,
      1424,
      1448,
      156,
      298,
      156,
      427,
      298,
      463,
      1424,
      463,
      1406,
      16,
      427,
      1177,
      16,
      1448,
      463
    ],
    "sizeTHREEJS": [
      1.61
    ]
  },