{
  "CAMERAS": {
    "camera00": {
      "type": "PerspectiveCamera",
      "fieldOfView": 45,
      "near": 0.1,
      "far": 2000,
      "position": {
        "x": [
          0
        ],
        "y": [
          0
        ],
        "z": [
          10
        ]
      },
      "targetInches": {
        "x": [
          0
        ],
        "y": [
          0
        ],
        "z": [
          0
        ]
      },
      "visible": [
        1
      ]
    }
  },
  "LIGHTS": {
    "light00": {
      "type": "DirectionalLight",
      "color": "0xffffff",
      "intensity": [
        5
      ],
      "position": {
        "x": [
          0
        ],
        "y": [
          1,
          1,
          1,
          1,
          1,
          1,
          1,
          1,
          1,
          1,
          1,
          1,
          1,
          1,
          1,
          1,
          1,
          1,
          1,
          1,
          1,
          1,
          1,
          1,
          1,
          1,
          1,
          1,
          1,
          1,
          1,
          1,
          1,
          1,
          1,
          1,
          1,
          1,
          1,
          1,
          1,
          1,
          1,
          1,
          1,
          1,
          1,
          1,
          1,
          1
        ],
        "z": [
          1
        ]
      },
      "visible": [
        1
      ]
    }
  },
  "OBJECTS": {
    "elias_neutral": {
      "meshpath": "/mkturkfiles/scenebags/objectome3d/face/Josh_anger_4.glb",
      "objectdoc": "HeadEliasApplefacepotatohead",
      "sizeTHREEJS": [
        0.6516838164665045,
        0.45179000943325553,
        0.39080149670281555,
        0.6030754484139591,
        0.6713437370513795,
        0.4190633877161637,
        0.5013122642328048,
        0.4244600197205669,
        0.6653137561119937,
        0.6306020429366712,
        0.6118494084883868,
        0.455016842400087,
        0.5473923434388354,
        0.5537018559464554,
        0.5935981913055612,
        0.4311240298820221,
        0.6690053889783454,
        0.5821527742963877,
        0.6104220841436487,
        0.4243540962567676,
        0.5239566103886819,
        0.48849399303132546,
        0.5713769038097178,
        0.6062042743719489,
        0.648013861232243,
        0.5710271221008624,
        0.4094436826427788,
        0.7487743039490129,
        0.6548521188254793,
        0.6499318147514989,
        0.7190541831728592,
        0.6807966915940881,
        0.7305808765397916,
        0.4848078747718302,
        0.6933688721998721,
        0.6946721415661565,
        0.7117136633440582,
        0.4804401039454116,
        0.6945488446452418,
        0.4686611156473335,
        0.5081287791483429,
        0.6861390335071389,
        0.7596197788448852,
        0.4021929375815988,
        0.515551082929008,
        0.7553043468399474,
        0.6723619419031417,
        0.5160382411648519,
        0.7051648408256261,
        0.4727701941084008
      ],
      "positionTHREEJS": {
        "x": [
          0
        ],
        "y": [
          0
        ],
        "z": [
          0
        ]
      },
      "rotationDegrees": {
        "x": [
          10.393361000622306,
          8.294983598134188,
          -29.42541274540393,
          -12.300286004469442,
          -15.594829204038273,
          -3.336656946274971,
          -1.7703708030903087,
          -11.95456521649433,
          -42.57959324527692,
          -6.471541067208015,
          36.35597556904699,
          -5.935667737372739,
          -9.191310834824492,
          -15.767055148067676,
          31.39939919744893,
          41.78205269757747,
          -15.170871983999337,
          -40.914863180550036,
          9.377757709650872,
          13.474918417864458,
          -37.679453313052996,
          2.492503574995119,
          -21.62978193138729,
          6.096492324207581,
          -5.937926952597415,
          6.698193994044303,
          11.592396608808585,
          -43.168395145692045,
          26.83479797095731,
          -20.60287087762798,
          20.007634956592383,
          -37.0921434705252,
          9.225166462592945,
          13.463798589847691,
          -4.782475409302876,
          22.8981181507865,
          -26.72474989270141,
          -25.785175558325506,
          -8.515664381269978,
          -40.218858540386464,
          -28.0879762836694,
          1.616568170608815,
          -1.5131427829992816,
          -41.219344012716235,
          -11.719450589914196,
          -19.72855431326674,
          -9.376388571665416,
          -30.49697705052853,
          -40.81997306751187,
          -37.27130603682721
        ],
        "y": [
          73.91037386128494,
          1.3149561014991633,
          78.29062833457803,
          69.14869570188978,
          59.452470932803124,
          56.31603066980716,
          -39.701885765978744,
          -85.2473358616553,
          30.667400147211993,
          69.87691792339476,
          -40.1808415223956,
          -20.472034942826497,
          -62.4884528636237,
          -48.72940186731166,
          57.86251512745068,
          67.2227235081007,
          7.242735905308095,
          77.2466354595719,
          54.334116008065706,
          -42.675969779282696,
          -23.509013533721316,
          1.6209646608131152,
          18.211453965923013,
          65.13545957719,
          -87.51819858199376,
          -7.9298058397832705,
          75.5872517065452,
          10.019504489682078,
          -29.946481965323294,
          -66.18824933804606,
          56.750884900073686,
          22.893858152929454,
          -10.774582005214285,
          -77.11229543601051,
          89.44811038306199,
          61.08321655302811,
          -84.65975595238116,
          4.341817858699429,
          -46.95324957223195,
          -65.42197243560473,
          76.70490132728014,
          -26.612724504476994,
          14.741499520424327,
          26.105242228092806,
          25.867741597331843,
          60.45112437274372,
          6.742137326538398,
          10.890928510217577,
          -3.253073975536907,
          -33.345384205909134
        ],
        "z": [
          0,
          0,
          0,
          0,
          0,
          0,
          0,
          0,
          0,
          0,
          0,
          0,
          0,
          0,
          0,
          0,
          0,
          0,
          0,
          0,
          0,
          0,
          0,
          0,
          0,
          0,
          0,
          0,
          0,
          0,
          0,
          0,
          0,
          0,
          0,
          0,
          0,
          0,
          0,
          0,
          0,
          0,
          0,
          0,
          0,
          0,
          0,
          0,
          0,
          0
        ]
      },
      "material": {
        "type": "MeshPhysicalMaterial",
        "color": "#7F7F7F",
        "metalness": 0.25,
        "roughness": 0.65,
        "reflectivity": 0.5,
        "opacity": [
          1
        ],
        "transparent": false
      },
      "visible": [
        1
      ]
    }
  },
  "IMAGES": {
    "imagebag": "/mkturkfiles/scenebags/objectome3d/background_im_flipped/",
    "imageidx": [
      188,
      1448,
      298,
      16,
      1424,
      16,
      463,
      1424,
      427,
      427,
      1177,
      463,
      427,
      1177,
      156,
      16,
      463,
      1448,
      1406,
      427,
      298,
      1448,
      188,
      188,
      463,
      1177,
      1406,
      1177,
      156,
      188,
      1406,
      298,
      16,
      156,
      1424,
      1448,
      188,
      156,
      1424,
      427,
      156,
      1406,
      1406,
      1177,
      1424,
      298,
      1448,
      463,
      16,
      298
    ],
    "sizeTHREEJS": [
      1.61
    ]
  },
  "OBJECTFILTERS": {
    "blur": [
      ""
    ],