{
  "CAMERAS": {
    "camera00": {
      "type": "PerspectiveCamera",
      "fieldOfView": 45,
      "near": 0.1,
      "far": 2000,
      "position": {
        "x": [
          0
        ],
        "y": [
          0
        ],
        "z": [
          10
        ]
      },
      "targetInches": {
        "x": [
          0
        ],
        "y": [
          0
        ],
        "z": [
          0
        ]
      },
      "visible": [
        1
      ]
    }
  },
  "LIGHTS": {
    "light00": {
      "type": "DirectionalLight",
      "color": "0xffffff",
      "intensity": [
        5
      ],
      "position": {
        "x": [
          0
        ],
        "y": [
          1,
          1,
          1,
          1,
          1,
          1,
          1,
          1,
          1,
          1,
          1,
          1,
          1,
          1,
          1,
          1,
          1,
          1,
          1,
          1,
          1,
          1,
          1,
          1,
          1,
          1,
          1,
          1,
          1,
          1,
          1,
          1,
          1,
          1,
          1,
          1,
          1,
          1,
          1,
          1,
          1,
          1,
          1,
          1,
          1,
          1,
          1,
          1,
          1,
          1
        ],
        "z": [
          1
        ]
      },
      "visible": [
        1
      ]
    }
  },
  "OBJECTS": {
    "elias_neutral": {
      "meshpath": "/mkturkfiles/scenebags/objectome3d/face/Kedar_sadness_4.glb",
      "objectdoc": "HeadEliasApplefacepotatohead",
      "sizeTHREEJS": [
        0.6676727535419369,
        0.5735289871791742,
        0.5983725449016087,
        0.705734429568085,
        0.4269985092241745,
        0.5942299675308047,
        0.4743787536812678,
        0.45276318674213767,
        0.49993928658245007,
        0.7235412797700346,
        0.5628187308070504,
        0.530662364902567,
        0.45990081446104214,
        0.6511454909664532,
        0.581362055748243,
        0.652225325594461,
        0.6055791445950314,
        0.7192157515927415,
        0.4358827466783248,
        0.6033884515654422,
        0.5678401550314364,
        0.51055140835257,
        0.4904964852273415,
        0.5511853437166216,
        0.7088112829643056,
        0.7188218374814928,
        0.5298031297633412,
        0.637343243255591,
        0.6591732741986528,
        0.7425872795775961,
        0.4900506832197187,
        0.6584086542801534,
        0.37458254328354773,
        0.5321958665435824,
        0.43259727928040803,
        0.6744197087469562,
        0.4559605744420646,
        0.37688378931017036,
        0.5901616366793118,
        0.5767116301443764,
        0.37756205964743755,
        0.6182230891675532,
        0.4934500541137192,
        0.5987872656338802,
        0.7387516697616392,
        0.6262104837058595,
        0.5274006599836464,
        0.5116679371378119,
        0.683931105007599,
        0.4966003638684622
      ],
      "positionTHREEJS": {
        "x": [
          0
        ],
        "y": [
          0
        ],
        "z": [
          0
        ]
      },
      "rotationDegrees": {
        "x": [
          -15.848571372281853,
          -44.80982988176205,
          -8.505421705609407,
          1.0168997129866426,
          29.07684665326319,
          -23.976775938042465,
          19.546450982948215,
          -2.5332654383915525,
          39.796480650272045,
          -24.42944652640233,
          6.831045425833203,
          15.83650537784775,
          -14.948028809307075,
          -42.714458459295656,
          29.543572984777782,
          -15.04468429190095,
          15.46493183811063,
          -7.531263836679393,
          -38.434865514858295,
          38.96377354186336,
          43.57638253674406,
          30.66790193339702,
          -33.352594585566806,
          12.22687049969936,
          -30.803825028689893,
          -23.770902207789295,
          -35.14641711648268,
          -17.786208824285126,
          27.373781681489987,
          15.384130249098448,
          19.160810727880744,
          11.042074419959341,
          33.7867491830355,
          -3.0568525551881365,
          40.36396385900683,
          0.01693611726993538,
          36.3192011232332,
          -19.923829410189903,
          12.547425349785101,
          13.217963095985048,
          27.877922529343138,
          -43.13348568464869,
          8.257333221981426,
          33.44744757050769,
          21.140867828905968,
          -20.57186287681759,
          -9.309067474191586,
          40.79240732113183,
          -33.15198253304059,
          21.7083519365208
        ],
        "y": [
          -79.4411913489624,
          14.066371984081059,
          52.04710264318217,
          36.59243209304498,
          88.30636676715918,
          -36.160576925073876,
          -47.36461167834913,
          -64.47523409149892,
          -43.47739481461376,
          1.7183789590611696,
          29.66600542895776,
          53.130174258510834,
          -25.882537292524304,
          -65.98199875425374,
          -70.88713948709479,
          45.44716203240648,
          -35.96479879733356,
          67.52407554356887,
          19.59119630851157,
          -50.476871977591394,
          -26.030016578330056,
          6.108726990684744,
          -17.103932660244595,
          -84.52869132294289,
          -84.28987702871319,
          68.97383615663475,
          -48.49909679134536,
          -53.22605954424335,
          77.60644343426654,
          20.41419256799729,
          -6.878991572326939,
          -82.4791253703982,
          10.6303828498678,
          -25.12124559101005,
          27.570214718127417,
          30.188622167066256,
          22.597249880471495,
          -81.26532612076278,
          -14.892719681591217,
          -52.09429485070267,
          -11.09580545197035,
          -64.93317870541159,
          -24.333608364906794,
          -9.372054654614885,
          -65.05115524117463,
          89.54381304531171,
          59.53792675734039,
          -83.73501288927015,
          -0.29012825912354856,
          11.307327481368077
        ],
        "z": [
          0,
          0,
          0,
          0,
          0,
          0,
          0,
          0,
          0,
          0,
          0,
          0,
          0,
          0,
          0,
          0,
          0,
          0,
          0,
          0,
          0,
          0,
          0,
          0,
          0,
          0,
          0,
          0,
          0,
          0,
          0,
          0,
          0,
          0,
          0,
          0,
          0,
          0,
          0,
          0,
          0,
          0,
          0,
          0,
          0,
          0,
          0,
          0,
          0,
          0
        ]
      },
      "material": {
        "type": "MeshPhysicalMaterial",
        "color": "#7F7F7F",
        "metalness": 0.25,
        "roughness": 0.65,
        "reflectivity": 0.5,
        "opacity": [
          1
        ],
        "transparent": false
      },
      "visible": [
        1
      ]
    }
  },
  "IMAGES": {
    "imagebag": "/mkturkfiles/scenebags/objectome3d/background_im_flipped/",
    "imageidx": [
      427,
      427,
      1406,
      298,
      1424,
      1448,
      1177,
      298,
      1177,
      188,
      156,
      1177,
      188,
      16,
      156,
      1448,
      156,
      1406,
      427,
      16,
      156,
      1424,
      1424,
      1448,
      1177,
      298,
      1406,
      188,
      16,
      1424,
      463,
      1177,
      463,
      1424,
      16,
      156,
      427,
      427,
      463,
      298,
      16,
      463,
      1448,
      188,
      1448,
      188,
      463,
      1406,
      1406,
      298
    ],
    "sizeTHREEJS": [
      1.61
    ]
  },
  "OBJECTFILTERS": {
    "blur": [
      ""
    ],