{
  "CAMERAS": {
    "camera00": {
      "type": "PerspectiveCamera",
      "fieldOfView": 45,
      "near": 0.1,
      "far": 2000,
      "position": {
        "x": [
          0
        ],
        "y": [
          0
        ],
        "z": [
          10
        ]
      },
      "targetInches": {
        "x": [
          0
        ],
        "y": [
          0
        ],
        "z": [
          0
        ]
      },
      "visible": [
        1
      ]
    }
  },
  "LIGHTS": {
    "light00": {
      "type": "DirectionalLight",
      "color": "0xffffff",
      "intensity": [
        5
      ],
      "position": {
        "x": [
          0
        ],
        "y": [
          1,
          1,
          1,
          1,
          1,
          1,
          1,
          1,
          1,
          1,
          1,
          1,
          1,
          1,
          1,
          1,
          1,
          1,
          1,
          1,
          1,
          1,
          1,
          1,
          1,
          1,
          1,
          1,
          1,
          1,
          1,
          1,
          1,
          1,
          1,
          1,
          1,
          1,
          1,
          1,
          1,
          1,
          1,
          1,
          1,
          1,
          1,
          1,
          1,
          1
        ],
        "z": [
          1
        ]
      },
      "visible": [
        1
      ]
    }
  },
  "OBJECTS": {
    "elias_neutral": {
      "meshpath": "/mkturkfiles/scenebags/objectome3d/face/Seojin_sadness_4.glb",
      "objectdoc": "HeadEliasApplefacepotatohead",
      "sizeTHREEJS": [
        0.7371864409586733,
        0.4207409856724898,
        0.4809841761074084,
        0.4681329226871666,
        0.5377598486779258,
        0.7612149296376691,
        0.39846219858644727,
        0.5804407215295162,
        0.7038571704516126,
        0.37144027169917726,
        0.384517455441365,
        0.38955781388483784,
        0.4581729697318764,
        0.542458011332601,
        0.7224690521299413,
        0.7320608986207332,
        0.47820571116926525,
        0.4245513353247313,
        0.6775385633587652,
        0.7324049926238958,
        0.4585867306002489,
        0.6791732166668976,
        0.540353437679512,
        0.6963287935899447,
        0.41686286982072396,
        0.5074266699989047,
        0.4236981908846271,
        0.5149020449080857,
        0.5300693468973342,
        0.5400206478597207,
        0.5101826365020627,
        0.6267281156039515,
        0.6697272634955052,
        0.5702256772293238,
        0.4590914924220847,
        0.3994003723650002,
        0.7066659818283056,
        0.7261325936862719,
        0.3742124061347362,
        0.6466371621284748,
        0.753326714969782,
        0.3916050059117776,
        0.582022694724745,
        0.6963528225302981,
        0.6171114585748535,
        0.6899410683911883,
        0.6867576645166915,
        0.41542832649749367,
        0.43651419774005373,
        0.37849463900451163
      ],
      "positionTHREEJS": {
        "x": [
          0
        ],
        "y": [
          0
        ],
        "z": [
          0
        ]
      },
      "rotationDegrees": {
        "x": [
          -18.967082168606574,
          0.4051112083503412,
          -44.919092048714816,
          -44.99752810640412,
          42.60756612428479,
          -10.095720876939886,
          19.68143593526007,
          -29.51605850964346,
          -28.707460002966226,
          30.898672720372744,
          -43.47734664776293,
          -13.168338832662101,
          24.494684063770734,
          28.117842657763788,
          21.94710481514528,
          -3.6350976212090416,
          -3.8404656388865845,
          37.3150961902584,
          27.564877844801188,
          -34.00928124383917,
          14.817000211233676,
          -24.099438297805712,
          16.80905651288341,
          42.90040219820342,
          -28.501137824423118,
          -19.41701000074293,
          7.891197873288135,
          29.29146533539037,
          38.375504707760754,
          33.70623590677505,
          -12.55814555568228,
          7.8297791613262575,
          -9.917212511203324,
          -20.348631284255042,
          -31.411700336573787,
          -25.02667651949188,
          41.31804314697354,
          -34.037300295972656,
          1.2648747036657326,
          -39.69636955311078,
          -41.82153547503045,
          -21.567856336985706,
          -43.06865417983509,
          35.97679186296804,
          8.813380651770842,
          -39.17238250730021,
          25.9533021584122,
          -43.34823177633479,
          13.476089985526677,
          -35.44136208008395
        ],
        "y": [
          9.322733792101218,
          -4.929253208157334,
          17.084415590590254,
          29.725344412582345,
          -30.074941207188324,
          -14.121984314898327,
          59.059826397717075,
          23.487976597833608,
          17.95730903392888,
          47.94011910933972,
          46.32447825302657,
          -6.526199521645253,
          52.161631617994146,
          -51.20780495399014,
          16.884012167592957,
          -56.57749810298774,
          -46.66547751655647,
          5.526171559478158,
          -62.50375522749462,
          70.01685631939378,
          83.74994057498216,
          -38.98687386286356,
          -25.613555184454825,
          22.87980877647172,
          85.47329351242547,
          -20.793243551771596,
          -43.4781093818224,
          81.74446679443838,
          -29.683073666374177,
          -21.435479624372476,
          -26.024411848177067,
          -4.5556615008314765,
          12.919764748801143,
          21.468389229542993,
          -32.21046396335816,
          15.06272999108127,
          -11.336258482397454,
          -77.37790855010421,
          46.78855796287468,
          10.051750036353482,
          65.49879828234174,
          -56.528429013819355,
          -38.61557224517325,
          -79.89441966644364,
          63.36029607715719,
          -54.009902492731975,
          83.23665852005314,
          47.40272793390929,
          20.532654919872726,
          16.352740551401055
        ],
        "z": [
          0,
          0,
          0,
          0,
          0,
          0,
          0,
          0,
          0,
          0,
          0,
          0,
          0,
          0,
          0,
          0,
          0,
          0,
          0,
          0,
          0,
          0,
          0,
          0,
          0,
          0,
          0,
          0,
          0,
          0,
          0,
          0,
          0,
          0,
          0,
          0,
          0,
          0,
          0,
          0,
          0,
          0,
          0,
          0,
          0,
          0,
          0,
          0,
          0,
          0
        ]
      },
      "material": {
        "type": "MeshPhysicalMaterial",
        "color": "#7F7F7F",
        "metalness": 0.25,
        "roughness": 0.65,
        "reflectivity": 0.5,
        "opacity": [
          1
        ],
        "transparent": false
      },
      "visible": [
        1
      ]
    }
  },
  "IMAGES": {
    "imagebag": "/mkturkfiles/scenebags/objectome3d/background_im_flipped/",
    "imageidx": [
      16,
      156,
      1177,
      1448,
      463,
      188,
      1424,
      1406,
      463,
      156,
      427,
      188,
      156,
      427,
      188,
      427,
      427,
      16,
      298,
      1424,
      298,
      1448,
      1406,
      1177,
      1406,
      188,
      16,
      1424,
      16,
      1424,
      427,
      188,
      1177,
      156,
      1448,
      1406,
      1424,
      1406,
      298,
      298,
      463,
      1448,
      1448,
      16,
      463,
      156,
      1177,
      298,
      463,
      1177
    ],
    "sizeTHREEJS": [
      1.61
    ]
  },