{
  "CAMERAS": {
    "camera00": {
      "type": "PerspectiveCamera",
      "fieldOfView": 45,
      "near": 0.1,
      "far": 2000,
      "position": {
        "x": [
          0
        ],
        "y": [
          0
        ],
        "z": [
          10
        ]
      },
      "targetInches": {
        "x": [
          0
        ],
        "y": [
          0
        ],
        "z": [
          0
        ]
      },
      "visible": [
        1
      ]
    }
  },
  "LIGHTS": {
    "light00": {
      "type": "DirectionalLight",
      "color": "0xffffff",
      "intensity": [
        5
      ],
      "position": {
        "x": [
          0
        ],
        "y": [
          1,
          1,
          1,
          1,
          1,
          1,
          1,
          1,
          1,
          1,
          1,
          1,
          1,
          1,
          1,
          1,
          1,
          1,
          1,
          1,
          1,
          1,
          1,
          1,
          1,
          1,
          1,
          1,
          1,
          1,
          1,
          1,
          1,
          1,
          1,
          1,
          1,
          1,
          1,
          1,
          1,
          1,
          1,
          1,
          1,
          1,
          1,
          1,
          1,
          1
        ],
        "z": [
          1
        ]
      },
      "visible": [
        1
      ]
    }
  },
  "OBJECTS": {
    "elias_neutral": {
      "meshpath": "/mkturkfiles/scenebags/objectome3d/face/Ani_neutral.glb",
      "objectdoc": "HeadEliasApplefacepotatohead",
      "sizeTHREEJS": [
        0.42728681384541223,
        0.6750464350907186,
        0.418804985537866,
        0.3765511148130773,
        0.47939635478279385,
        0.38180414922861045,
        0.7312123232847614,
        0.5736468078911123,
        0.6277468684253649,
        0.5794839576407071,
        0.4008811130431234,
        0.5848735845976964,
        0.5383807038524058,
        0.40804167266341507,
        0.5537197639928285,
        0.5950504162992991,
        0.5225368439671659,
        0.5844050250222326,
        0.6522986604867786,
        0.7474883439592899,
        0.5289825147394978,
        0.5342538035408101,
        0.4223114926251603,
        0.5296235801663015,
        0.45557509343996966,
        0.514426335857449,
        0.5919918785804728,
        0.4779123998605869,
        0.4626474541525306,
        0.706949291318762,
        0.7443675761710152,
        0.4150112560274914,
        0.4514782590618128,
        0.7536623953143109,
        0.615967342435179,
        0.3884644846584578,
        0.7411695424031013,
        0.5459654048694222,
        0.3734360498025855,
        0.42633538567656043,
        0.51017841840307,
        0.508683359813786,
        0.41853048662076975,
        0.6592046080992962,
        0.475969211336412,
        0.5871149062272458,
        0.40524587482557134,
        0.5419882590824571,
        0.587867622275229,
        0.5118901625500346
      ],
      "positionTHREEJS": {
        "x": [
          0
        ],
        "y": [
          0
        ],
        "z": [
          0
        ]
      },
      "rotationDegrees": {
        "x": [
          17.691561659443273,
          12.342534710954403,
          12.94453991733235,
          24.808637444222384,
          -26.220422287727185,
          40.34690743585858,
          -5.596385817470335,
          10.848822572871214,
          -23.67075360086745,
          12.966484955756336,
          19.137528261821103,
          21.296683887076682,
          -1.8983187778730297,
          -26.269863005357507,
          -28.060675179119347,
          16.077586977565012,
          30.60595117976456,
          -0.07784834252159811,
          -38.05138056136911,
          20.520712629473735,
          -14.593883968839705,
          -44.77143951790127,
          -32.15252355251555,
          -6.321989316843997,
          -12.864572594975478,
          19.245101816429383,
          31.54270825156034,
          20.75645716575005,
          23.37713092268946,
          -32.283614383283506,
          -34.67221784530099,
          27.630903370293836,
          -6.629543050946772,
          26.589696453501972,
          -33.83074778119598,
          39.390101717779814,
          23.42309008276075,
          -32.77481134145877,
          5.27513386646406,
          -17.799783687025183,
          -32.591556131695874,
          -7.619444268535673,
          15.75548773529706,
          43.99972817457544,
          -14.467900168368587,
          -21.221011422682444,
          5.839647834407074,
          18.904510092944506,
          5.446005047914333,
          6.178518723655166
        ],
        "y": [
          18.20966143014212,
          -76.05868001339175,
          48.235747469625665,
          39.026309863102085,
          -77.1345416673916,
          -24.759788545909203,
          -51.93438427248881,
          -85.81794049573261,
          -69.85606645896222,
          -34.99045889283264,
          5.154593303778299,
          -33.33652987087225,
          -1.3832377796377102,
          34.421614555814614,
          -86.2619320892843,
          84.81059767819897,
          7.32989358656549,
          30.007056980032033,
          -81.25766363213906,
          62.4281466390494,
          -8.089147913855541,
          -82.67520042790379,
          29.794120976599174,
          -68.64493176709956,
          62.069082050666566,
          -8.782705435886982,
          -80.21093640207565,
          38.93359025104911,
          62.561629753001256,
          22.802536204564845,
          37.26133433867399,
          -28.019793195141816,
          -12.476963614485044,
          -70.51687010657606,
          -77.05560924413454,
          48.32651120656732,
          -81.3134523565053,
          8.147080103068689,
          -47.672033835045426,
          -60.224633608016546,
          -88.20181964873285,
          -55.866621290637596,
          -24.029940137517684,
          11.538964047293163,
          21.324271704405106,
          -0.8893826941405507,
          -13.902785427838552,
          11.24049560697695,
          48.84924366394122,
          -4.842388978430492
        ],
        "z": [
          0,
          0,
          0,
          0,
          0,
          0,
          0,
          0,
          0,
          0,
          0,
          0,
          0,
          0,
          0,
          0,
          0,
          0,
          0,
          0,
          0,
          0,
          0,
          0,
          0,
          0,
          0,
          0,
          0,
          0,
          0,
          0,
          0,
          0,
          0,
          0,
          0,
          0,
          0,
          0,
          0,
          0,
          0,
          0,
          0,
          0,
          0,
          0,
          0,
          0
        ]
      },
      "material": {
        "type": "MeshPhysicalMaterial",
        "color": "#7F7F7F",
        "metalness": 0.25,
        "roughness": 0.65,
        "reflectivity": 0.5,
        "opacity": [
          1
        ],
        "transparent": false
      },
      "visible": [
        1
      ]
    }
  },
  "IMAGES": {
    "imagebag": "/mkturkfiles/scenebags/objectome3d/background_im_flipped/",
    "imageidx": [
      298,
      188,
      298,
      188,
      1406,
      1406,
      298,
      1406,
      188,
      1424,
      156,
      427,
      298,
      16,
      16,
      1448,
      1424,
      463,
      16,
      1406,
      1177,
      1424,
      463,
      1177,
      427,
      188,
      1177,
      427,
      156,
      298,
      1424,
      156,
      463,
      463,
      1448,
      463,
      188,
      1177,
      1177,
      1448,
      16,
      1424,
      156,
      156,
      1448,
      16,
      427,
      1406,
      1448,
      427
    ],
    "sizeTHREEJS": [
      1.61
    ]
  },