{
  "CAMERAS": {
    "camera00": {
      "type": "PerspectiveCamera",
      "fieldOfView": 45,
      "near": 0.1,
      "far": 2000,
      "position": {
        "x": [
          0
        ],
        "y": [
          0
        ],
        "z": [
          10
        ]
      },
      "targetInches": {
        "x": [
          0
        ],
        "y": [
          0
        ],
        "z": [
          0
        ]
      },
      "visible": [
        1
      ]
    }
  },
  "LIGHTS": {
    "light00": {
      "type": "DirectionalLight",
      "color": "0xffffff",
      "intensity": [
        5
      ],
      "position": {
        "x": [
          0
        ],
        "y": [
          1,
          1,
          1,
          1,
          1,
          1,
          1,
          1,
          1,
          1,
          1,
          1,
          1,
          1,
          1,
          1,
          1,
          1,
          1,
          1,
          1,
          1,
          1,
          1,
          1,
          1,
          1,
          1,
          1,
          1,
          1,
          1,
          1,
          1,
          1,
          1,
          1,
          1,
          1,
          1,
          1,
          1,
          1,
          1,
          1,
          1,
          1,
          1,
          1,
          1
        ],
        "z": [
          1
        ]
      },
      "visible": [
        1
      ]
    }
  },
  "OBJECTS": {
    "elias_neutral": {
      "meshpath": "/mkturkfiles/scenebags/objectome3d/face/Younah_neutral.glb",
      "objectdoc": "HeadEliasApplefacepotatohead",
      "sizeTHREEJS": [
        0.7409929127460759,
        0.5442960129428043,
        0.433056442294736,
        0.5190921088177027,
        0.4762154598780522,
        0.73448715379378,
        0.5997669119340044,
        0.3770102250965715,
        0.6198294671134921,
        0.5842673283496007,
        0.449527525033366,
        0.5789496212307883,
        0.39486037736688384,
        0.5507576828623815,
        0.6264090726206679,
        0.40863650374620447,
        0.505633710596702,
        0.49295586471219954,
        0.4710366791196169,
        0.6435612891759582,
        0.7171158483342503,
        0.389899647488321,
        0.42929460478995707,
        0.3770049035573414,
        0.5285448465950895,
        0.6526660469770711,
        0.6720933294910012,
        0.41869997138858195,
        0.5060413664359,
        0.5609810560309583,
        0.4772373108744584,
        0.6953716038166085,
        0.6726883637006186,
        0.7458223219516014,
        0.629174683851322,
        0.5332789933356926,
        0.45882675095733716,
        0.749628652541352,
        0.6479256959458541,
        0.46800773080153935,
        0.6079579257310948,
        0.6345421223744463,
        0.6394964612464171,
        0.534543410865023,
        0.38936722134677343,
        0.7001851617273998,
        0.39768150554092624,
        0.6379668525962774,
        0.4772612866604905,
        0.5568239345650213
      ],
      "positionTHREEJS": {
        "x": [
          0
        ],
        "y": [
          0
        ],
        "z": [
          0
        ]
      },
      "rotationDegrees": {
        "x": [
          20.793037911401385,
          -33.05454530700544,
          25.47681694240525,
          -33.910125631807865,
          -27.77659251438471,
          13.23281423323246,
          15.391802665406338,
          3.7519900151874594,
          9.686414198911173,
          41.38355221298626,
          -2.220467803660952,
          13.406192652279614,
          -4.557067644175092,
          19.618684713543445,
          -9.311511221321645,
          12.073548865888142,
          16.150455209507285,
          -28.650245546039734,
          -25.697869910237376,
          -4.900566630406509,
          -42.351501824383206,
          -29.797870647615195,
          10.777699501142877,
          28.18244370597884,
          43.812215229790766,
          -43.096187892388194,
          -20.495934385576724,
          -43.96575625127185,
          6.149063324959414,
          -7.430874396648832,
          37.483588415876625,
          30.603043934701574,
          12.747419391124453,
          -4.249899300481189,
          33.979585637507284,
          16.280254403024884,
          24.89301686501284,
          -21.704765860703258,
          4.4487886454321455,
          -0.9499283641945198,
          -21.872853113777325,
          -17.767980817397508,
          -29.62585596405301,
          -37.84714972255922,
          -27.891105285340302,
          10.074558257952773,
          7.265073004561188,
          -13.366796633141806,
          41.800425305717724,
          15.252145694863763
        ],
        "y": [
          -61.90035965665494,
          86.0012324348157,
          -56.506181158269804,
          26.586595943784005,
          82.52168901788704,
          75.49979333977109,
          60.49995487192703,
          -50.75197704391414,
          -35.75582397759155,
          -83.64426836127328,
          23.28953786966032,
          20.833335204508614,
          16.77860392788071,
          29.125377106102007,
          80.22289110183368,
          5.949391139014537,
          24.979959864687572,
          -61.375198503731696,
          -60.581119280213,
          81.72432466613634,
          -0.23036176325486224,
          39.11661244054724,
          -89.81003691279427,
          -4.286988958936888,
          87.75558528458188,
          -36.606344579619304,
          74.94790906234945,
          25.52592199361095,
          -39.697775928521324,
          9.430611968920232,
          -85.45270865606537,
          46.88089117601402,
          -21.957507437284477,
          65.17214358703265,
          -5.743872254825547,
          -30.224864077584648,
          -40.29577238967719,
          -30.19439657639377,
          50.470206497522156,
          -70.4007174875613,
          5.579870853401204,
          75.32480985696276,
          14.551134514371967,
          -15.588568654341017,
          26.556170994755362,
          8.776889278060054,
          -67.2341756100409,
          -5.726891244503577,
          60.76914517171056,
          -35.02148235486532
        ],
        "z": [
          0,
          0,
          0,
          0,
          0,
          0,
          0,
          0,
          0,
          0,
          0,
          0,
          0,
          0,
          0,
          0,
          0,
          0,
          0,
          0,
          0,
          0,
          0,
          0,
          0,
          0,
          0,
          0,
          0,
          0,
          0,
          0,
          0,
          0,
          0,
          0,
          0,
          0,
          0,
          0,
          0,
          0,
          0,
          0,
          0,
          0,
          0,
          0,
          0,
          0
        ]
      },
      "material": {
        "type": "MeshPhysicalMaterial",
        "color": "#7F7F7F",
        "metalness": 0.25,
        "roughness": 0.65,
        "reflectivity": 0.5,
        "opacity": [
          1
        ],
        "transparent": false
      },
      "visible": [
        1
      ]
    }
  },
  "IMAGES": {
    "imagebag": "/mkturkfiles/scenebags/objectome3d/background_im_flipped/",
    "imageidx": [
      463,
      1406,
      188,
      1406,
      1448,
      1424,
      427,
      156,
      1424,
      188,
      1177,
      16,
      1406,
      156,
      1177,
      298,
      188,
      427,
      298,
      1177,
      1448,
      298,
      463,
      1406,
      16,
      463,
      16,
      463,
      156,
      16,
      188,
      1448,
      298,
      1177,
      16,
      156,
      1424,
      1424,
      1448,
      427,
      156,
      1424,
      1448,
      463,
      427,
      298,
      1406,
      1177,
      427,
      188
    ],
    "sizeTHREEJS": [
      1.61
    ]
  },
  "OBJECTFILTERS": {
    "blur": [
      ""
    ],