{
  "CAMERAS": {
    "camera00": {
      "type": "PerspectiveCamera",
      "fieldOfView": 45,
      "near": 0.1,
      "far": 2000,
      "position": {
        "x": [
          0
        ],
        "y": [
          0
        ],
        "z": [
          10
        ]
      },
      "targetInches": {
        "x": [
          0
        ],
        "y": [
          0
        ],
        "z": [
          0
        ]
      },
      "visible": [
        1
      ]
    }
  },
  "LIGHTS": {
    "light00": {
      "type": "DirectionalLight",
      "color": "0xffffff",
      "intensity": [
        5
      ],
      "position": {
        "x": [
          0
        ],
        "y": [
          1,
          1,
          1,
          1,
          1,
          1,
          1,
          1,
          1,
          1,
          1,
          1,
          1,
          1,
          1,
          1,
          1,
          1,
          1,
          1,
          1,
          1,
          1,
          1,
          1,
          1,
          1,
          1,
          1,
          1,
          1,
          1,
          1,
          1,
          1,
          1,
          1,
          1,
          1,
          1,
          1,
          1,
          1,
          1,
          1,
          1,
          1,
          1,
          1,
          1
        ],
        "z": [
          1
        ]
      },
      "visible": [
        1
      ]
    }
  },
  "OBJECTS": {
    "elias_neutral": {
      "meshpath": "/mkturkfiles/scenebags/objectome3d/face/Elias_anger_4.glb",
      "objectdoc": "HeadEliasApplefacepotatohead",
      "sizeTHREEJS": [
        0.4723577100608547,
        0.7477404019304507,
        0.39152351113105427,
        0.5035078123296739,
        0.6934450356969477,
        0.4495537279356663,
        0.5014059474439738,
        0.6087204184181132,
        0.7493655698091837,
        0.6633857462626727,
        0.5564285397922604,
        0.6939482638152326,
        0.627811363428717,
        0.7211908802784788,
        0.4387504662321571,
        0.43051556595120605,
        0.7013627669212092,
        0.41986597231228895,
        0.6356696912499209,
        0.5596812863520141,
        0.406552639390797,
        0.6469330173735588,
        0.3764084663568228,
        0.6148652923484301,
        0.6688200454263922,
        0.744158731862236,
        0.6470793300704332,
        0.637683466629272,
        0.522718905975833,
        0.42951132228674205,
        0.6085021788816511,
        0.6906941454191231,
        0.663470372533951,
        0.46810241532343233,
        0.5175516988028765,
        0.6312382386787788,
        0.7112132852797457,
        0.47306751506503614,
        0.3864450558579838,
        0.6862316061781705,
        0.725755784685133,
        0.40167530698752973,
        0.6519873175009718,
        0.5262636427490164,
        0.38502660187025745,
        0.4099874745233924,
        0.7470916146311221,
        0.4270616020278732,
        0.7381167333719099,
        0.7294151252414061
      ],
      "positionTHREEJS": {
        "x": [
          0
        ],
        "y": [
          0
        ],
        "z": [
          0
        ]
      },
      "rotationDegrees": {
        "x": [
          26.16104108721268,
          -2.9291803212680705,
          -17.742996206428344,
          44.17174105371876,
          34.77620654223631,
          -3.426765142509673,
          44.204480557114294,
          2.131080059308921,
          20.303406727272034,
          -24.334569356529766,
          20.233291317820772,
          -0.06425689485622854,
          27.901250712808533,
          -43.79623264443289,
          -38.211651945386116,
          24.74214004305982,
          -8.955809202866348,
          15.567092279655434,
          -42.93338252391975,
          13.776347363425216,
          -41.28880206451814,
          -41.20575792559271,
          -33.17937752666573,
          35.30622320484703,
          -40.592340408999156,
          43.167816936163476,
          -13.82964619721028,
          37.76872426472411,
          7.0520832789738535,
          40.615267917494606,
          -19.13338703645649,
          -40.94782718766276,
          -10.707960579070523,
          3.76159551786575,
          5.945574973104094,
          -23.191694428764492,
          -37.08934441427157,
          -42.13609102088709,
          -41.417124831617464,
          -21.42830847022961,
          -9.152217073835352,
          -9.178819307391798,
          -26.78061582568218,
          -23.242424818589402,
          -0.5421539113028331,
          -33.533962631154296,
          -1.7178531915613746,
          39.751007765902145,
          18.374997057158012,
          28.94725233304807
        ],
        "y": [
          28.942183853010818,
          68.98849008889187,
          -72.49229129329275,
          -62.094300412283346,
          -61.10690351451988,
          -57.39882970587903,
          3.056809728892688,
          -1.7229192017449861,
          61.192503841648715,
          -59.81545423162427,
          -21.509378378050357,
          54.625915409854116,
          -25.35114775778915,
          62.25472936566942,
          37.885080933796814,
          12.882112707202964,
          54.218631166166546,
          57.83992803874449,
          -45.28894188352512,
          -47.38070629272065,
          85.90107595813103,
          72.96788594636558,
          28.42615512985563,
          -46.57702590939135,
          69.88192509539465,
          -11.045761192751911,
          -25.183984960634746,
          -70.10856660981139,
          47.17237461269991,
          8.77253990202668,
          -13.11698629858462,
          42.414906157630185,
          88.03027897985643,
          -62.72154272253847,
          25.71881805029065,
          -1.9977858721134965,
          -65.09440993628945,
          68.10861459225808,
          -0.2985105543304485,
          58.08959979017192,
          -56.625485659872794,
          67.74613406220652,
          -49.831423279785895,
          -78.4413745334005,
          -44.959213249897594,
          -9.892808223992432,
          53.6478244940715,
          -46.6204432427794,
          -38.0866595110991,
          -46.29697622406698
        ],
        "z": [
          0,
          0,
          0,
          0,
          0,
          0,
          0,
          0,
          0,
          0,
          0,
          0,
          0,
          0,
          0,
          0,
          0,
          0,
          0,
          0,
          0,
          0,
          0,
          0,
          0,
          0,
          0,
          0,
          0,
          0,
          0,
          0,
          0,
          0,
          0,
          0,
          0,
          0,
          0,
          0,
          0,
          0,
          0,
          0,
          0,
          0,
          0,
          0,
          0,
          0
        ]
      },
      "material": {
        "type": "MeshPhysicalMaterial",
        "color": "#7F7F7F",
        "metalness": 0.25,
        "roughness": 0.65,
        "reflectivity": 0.5,
        "opacity": [
          1
        ],
        "transparent": false
      },
      "visible": [
        1
      ]
    }
  },
  "IMAGES": {
    "imagebag": "/mkturkfiles/scenebags/objectome3d/background_im_flipped/",
    "imageidx": [
      427,
      463,
      1177,
      1424,
      463,
      1177,
      427,
      1448,
      298,
      1424,
      298,
      1406,
      463,
      1424,
      298,
      156,
      16,
      427,
      16,
      16,
      188,
      1177,
      1424,
      1406,
      1177,
      1406,
      1424,
      1406,
      156,
      188,
      463,
      188,
      16,
      298,
      156,
      1448,
      188,
      427,
      298,
      188,
      463,
      1177,
      1448,
      156,
      1448,
      156,
      1448,
      16,
      427,
      1406
    ],
    "sizeTHREEJS": [
      1.61
    ]
  },