{
  "CAMERAS": {
    "camera00": {
      "type": "PerspectiveCamera",
      "fieldOfView": 45,
      "near": 0.1,
      "far": 2000,
      "position": {
        "x": [
          0
        ],
        "y": [
          0
        ],
        "z": [
          10
        ]
      },
      "targetInches": {
        "x": [
          0
        ],
        "y": [
          0
        ],
        "z": [
          0
        ]
      },
      "visible": [
        1
      ]
    }
  },
  "LIGHTS": {
    "light00": {
      "type": "DirectionalLight",
      "color": "0xffffff",
      "intensity": [
        5
      ],
      "position": {
        "x": [
          0
        ],
        "y": [
          1,
          1,
          1,
          1,
          1,
          1,
          1,
          1,
          1,
          1,
          1,
          1,
          1,
          1,
          1,
          1,
          1,
          1,
          1,
          1,
          1,
          1,
          1,
          1,
          1,
          1,
          1,
          1,
          1,
          1,
          1,
          1,
          1,
          1,
          1,
          1,
          1,
          1,
          1,
          1,
          1,
          1,
          1,
          1,
          1,
          1,
          1,
          1,
          1,
          1
        ],
        "z": [
          1
        ]
      },
      "visible": [
        1
      ]
    }
  },
  "OBJECTS": {
    "elias_neutral": {
      "meshpath": "/mkturkfiles/scenebags/objectome3d/face/Sreyas_surprise_4.glb",
      "objectdoc": "HeadEliasApplefacepotatohead",
      "sizeTHREEJS": [
        0.5458251340254775,
        0.3882542172302252,
        0.3968381994205914,
        0.3833523203049246,
        0.41840685202936334,
        0.431270226193508,
        0.6713620125044735,
        0.6081572293980627,
        0.6055728407011658,
        0.7555919284967355,
        0.6035713775848395,
        0.40206020669010845,
        0.6244082285270252,
        0.5255247199880795,
        0.5694222120490134,
        0.5821437462620216,
        0.5311512522021384,
        0.5249492445469174,
        0.7142485796450024,
        0.7211682448786214,
        0.639420343471945,
        0.537628419109485,
        0.6330535440315231,
        0.6370152309935418,
        0.6152113895014673,
        0.6389338744748494,
        0.7502678068722481,
        0.5753334961105319,
        0.6326984661601568,
        0.40585594038100953,
        0.6476105432297454,
        0.6283865106042577,
        0.7277800745746678,
        0.5412568943108521,
        0.557258291879217,
        0.7080059049235334,
        0.5597297053251047,
        0.5629206011975088,
        0.6961861718106355,
        0.6930097925817789,
        0.7593594470274101,
        0.3809322957410961,
        0.5059620106113956,
        0.40306892645356646,
        0.6217014476500982,
        0.3907094006511721,
        0.7589162017230784,
        0.5842809029686198,
        0.47301959125574483,
        0.4458139344143227
      ],
      "positionTHREEJS": {
        "x": [
          0
        ],
        "y": [
          0
        ],
        "z": [
          0
        ]
      },
      "rotationDegrees": {
        "x": [
          -40.21329350746121,
          28.245222122956974,
          -25.47594670328534,
          2.0878943708903037,
          -25.83321723070103,
          -17.431674870326237,
          -34.02016309810377,
          21.314556960057587,
          -0.780671908357057,
          2.9700197671580355,
          25.39127408731754,
          19.19890404382103,
          25.58881909581467,
          -9.436406325919364,
          42.2308095293171,
          -1.2315346382004648,
          -9.01389329986845,
          -12.444137083050009,
          -21.96514127066031,
          28.709207054005844,
          -21.31367219845979,
          -3.0430440519164534,
          33.080467038389344,
          15.590519355083536,
          28.96041996912291,
          -25.955025883624018,
          27.421314251942817,
          -7.631515004913965,
          -13.12883474679532,
          30.793296321522305,
          27.44773284908456,
          29.231203121529944,
          23.959640483176855,
          40.668583409264244,
          15.667654051973543,
          -38.40348757712722,
          -6.877242296547784,
          -44.056558819387504,
          5.892999244979109,
          -6.5564956422322425,
          -35.702605344352236,
          -15.363901369776684,
          28.813618816994293,
          -21.693360390374522,
          -18.78275211960033,
          -21.851344052146537,
          5.977819750578277,
          -42.39995061848184,
          -40.400115045178616,
          37.046756226097685
        ],
        "y": [
          45.65064581607871,
          5.228787502476166,
          -68.03120019054988,
          18.94483422491271,
          -14.692553773122867,
          -26.832782347999206,
          20.725339694870712,
          -30.525055326296084,
          62.7818850605498,
          -30.416265217027004,
          78.00207410582584,
          56.930651368160056,
          -87.86424699370275,
          67.44266934634828,
          -38.35350040207787,
          -46.18311698007852,
          -61.33210333273311,
          48.15027847948204,
          -85.58418981579499,
          17.956463293571318,
          -65.43233670367201,
          -46.595367919884595,
          41.227717122767245,
          27.920757613630244,
          -73.02759537415247,
          80.1588720498288,
          -33.13212909904726,
          -50.452756591160046,
          -11.745745231677986,
          -15.50207239049854,
          -2.213931056287919,
          48.33180292289438,
          -59.921012761149186,
          73.2833740379676,
          -28.169368386668182,
          -31.317578648048205,
          -3.469567172202872,
          -8.295966257609805,
          -82.72434143296773,
          4.501893676721352,
          81.94080902676143,
          35.28554524205171,
          -68.24460939447533,
          61.24198911226077,
          32.412133780411935,
          28.61098069429677,
          -7.904453250892686,
          -72.75928909480666,
          9.801469978832756,
          19.98623447038493
        ],
        "z": [
          0,
          0,
          0,
          0,
          0,
          0,
          0,
          0,
          0,
          0,
          0,
          0,
          0,
          0,
          0,
          0,
          0,
          0,
          0,
          0,
          0,
          0,
          0,
          0,
          0,
          0,
          0,
          0,
          0,
          0,
          0,
          0,
          0,
          0,
          0,
          0,
          0,
          0,
          0,
          0,
          0,
          0,
          0,
          0,
          0,
          0,
          0,
          0,
          0,
          0
        ]
      },
      "material": {
        "type": "MeshPhysicalMaterial",
        "color": "#7F7F7F",
        "metalness": 0.25,
        "roughness": 0.65,
        "reflectivity": 0.5,
        "opacity": [
          1
        ],
        "transparent": false
      },
      "visible": [
        1
      ]
    }
  },
  "IMAGES": {
    "imagebag": "/mkturkfiles/scenebags/objectome3d/background_im_flipped/",
    "imageidx": [
      1424,
      463,
      156,
      1424,
      1424,
      427,
      1448,
      16,
      1448,
      463,
      298,
      1406,
      463,
      1406,
      16,
      156,
      427,
      298,
      298,
      16,
      188,
      1177,
      1424,
      156,
      298,
      1406,
      1177,
      156,
      1424,
      463,
      1448,
      1177,
      188,
      16,
      16,
      298,
      1406,
      1406,
      427,
      463,
      188,
      1177,
      188,
      1448,
      427,
      188,
      1177,
      156,
      1448,
      427
    ],
    "sizeTHREEJS": [
      1.61
    ]
  },