{
  "CAMERAS": {
    "camera00": {
      "type": "PerspectiveCamera",
      "fieldOfView": 45,
      "near": 0.1,
      "far": 2000,
      "position": {
        "x": [
          0
        ],
        "y": [
          0
        ],
        "z": [
          10
        ]
      },
      "targetInches": {
        "x": [
          0
        ],
        "y": [
          0
        ],
        "z": [
          0
        ]
      },
      "visible": [
        1
      ]
    }
  },
  "LIGHTS": {
    "light00": {
      "type": "DirectionalLight",
      "color": "0xffffff",
      "intensity": [
        5
      ],
      "position": {
        "x": [
          0
        ],
        "y": [
          1,
          1,
          1,
          1,
          1,
          1,
          1,
          1,
          1,
          1,
          1,
          1,
          1,
          1,
          1,
          1,
          1,
          1,
          1,
          1,
          1,
          1,
          1,
          1,
          1,
          1,
          1,
          1,
          1,
          1,
          1,
          1,
          1,
          1,
          1,
          1,
          1,
          1,
          1,
          1,
          1,
          1,
          1,
          1,
          1,
          1,
          1,
          1,
          1,
          1
        ],
        "z": [
          1
        ]
      },
      "visible": [
        1
      ]
    }
  },
  "OBJECTS": {
    "elias_neutral": {
      "meshpath": "/mkturkfiles/scenebags/objectome3d/face/Seojin_anger_4.glb",
      "objectdoc": "HeadEliasApplefacepotatohead",
      "sizeTHREEJS": [
        0.37094860114714745,
        0.6825863680469952,
        0.5861262651877943,
        0.3980124046203546,
        0.5011182402592982,
        0.5649669389119893,
        0.6881332359830408,
        0.6677628512579257,
        0.4787216684315908,
        0.5994318990054874,
        0.6778691882074309,
        0.402415743259353,
        0.7268766102596866,
        0.6213738901170379,
        0.47097903221403137,
        0.6449357829819296,
        0.7648426626062818,
        0.5138765069897151,
        0.38661071767036115,
        0.4259519371576397,
        0.40866607430932783,
        0.6619927991153309,
        0.5216411394487588,
        0.5553127498163524,
        0.7367518429824385,
        0.4137119845566319,
        0.6806835696295311,
        0.5060247548431105,
        0.4496755271304868,
        0.37216903191168876,
        0.38861169068748364,
        0.6781546411524577,
        0.7039392782144762,
        0.5394601662862493,
        0.6075171912624144,
        0.7144906675722518,
        0.4901901277425078,
        0.7497496859528406,
        0.444044067018055,
        0.5434729954026108,
        0.7617679372098336,
        0.586138727144912,
        0.7559578120307264,
        0.6140930473948348,
        0.7382221498111697,
        0.39134249455823344,
        0.4717807448741742,
        0.4583501654056937,
        0.41386823550806295,
        0.5655501370918301
      ],
      "positionTHREEJS": {
        "x": [
          0
        ],
        "y": [
          0
        ],
        "z": [
          0
        ]
      },
      "rotationDegrees": {
        "x": [
          -5.855083454045392,
          -11.65795325162977,
          31.607182813344977,
          -7.8885900149497346,
          -28.73620345308157,
          -17.982301722797935,
          -13.783064871596121,
          -33.602631105178595,
          41.9253527963873,
          -15.088527658844402,
          -9.842524447909192,
          39.39868339063982,
          -41.25546331715509,
          -44.1818092602918,
          -22.32264873098986,
          27.51894937977285,
          35.53263497226796,
          -8.240201082506161,
          -41.445985765472955,
          -23.013342289217345,
          16.72356944328149,
          -19.55337389933745,
          -15.934339691123771,
          6.078354671528125,
          6.899496975799593,
          -13.519382879143627,
          -20.106441017439213,
          -25.6111092933352,
          8.025666519414258,
          15.322688671322439,
          -35.61978300279011,
          8.252236008314426,
          39.9840724245841,
          24.301226806216533,
          13.382917254142917,
          41.49916827868097,
          19.361248092815458,
          38.046109543110234,
          22.590251292933587,
          43.9563762921738,
          -27.54682506217939,
          30.85759282977476,
          7.7569994344204645,
          19.560299284310943,
          -9.822798991037146,
          35.96246612637442,
          3.1733884823525997,
          -25.065596085538377,
          11.350654845742348,
          -12.836716016294666
        ],
        "y": [
          -3.0389789284528206,
          -27.572632749279364,
          4.400220287059042,
          0.24383309822593446,
          -53.8932881481396,
          56.15118512689685,
          -56.69270775296801,
          19.023060681247586,
          -42.70406003458667,
          -52.55178810008977,
          56.828347744957114,
          1.6324505421188888,
          6.936682697930749,
          89.57908153387595,
          -16.738935675444182,
          -22.151847326094142,
          47.69292133736812,
          -41.22342893573612,
          0.2544460512882267,
          -28.043240927336903,
          -12.967006694328788,
          -32.381118507186045,
          -51.49105949268312,
          -89.46647411201052,
          29.880553780137433,
          -83.43406728646903,
          51.44205669356742,
          -35.45732019342892,
          -51.74506495259694,
          81.4540559185703,
          -43.547066394497854,
          -49.15279252031591,
          55.45438790983428,
          54.97765693789273,
          -42.38097212422914,
          88.01607464973651,
          -40.20576019811054,
          86.04760503908483,
          -59.86463872554825,
          -4.418576239594401,
          -32.10666545142105,
          2.9920665000826716,
          -87.81821267730336,
          73.02133522046296,
          8.675373307960228,
          -27.73539881146975,
          67.00974542978187,
          32.09642654363259,
          -10.490416873288382,
          -69.35050770395111
        ],
        "z": [
          0,
          0,
          0,
          0,
          0,
          0,
          0,
          0,
          0,
          0,
          0,
          0,
          0,
          0,
          0,
          0,
          0,
          0,
          0,
          0,
          0,
          0,
          0,
          0,
          0,
          0,
          0,
          0,
          0,
          0,
          0,
          0,
          0,
          0,
          0,
          0,
          0,
          0,
          0,
          0,
          0,
          0,
          0,
          0,
          0,
          0,
          0,
          0,
          0,
          0
        ]
      },
      "material": {
        "type": "MeshPhysicalMaterial",
        "color": "#7F7F7F",
        "metalness": 0.25,
        "roughness": 0.65,
        "reflectivity": 0.5,
        "opacity": [
          1
        ],
        "transparent": false
      },
      "visible": [
        1
      ]
    }
  },
  "IMAGES": {
    "imagebag": "/mkturkfiles/scenebags/objectome3d/background_im_flipped/",
    "imageidx": [
      188,
      1406,
      1177,
      463,
      1177,
      1448,
      156,
      156,
      298,
      188,
      1448,
      427,
      156,
      156,
      298,
      1177,
      16,
      298,
      16,
      298,
      1448,
      16,
      188,
      427,
      298,
      1448,
      1448,
      463,
      1177,
      188,
      463,
      1406,
      1424,
      1424,
      427,
      1406,
      427,
      463,
      1424,
      427,
      1424,
      16,
      16,
      188,
      1406,
      463,
      1177,
      1424,
      1406,
      156
    ],
    "sizeTHREEJS": [
      1.61
    ]
  },