{
  "CAMERAS": {
    "camera00": {
      "type": "PerspectiveCamera",
      "fieldOfView": 45,
      "near": 0.1,
      "far": 2000,
      "position": {
        "x": [
          0
        ],
        "y": [
          0
        ],
        "z": [
          10
        ]
      },
      "targetInches": {
        "x": [
          0
        ],
        "y": [
          0
        ],
        "z": [
          0
        ]
      },
      "visible": [
        1
      ]
    }
  },
  "LIGHTS": {
    "light00": {
      "type": "DirectionalLight",
      "color": "0xffffff",
      "intensity": [
        5
      ],
      "position": {
        "x": [
          0
        ],
        "y": [
          1,
          1,
          1,
          1,
          1,
          1,
          1,
          1,
          1,
          1,
          1,
          1,
          1,
          1,
          1,
          1,
          1,
          1,
          1,
          1,
          1,
          1,
          1,
          1,
          1,
          1,
          1,
          1,
          1,
          1,
          1,
          1,
          1,
          1,
          1,
          1,
          1,
          1,
          1,
          1,
          1,
          1,
          1,
          1,
          1,
          1,
          1,
          1,
          1,
          1
        ],
        "z": [
          1
        ]
      },
      "visible": [
        1
      ]
    }
  },
  "OBJECTS": {
    "elias_neutral": {
      "meshpath": "/mkturkfiles/scenebags/objectome3d/face/Sophie_anger_4.glb",
      "objectdoc": "HeadEliasApplefacepotatohead",
      "sizeTHREEJS": [
        0.525149174338939,
        0.5234576935703001,
        0.746693510409461,
        0.6990772937718909,
        0.6122065182843812,
        0.7119777314073618,
        0.7608303437640112,
        0.5750336313203592,
        0.6079644914569879,
        0.7563632698449607,
        0.512375293291107,
        0.4945315722549531,
        0.7544002862712557,
        0.570277127735214,
        0.7057035879583962,
        0.6139369458479332,
        0.598646428246252,
        0.4987431035539839,
        0.7228085455695471,
        0.5886856686445978,
        0.6027209447563937,
        0.415129288898471,
        0.6097637124602056,
        0.4277589387429072,
        0.44943301933005625,
        0.6841959406681436,
        0.49657693718661,
        0.38520779744566724,
        0.4879848854680717,
        0.47521752109509013,
        0.49195050565629994,
        0.6627021905003387,
        0.3831160281998949,
        0.7396820665647428,
        0.6739411531819225,
        0.5838923738117521,
        0.5700975257553129,
        0.510165193566799,
        0.39038712722754565,
        0.5514320488149205,
        0.6278253377556895,
        0.7610390394448996,
        0.7224472511263083,
        0.44108799968448875,
        0.5689966518974452,
        0.6536446560185527,
        0.4711866258286558,
        0.5612368796376545,
        0.44073843419895287,
        0.6172787590139346
      ],
      "positionTHREEJS": {
        "x": [
          0
        ],
        "y": [
          0
        ],
        "z": [
          0
        ]
      },
      "rotationDegrees": {
        "x": [
          -37.76283738511378,
          44.95353718446276,
          14.29552444236468,
          -25.338848296959313,
          27.328883527986093,
          37.31752840111605,
          -40.53095123886427,
          23.72721790214571,
          40.795807273725515,
          11.335347562947028,
          -24.8483363143047,
          -19.47230561345397,
          19.209067676321183,
          -32.51694494346833,
          -30.813273076774138,
          -2.150199689415132,
          41.6307931022434,
          -14.085567391640108,
          -30.615375294721254,
          -24.197688019481504,
          40.21315071401931,
          17.653331979882807,
          -33.675049149243684,
          -0.3895397018139235,
          25.421661765761115,
          8.756639100528758,
          -34.29527661894316,
          9.346295450140978,
          22.67546145312862,
          -17.682383914181397,
          12.135176407313601,
          -27.39794803462527,
          -12.364858578284199,
          29.682674324198672,
          -4.991033418682747,
          19.374458470859878,
          20.93449236371042,
          -44.245834780727684,
          29.952760502728566,
          43.931117987350206,
          -13.36724004499683,
          18.872462773807705,
          11.684251516238575,
          14.985256315435542,
          1.4247700283673765,
          -1.33372520880053,
          -39.59920093891404,
          -40.41357789514453,
          -40.079274221226704,
          34.36519621964739
        ],
        "y": [
          -45.704332790496615,
          57.91585448043901,
          -43.62394985766,
          32.60308711021614,
          -19.028771013059327,
          45.01952727893274,
          32.57389929569443,
          11.871739989597884,
          -59.61890182145608,
          -73.56703364575398,
          -22.911048813913467,
          62.13814043558122,
          21.502730634576537,
          63.65636437541767,
          16.554452563822295,
          -25.81041946187284,
          73.79148173695796,
          -32.70445359031731,
          56.921634536235786,
          53.3829879979547,
          -69.99257083734992,
          26.960806649006088,
          -38.06743033129234,
          66.53101482965954,
          87.8552757655448,
          38.71785777231881,
          -82.83446238264852,
          -58.25936205536854,
          -63.10891497699967,
          52.78527169181194,
          -60.30286849291705,
          -73.94803510829097,
          13.705644802590314,
          -61.1455533806173,
          10.832525995749421,
          8.280309030115646,
          -43.638751609177824,
          -6.947765211156309,
          -23.581249087083464,
          -65.8221298790895,
          73.43721036986415,
          -41.64424399058759,
          -30.59466841416119,
          -35.23624463880254,
          39.94778771267161,
          -31.329362022004304,
          -81.22960504398029,
          49.8745876780788,
          16.95863938681198,
          -68.0557852258697
        ],
        "z": [
          0,
          0,
          0,
          0,
          0,
          0,
          0,
          0,
          0,
          0,
          0,
          0,
          0,
          0,
          0,
          0,
          0,
          0,
          0,
          0,
          0,
          0,
          0,
          0,
          0,
          0,
          0,
          0,
          0,
          0,
          0,
          0,
          0,
          0,
          0,
          0,
          0,
          0,
          0,
          0,
          0,
          0,
          0,
          0,
          0,
          0,
          0,
          0,
          0,
          0
        ]
      },
      "material": {
        "type": "MeshPhysicalMaterial",
        "color": "#7F7F7F",
        "metalness": 0.25,
        "roughness": 0.65,
        "reflectivity": 0.5,
        "opacity": [
          1
        ],
        "transparent": false
      },
      "visible": [
        1
      ]
    }
  },
  "IMAGES": {
    "imagebag": "/mkturkfiles/scenebags/objectome3d/background_im_flipped/",
    "imageidx": [
      427,
      16,
      463,
      16,
      156,
      427,
      1177,
      188,
      1448,
      1177,
      16,
      1424,
      1448,
      156,
      188,
      1406,
      463,
      16,
      188,
      463,
      1406,
      427,
      298,
      298,
      1424,
      298,
      1424,
      1424,
      188,
      188,
      463,
      1424,
      156,
      1177,
      1177,
      1448,
      156,
      1406,
      1448,
      298,
      298,
      1177,
      1448,
      156,
      427,
      1406,
      1406,
      16,
      463,
      427
    ],
    "sizeTHREEJS": [
      1.61
    ]
  },
  "OBJECTFILTERS": {
    "blur": [
      ""
    ],