{
  "CAMERAS": {
    "camera00": {
      "type": "PerspectiveCamera",
      "fieldOfView": 45,
      "near": 0.1,
      "far": 2000,
      "position": {
        "x": [
          0
        ],
        "y": [
          0
        ],
        "z": [
          10
        ]
      },
      "targetInches": {
        "x": [
          0
        ],
        "y": [
          0
        ],
        "z": [
          0
        ]
      },
      "visible": [
        1
      ]
    }
  },
  "LIGHTS": {
    "light00": {
      "type": "DirectionalLight",
      "color": "0xffffff",
      "intensity": [
        5
      ],
      "position": {
        "x": [
          0
        ],
        "y": [
          1,
          1,
          1,
          1,
          1,
          1,
          1,
          1,
          1,
          1,
          1,
          1,
          1,
          1,
          1,
          1,
          1,
          1,
          1,
          1,
          1,
          1,
          1,
          1,
          1,
          1,
          1,
          1,
          1,
          1,
          1,
          1,
          1,
          1,
          1,
          1,
          1,
          1,
          1,
          1,
          1,
          1,
          1,
          1,
          1,
          1,
          1,
          1,
          1,
          1
        ],
        "z": [
          1
        ]
      },
      "visible": [
        1
      ]
    }
  },
  "OBJECTS": {
    "elias_neutral": {
      "meshpath": "/mkturkfiles/scenebags/objectome3d/face/Seojin_surprise_4.glb",
      "objectdoc": "HeadEliasApplefacepotatohead",
      "sizeTHREEJS": [
        0.4463266416089806,
        0.3727315696125631,
        0.4838712511651172,
        0.6619644063289858,
        0.6497458194390467,
        0.424488241886945,
        0.7523717677751186,
        0.48323701770666955,
        0.4617635309309647,
        0.4089976205366767,
        0.6246444308259232,
        0.6814494109175696,
        0.7480637531977139,
        0.4085896684083075,
        0.4153944648070203,
        0.7632343992653196,
        0.47990184285851645,
        0.5990878418013748,
        0.5000973669997533,
        0.46317282291054507,
        0.6882881175049813,
        0.41448208765588135,
        0.6810285179240858,
        0.5483706468792624,
        0.6967354602654103,
        0.7112228845724882,
        0.5672929378210304,
        0.4931247258616826,
        0.6251546912845498,
        0.45986619737249335,
        0.38265178706255265,
        0.5879040797486643,
        0.47434211666082743,
        0.4288571390543296,
        0.49038969943789107,
        0.6184072141028307,
        0.41712445935865694,
        0.5473260062871161,
        0.5585786326026849,
        0.48715750399808583,
        0.5250502275024121,
        0.6308567442213862,
        0.45033922221744443,
        0.5147378385866492,
        0.4965385439662139,
        0.5409504816267986,
        0.5081633742428009,
        0.6758722298141531,
        0.6623924256962082,
        0.5533356903062054
      ],
      "positionTHREEJS": {
        "x": [
          0
        ],
        "y": [
          0
        ],
        "z": [
          0
        ]
      },
      "rotationDegrees": {
        "x": [
          8.540751523784358,
          40.83228955419132,
          -2.3634225411406717,
          -27.199802630498564,
          -27.26300446518148,
          -18.972063139964806,
          40.115841408944036,
          33.63726934668321,
          20.593553502596677,
          -13.913134531131796,
          6.3498084517649716,
          -18.361598317342683,
          25.157628117258852,
          -36.657904968063825,
          -42.20433514886824,
          0.29107210154495533,
          -21.638834186251493,
          34.8428619296792,
          15.535097861333398,
          -44.94624158321697,
          -13.917234082206395,
          -12.515313176164135,
          -9.592157515046786,
          -18.167907197134845,
          -43.644300155771106,
          -42.53398201160533,
          13.243709934870346,
          34.87225758100561,
          -43.99245093897765,
          22.55231098778782,
          -2.109783449027269,
          -40.11555004801447,
          9.14857822123902,
          -29.530794012272583,
          -38.35498384989155,
          -26.217699935355096,
          2.813969580640375,
          -23.21362816611475,
          -17.78530009423276,
          1.8379658670090748,
          -1.621726217063184,
          13.581363339313413,
          37.496708724975235,
          -41.70036303473862,
          2.2337217132744627,
          -42.43211113108272,
          21.66912011016514,
          -14.842884204616464,
          12.5865660084255,
          16.58759239943553
        ],
        "y": [
          -22.86235595896244,
          -26.180487557568583,
          36.72151287632835,
          35.04197285335174,
          7.079250706939504,
          -85.51799766277654,
          -74.96307213231438,
          -37.409069089171375,
          45.440795787247794,
          79.23870625443371,
          -71.06581599623192,
          35.45193996348816,
          36.00415761817207,
          25.319613189631355,
          8.22474251421589,
          42.789074137100215,
          40.00681727801836,
          -58.95163550508552,
          -70.07426584393798,
          -42.23750805648043,
          31.51715825700093,
          16.77942205424874,
          34.05861818583408,
          -62.364615783817065,
          49.74229162321137,
          69.68817231644024,
          13.417992644410077,
          -50.92838063740646,
          82.77089776332727,
          -85.64165581215128,
          19.778116705080976,
          -31.793175313261955,
          -14.539497329989857,
          66.00225984108857,
          -37.548881022204895,
          -27.613996457132608,
          -13.258136302802185,
          -84.11422539911378,
          30.719113558651145,
          65.8892204808827,
          -78.627271644886,
          13.244377821834718,
          -17.4885414282371,
          -7.650392912995542,
          51.55752634347189,
          51.16729678255615,
          0.6665343244717548,
          3.361362061647526,
          -14.329128304742312,
          18.459620673271743
        ],
        "z": [
          0,
          0,
          0,
          0,
          0,
          0,
          0,
          0,
          0,
          0,
          0,
          0,
          0,
          0,
          0,
          0,
          0,
          0,
          0,
          0,
          0,
          0,
          0,
          0,
          0,
          0,
          0,
          0,
          0,
          0,
          0,
          0,
          0,
          0,
          0,
          0,
          0,
          0,
          0,
          0,
          0,
          0,
          0,
          0,
          0,
          0,
          0,
          0,
          0,
          0
        ]
      },
      "material": {
        "type": "MeshPhysicalMaterial",
        "color": "#7F7F7F",
        "metalness": 0.25,
        "roughness": 0.65,
        "reflectivity": 0.5,
        "opacity": [
          1
        ],
        "transparent": false
      },
      "visible": [
        1
      ]
    }
  },
  "IMAGES": {
    "imagebag": "/mkturkfiles/scenebags/objectome3d/background_im_flipped/",
    "imageidx": [
      16,
      463,
      298,
      1406,
      188,
      1177,
      1177,
      1448,
      463,
      156,
      188,
      298,
      16,
      298,
      1406,
      427,
      1177,
      1424,
      463,
      1448,
      1448,
      1406,
      1424,
      1424,
      156,
      16,
      1406,
      188,
      427,
      427,
      1177,
      188,
      156,
      1177,
      16,
      156,
      16,
      298,
      1448,
      188,
      1424,
      463,
      427,
      463,
      298,
      1448,
      1424,
      156,
      427,
      1406
    ],
    "sizeTHREEJS": [
      1.61
    ]
  },