{
  "CAMERAS": {
    "camera00": {
      "type": "PerspectiveCamera",
      "fieldOfView": 45,
      "near": 0.1,
      "far": 2000,
      "position": {
        "x": [
          0
        ],
        "y": [
          0
        ],
        "z": [
          10
        ]
      },
      "targetInches": {
        "x": [
          0
        ],
        "y": [
          0
        ],
        "z": [
          0
        ]
      },
      "visible": [
        1
      ]
    }
  },
  "LIGHTS": {
    "light00": {
      "type": "DirectionalLight",
      "color": "0xffffff",
      "intensity": [
        5
      ],
      "position": {
        "x": [
          0
        ],
        "y": [
          1,
          1,
          1,
          1,
          1,
          1,
          1,
          1,
          1,
          1,
          1,
          1,
          1,
          1,
          1,
          1,
          1,
          1,
          1,
          1,
          1,
          1,
          1,
          1,
          1,
          1,
          1,
          1,
          1,
          1,
          1,
          1,
          1,
          1,
          1,
          1,
          1,
          1,
          1,
          1,
          1,
          1,
          1,
          1,
          1,
          1,
          1,
          1,
          1,
          1
        ],
        "z": [
          1
        ]
      },
      "visible": [
        1
      ]
    }
  },
  "OBJECTS": {
    "elias_neutral": {
      "meshpath": "/mkturkfiles/scenebags/objectome3d/face/Elias_sadness_4.glb",
      "objectdoc": "HeadEliasApplefacepotatohead",
      "sizeTHREEJS": [
        0.5160276844558136,
        0.3906993892000419,
        0.6901890407386125,
        0.7279797556254345,
        0.7184782860669102,
        0.7550364341374705,
        0.43078698055887,
        0.6034705195885545,
        0.4949110402570424,
        0.701835358024201,
        0.40440880960760384,
        0.7073163716335722,
        0.6904939025208792,
        0.6394769479792195,
        0.7028332713437668,
        0.4999435984038328,
        0.654721261310056,
        0.3767883909260187,
        0.7398365454838094,
        0.6859050165042762,
        0.5187396544019738,
        0.5408988187951931,
        0.7554073596581827,
        0.7482969283629883,
        0.4687955290359885,
        0.49281741152735387,
        0.46853927881206314,
        0.615332224677754,
        0.5851032258984249,
        0.4126505359314095,
        0.7378849745275495,
        0.5106103242583794,
        0.7488914175261899,
        0.47718835908591206,
        0.50934920065907,
        0.5998421940373935,
        0.6214311198697975,
        0.6893665289224911,
        0.45592373087134314,
        0.7416136279800621,
        0.5131736403385299,
        0.6412701164351653,
        0.5643544337760761,
        0.6298946697176941,
        0.6979825286062844,
        0.38900711504308416,
        0.517864222124853,
        0.6647388209938379,
        0.6684878489210238,
        0.3967034568644219
      ],
      "positionTHREEJS": {
        "x": [
          0
        ],
        "y": [
          0
        ],
        "z": [
          0
        ]
      },
      "rotationDegrees": {
        "x": [
          36.5530438284803,
          25.599062762542346,
          27.1064920525956,
          42.101635706893006,
          -40.10430480004531,
          6.500249483730329,
          -4.783922207443432,
          24.97623893429659,
          -0.9107356477135227,
          25.263598512876868,
          -38.795581912730526,
          24.546099890121894,
          -42.948486428415265,
          -14.008999864276376,
          35.81038446877923,
          -15.776845220872477,
          35.3064634526512,
          27.000659691770323,
          33.17952152144558,
          -9.742544185800256,
          -18.32449441473962,
          0.6569561263112931,
          -7.4270404056463235,
          -10.583398526376506,
          26.150168265277756,
          -27.335653348310423,
          -12.531397354453027,
          -15.967838234755853,
          -1.9837792278372675,
          -38.74555477740681,
          35.58479750284681,
          8.925864603985282,
          39.18951775031539,
          -18.564836069361487,
          4.997255013996963,
          4.361445335604266,
          31.808225162079353,
          -36.445812844740175,
          -29.877177616671986,
          -14.129318865552449,
          -9.089035218794471,
          15.282811334964848,
          37.40648144894119,
          13.07438096502009,
          4.2427334220020825,
          17.72117432552551,
          -16.494567930844596,
          -14.438602071050106,
          -32.16076710577137,
          3.499610353595216
        ],
        "y": [
          -76.63819136394449,
          32.509861490278254,
          48.15135925134604,
          -66.43170158294087,
          -60.847470233548876,
          -51.90920903570215,
          -21.44138260331347,
          -86.96898599537991,
          -30.958632874687808,
          89.85085964387267,
          4.34033113361329,
          -4.994994206540923,
          -8.439679960480206,
          31.00170865536458,
          63.45510560478738,
          -55.00241585540461,
          -24.139637597468294,
          -83.1243619213573,
          -79.69990752932239,
          -71.75028439758229,
          63.255424196659675,
          31.824948863396884,
          -88.11855818261066,
          59.62929664636755,
          79.47640459521676,
          53.331274731762534,
          -82.66417447254655,
          -87.3783033681997,
          -69.46123177236572,
          42.33360332777988,
          66.13588028014013,
          47.8342718461887,
          -78.85901670913867,
          -49.13692431156101,
          -47.30502818341122,
          -25.00135269332165,
          -41.74082919089509,
          70.20659349663859,
          64.59619986603238,
          10.826943301725535,
          -22.932843622009045,
          48.20898873553986,
          71.11229887219247,
          82.60170999975179,
          52.543085474270725,
          -50.03476302236889,
          43.962443316937566,
          8.347872069977,
          0.08206838786007609,
          -56.36609137464063
        ],
        "z": [
          0,
          0,
          0,
          0,
          0,
          0,
          0,
          0,
          0,
          0,
          0,
          0,
          0,
          0,
          0,
          0,
          0,
          0,
          0,
          0,
          0,
          0,
          0,
          0,
          0,
          0,
          0,
          0,
          0,
          0,
          0,
          0,
          0,
          0,
          0,
          0,
          0,
          0,
          0,
          0,
          0,
          0,
          0,
          0,
          0,
          0,
          0,
          0,
          0,
          0
        ]
      },
      "material": {
        "type": "MeshPhysicalMaterial",
        "color": "#7F7F7F",
        "metalness": 0.25,
        "roughness": 0.65,
        "reflectivity": 0.5,
        "opacity": [
          1
        ],
        "transparent": false
      },
      "visible": [
        1
      ]
    }
  },
  "IMAGES": {
    "imagebag": "/mkturkfiles/scenebags/objectome3d/background_im_flipped/",
    "imageidx": [
      1406,
      1177,
      16,
      1424,
      1177,
      1177,
      1448,
      1406,
      463,
      1406,
      298,
      427,
      1406,
      1424,
      16,
      188,
      427,
      1448,
      1448,
      188,
      1448,
      188,
      16,
      298,
      16,
      463,
      1424,
      1406,
      156,
      298,
      16,
      1177,
      298,
      427,
      188,
      156,
      1448,
      156,
      427,
      463,
      156,
      463,
      156,
      463,
      298,
      1424,
      188,
      427,
      1177,
      1424
    ],
    "sizeTHREEJS": [
      1.61
    ]
  },
  "OBJECTFILTERS": {
    "blur": [
      ""
    ],