{
  "CAMERAS": {
    "camera00": {
      "type": "PerspectiveCamera",
      "fieldOfView": 45,
      "near": 0.1,
      "far": 2000,
      "position": {
        "x": [
          0
        ],
        "y": [
          0
        ],
        "z": [
          10
        ]
      },
      "targetInches": {
        "x": [
          0
        ],
        "y": [
          0
        ],
        "z": [
          0
        ]
      },
      "visible": [
        1
      ]
    }
  },
  "LIGHTS": {
    "light00": {
      "type": "DirectionalLight",
      "color": "0xffffff",
      "intensity": [
        5
      ],
      "position": {
        "x": [
          0
        ],
        "y": [
          1,
          1,
          1,
          1,
          1,
          1,
          1,
          1,
          1,
          1,
          1,
          1,
          1,
          1,
          1,
          1,
          1,
          1,
          1,
          1,
          1,
          1,
          1,
          1,
          1,
          1,
          1,
          1,
          1,
          1,
          1,
          1,
          1,
          1,
          1,
          1,
          1,
          1,
          1,
          1,
          1,
          1,
          1,
          1,
          1,
          1,
          1,
          1,
          1,
          1
        ],
        "z": [
          1
        ]
      },
      "visible": [
        1
      ]
    }
  },
  "OBJECTS": {
    "AppleMesh00_neutral": {
      "meshpath": "/mkturkfiles/scenebags/objectome3d/face/AppleMesh09_sadness_4.glb",
      "objectdoc": "HeadAppleMesh00Applefacepotatohead",
      "sizeTHREEJS": [
        0.4542385523702605,
        0.5178404929759927,
        0.761565340969572,
        0.6365778185576837,
        0.6489941560492212,
        0.3985442880800319,
        0.6911927779383924,
        0.7482659729748347,
        0.6018551626267395,
        0.3899241578723715,
        0.6868291968104652,
        0.628466348526778,
        0.6325354160765393,
        0.5480924623294154,
        0.7101294821108827,
        0.5040044475074212,
        0.5527395722695511,
        0.6075709590153489,
        0.44512661384248065,
        0.38504337798352917,
        0.48476834127414026,
        0.6263715095655726,
        0.48725556916620155,
        0.6748314414225587,
        0.4378481943960042,
        0.3965691809569332,
        0.6925225231348536,
        0.4379870479256418,
        0.4118033683532992,
        0.5125017193007795,
        0.7616295530494723,
        0.525191901434163,
        0.4506675829368004,
        0.4931385864077755,
        0.40092377843804833,
        0.40437763099477597,
        0.7169077986929218,
        0.589465915951082,
        0.6670655539139885,
        0.6834895391536074,
        0.5702314386424041,
        0.5886337206664565,
        0.5951209874235552,
        0.501282314766094,
        0.5514496355107785,
        0.3852638256612869,
        0.5578821009546109,
        0.5070687708282426,
        0.5818553150740593,
        0.4773490556643508
      ],
      "positionTHREEJS": {
        "x": [
          0
        ],
        "y": [
          0
        ],
        "z": [
          0
        ]
      },
      "rotationDegrees": {
        "x": [
          -11.086751926028263,
          30.39447646412951,
          -33.162321814094724,
          26.593669358250764,
          -23.268614224026376,
          -35.056268979086624,
          26.972123126232063,
          -17.727885258158576,
          -42.974327481150716,
          -17.23338065037262,
          -33.7536436864369,
          -10.428713708217629,
          -44.157752617422226,
          -1.4785816011024195,
          32.74045852730673,
          -18.249456948651407,
          -23.145952062017713,
          37.87347183209931,
          -9.970826172976757,
          -41.8020953611992,
          31.357366193158498,
          25.113347621441207,
          0.8602083806287126,
          -0.17587598115579794,
          26.893636504681766,
          7.5481915092899925,
          38.404493797090026,
          -20.082947764753236,
          -44.575688590340484,
          -18.28212344977046,
          -4.529303007265305,
          9.332510698060354,
          -12.698614661616546,
          8.636692933629924,
          34.40194879363854,
          -0.5670331641394029,
          35.76079243466103,
          29.133451426344976,
          25.93000992009202,
          43.37574080279346,
          -4.157018424393456,
          20.911584262487878,
          -42.62709531831755,
          -3.745040726881413,
          -9.545760578682618,
          35.91775147798785,
          30.53618994020131,
          -25.917702645327815,
          26.381394308058688,
          6.883309204275804
        ],
        "y": [
          -33.89942800528879,
          27.010649396953156,
          -13.601897112208619,
          -40.736029013115676,
          -0.013421427528044205,
          60.47469439684707,
          4.34766681282008,
          -83.4816179811993,
          23.01426111607381,
          20.688693867170556,
          41.2525271152505,
          -20.298597732763668,
          10.69851716601741,
          -81.26597631023351,
          -81.37192313810324,
          40.73884827421429,
          -66.67740444899802,
          -40.830283572654935,
          -73.63816969683822,
          -2.2418892473259717,
          79.97220611752908,
          -23.930734877502587,
          -51.143024041605166,
          11.798093418316313,
          -80.26625440462206,
          -88.17786915731124,
          33.75821228622415,
          -0.7932547060945012,
          41.2550116854313,
          -43.094224979275154,
          75.48307800559607,
          29.34564898579906,
          -84.28927283021821,
          13.125745437264072,
          -2.14641702775252,
          26.246774969129973,
          19.822621758942987,
          86.07108742616623,
          35.544943442655295,
          -84.8541068957738,
          -49.85979984667387,
          67.85234914265928,
          -58.1335383001772,
          28.089468664824807,
          -53.35708286108375,
          9.684112917984677,
          18.63505609588718,
          6.949832704802006,
          -4.991847399163305,
          81.96758926255521
        ],
        "z": [
          0,
          0,
          0,
          0,
          0,
          0,
          0,
          0,
          0,
          0,
          0,
          0,
          0,
          0,
          0,
          0,
          0,
          0,
          0,
          0,
          0,
          0,
          0,
          0,
          0,
          0,
          0,
          0,
          0,
          0,
          0,
          0,
          0,
          0,
          0,
          0,
          0,
          0,
          0,
          0,
          0,
          0,
          0,
          0,
          0,
          0,
          0,
          0,
          0,
          0
        ]
      },
      "material": {
        "type": "MeshPhysicalMaterial",
        "color": "#7F7F7F",
        "metalness": 0.25,
        "roughness": 0.65,
        "reflectivity": 0.5,
        "opacity": [
          1
        ],
        "transparent": false
      },
      "visible": [
        1
      ]
    }
  },
  "IMAGES": {
    "imagebag": "/mkturkfiles/scenebags/objectome3d/background_im_flipped/",
    "imageidx": [
      156,
      463,
      298,
      427,
      427,
      1424,
      1406,
      1424,
      1424,
      156,
      1448,
      1406,
      463,
      463,
      1406,
      298,
      16,
      188,
      1406,
      427,
      427,
      16,
      1177,
      156,
      298,
      188,
      156,
      1406,
      1177,
      298,
      188,
      156,
      1177,
      463,
      16,
      1448,
      463,
      1448,
      1424,
      16,
      427,
      188,
      188,
      1177,
      1424,
      298,
      16,
      1448,
      1177,
      1448
    ],
    "sizeTHREEJS": [
      1.61
    ]
  },