{
  "CAMERAS": {
    "camera00": {
      "type": "PerspectiveCamera",
      "fieldOfView": 45,
      "near": 0.1,
      "far": 2000,
      "position": {
        "x": [
          0
        ],
        "y": [
          0
        ],
        "z": [
          10
        ]
      },
      "targetInches": {
        "x": [
          0
        ],
        "y": [
          0
        ],
        "z": [
          0
        ]
      },
      "visible": [
        1
      ]
    }
  },
  "LIGHTS": {
    "light00": {
      "type": "DirectionalLight",
      "color": "0xffffff",
      "intensity": [
        5
      ],
      "position": {
        "x": [
          0
        ],
        "y": [
          1,
          1,
          1,
          1,
          1,
          1,
          1,
          1,
          1,
          1,
          1,
          1,
          1,
          1,
          1,
          1,
          1,
          1,
          1,
          1,
          1,
          1,
          1,
          1,
          1,
          1,
          1,
          1,
          1,
          1,
          1,
          1,
          1,
          1,
          1,
          1,
          1,
          1,
          1,
          1,
          1,
          1,
          1,
          1,
          1,
          1,
          1,
          1,
          1,
          1
        ],
        "z": [
          1
        ]
      },
      "visible": [
        1
      ]
    }
  },
  "OBJECTS": {
    "AppleMesh00_neutral": {
      "meshpath": "/mkturkfiles/scenebags/objectome3d/face/AppleMesh04_fear_4.glb",
      "objectdoc": "HeadAppleMesh00Applefacepotatohead",
      "sizeTHREEJS": [
        0.7052878155860303,
        0.3819586471700548,
        0.44083893703331245,
        0.7540696915020619,
        0.608863682742172,
        0.5913096126232411,
        0.44335178100012534,
        0.41455758540827553,
        0.6808784311552558,
        0.41406781688063116,
        0.5227588148256058,
        0.37727457665748415,
        0.7158217157577049,
        0.42833251682337964,
        0.6159512515725032,
        0.703864747552859,
        0.5436120322183428,
        0.5766944313503979,
        0.43910108118649926,
        0.48648248967755675,
        0.6419140122116282,
        0.6097370323422813,
        0.4851360611027901,
        0.3709330501522729,
        0.680162896907203,
        0.5669550599962314,
        0.7461146199084192,
        0.5222452503315699,
        0.4405259626071274,
        0.6568910311360672,
        0.4075738857625643,
        0.5312953693520005,
        0.5747549916059387,
        0.6518176202088057,
        0.5694521653442137,
        0.7180133379485168,
        0.6797717021999097,
        0.4125890447731904,
        0.39372367337615327,
        0.6977668989813797,
        0.6998649208893462,
        0.6335233609557043,
        0.6021329668311419,
        0.7045589713669826,
        0.43282605565722143,
        0.7132667925382293,
        0.38327786019747373,
        0.7333843430912474,
        0.7033957205854842,
        0.6968687210670881
      ],
      "positionTHREEJS": {
        "x": [
          0
        ],
        "y": [
          0
        ],
        "z": [
          0
        ]
      },
      "rotationDegrees": {
        "x": [
          26.74340414219043,
          -26.602955689280037,
          41.023041902262946,
          -37.01345204568493,
          -33.32382504153695,
          -28.96965017364127,
          -7.67130550151586,
          -16.80455521762257,
          13.302659673497153,
          8.983201991357639,
          44.18500206283066,
          -2.972025721858749,
          3.7537736485930537,
          14.909557485318516,
          32.88560336403843,
          -30.896912595877787,
          -21.244668786651026,
          -14.694331911698548,
          -39.17303420839116,
          8.647439200359862,
          9.700655996123743,
          -24.200300354436,
          39.30094846843174,
          -26.552789389370787,
          15.826724896143446,
          44.04479809022261,
          9.403070579810873,
          13.965314684980264,
          6.483642136204267,
          1.8935346427246742,
          -23.406072105557204,
          -22.78891030716041,
          27.353847715506276,
          14.030684646239997,
          13.459772069647954,
          26.251324692186728,
          -4.563323014545027,
          -29.251321306678367,
          -22.156021816850892,
          -6.868675263268493,
          -13.085555157098863,
          -6.384360688306309,
          -28.308228328695172,
          10.714654827854389,
          -5.282095511935189,
          44.93560198834612,
          44.73566533491834,
          37.99734772444067,
          14.695124320024014,
          30.37877364426069
        ],
        "y": [
          22.72360625231829,
          -6.820785261429975,
          -60.576324777112546,
          -33.11877518008354,
          -49.54617857531368,
          -31.309912064451517,
          -40.60414998542785,
          -44.68030650702766,
          -81.35409595290879,
          -55.16667168357575,
          -23.072514648284525,
          -34.525827597006185,
          -4.912222062483153,
          -45.607647720137805,
          27.289386397293356,
          76.48991283270934,
          -82.7781224109065,
          0.6876471105397002,
          2.1774028485295105,
          -1.4200306802289617,
          64.43671066455423,
          -21.554364048245432,
          -56.35006700865348,
          7.4281626787745125,
          -42.84912633778291,
          -83.89824913003359,
          -15.093050972075801,
          -38.80796791983378,
          -10.0449478582685,
          21.393159801946013,
          14.999676831145536,
          10.872156028437189,
          -56.79513893209242,
          -43.198666921922815,
          63.00126769341031,
          -81.79952947218571,
          50.704042491531084,
          -6.596967884790558,
          -4.5249750869851795,
          -29.019138977014897,
          21.862016337209724,
          -75.29451332897851,
          -73.13864115946728,
          20.27269195311446,
          64.6994604517323,
          -11.062740899481994,
          -5.200208102589315,
          83.59493197684088,
          52.12277848064721,
          28.517993747502572
        ],
        "z": [
          0,
          0,
          0,
          0,
          0,
          0,
          0,
          0,
          0,
          0,
          0,
          0,
          0,
          0,
          0,
          0,
          0,
          0,
          0,
          0,
          0,
          0,
          0,
          0,
          0,
          0,
          0,
          0,
          0,
          0,
          0,
          0,
          0,
          0,
          0,
          0,
          0,
          0,
          0,
          0,
          0,
          0,
          0,
          0,
          0,
          0,
          0,
          0,
          0,
          0
        ]
      },
      "material": {
        "type": "MeshPhysicalMaterial",
        "color": "#7F7F7F",
        "metalness": 0.25,
        "roughness": 0.65,
        "reflectivity": 0.5,
        "opacity": [
          1
        ],
        "transparent": false
      },
      "visible": [
        1
      ]
    }
  },
  "IMAGES": {
    "imagebag": "/mkturkfiles/scenebags/objectome3d/background_im_flipped/",
    "imageidx": [
      188,
      16,
      16,
      1424,
      1448,
      298,
      427,
      463,
      298,
      16,
      156,
      298,
      1406,
      1177,
      188,
      1448,
      1177,
      463,
      1406,
      1177,
      1424,
      188,
      188,
      16,
      188,
      1177,
      427,
      463,
      156,
      463,
      427,
      1177,
      16,
      1448,
      156,
      1406,
      156,
      1406,
      1448,
      1406,
      427,
      1448,
      1424,
      427,
      298,
      298,
      156,
      1424,
      463,
      1424
    ],
    "sizeTHREEJS": [
      1.61
    ]
  },