{
  "CAMERAS": {
    "camera00": {
      "type": "PerspectiveCamera",
      "fieldOfView": 45,
      "near": 0.1,
      "far": 2000,
      "position": {
        "x": [
          0
        ],
        "y": [
          0
        ],
        "z": [
          10
        ]
      },
      "targetInches": {
        "x": [
          0
        ],
        "y": [
          0
        ],
        "z": [
          0
        ]
      },
      "visible": [
        1
      ]
    }
  },
  "LIGHTS": {
    "light00": {
      "type": "DirectionalLight",
      "color": "0xffffff",
      "intensity": [
        5
      ],
      "position": {
        "x": [
          0
        ],
        "y": [
          1,
          1,
          1,
          1,
          1,
          1,
          1,
          1,
          1,
          1,
          1,
          1,
          1,
          1,
          1,
          1,
          1,
          1,
          1,
          1,
          1,
          1,
          1,
          1,
          1,
          1,
          1,
          1,
          1,
          1,
          1,
          1,
          1,
          1,
          1,
          1,
          1,
          1,
          1,
          1,
          1,
          1,
          1,
          1,
          1,
          1,
          1,
          1,
          1,
          1
        ],
        "z": [
          1
        ]
      },
      "visible": [
        1
      ]
    }
  },
  "OBJECTS": {
    "AppleMesh00_neutral": {
      "meshpath": "/mkturkfiles/scenebags/objectome3d/face/AppleMesh04_anger_4.glb",
      "objectdoc": "HeadAppleMesh00Applefacepotatohead",
      "sizeTHREEJS": [
        0.6539287453650015,
        0.6010941010914654,
        0.6594616224864853,
        0.4830787460707985,
        0.7019128143667039,
        0.7642498450008703,
        0.4020718752383239,
        0.49940415889790546,
        0.3876658742882315,
        0.3854409936612175,
        0.688685696993792,
        0.7448495459215413,
        0.5172160230311975,
        0.7504486681908196,
        0.6925068625933053,
        0.39066016005106763,
        0.4538061460537421,
        0.4517005936838402,
        0.6984434452590993,
        0.6222978912446097,
        0.3700547222847531,
        0.42007243510155096,
        0.46457166141808637,
        0.7530492710535002,
        0.5890167864328394,
        0.5379511267267056,
        0.5012937934351707,
        0.44251978031360695,
        0.5085926743217482,
        0.4701905038919625,
        0.6641515564338493,
        0.687350342369865,
        0.628182767540895,
        0.5165585421160945,
        0.680940272175608,
        0.44393570548590217,
        0.5502094589826411,
        0.7591054662318361,
        0.5892500731084936,
        0.5064268012224543,
        0.500855347773733,
        0.5417416610407845,
        0.6399266211943108,
        0.6229872959350553,
        0.6693291781378126,
        0.49889714620625847,
        0.44414597354407304,
        0.47743115849529777,
        0.6330415759773569,
        0.7456167123878914
      ],
      "positionTHREEJS": {
        "x": [
          0
        ],
        "y": [
          0
        ],
        "z": [
          0
        ]
      },
      "rotationDegrees": {
        "x": [
          11.687711920421123,
          -32.33601457306102,
          3.3554398868704283,
          14.915407658917161,
          -32.42228415127349,
          -31.104985412134024,
          26.508506349551965,
          -39.7632344702176,
          -15.276949369838238,
          -5.955349772798286,
          4.736293874042929,
          1.6130869639986756,
          42.91449351428564,
          -4.374031626823495,
          -27.153596333790105,
          42.97504209725366,
          -9.262353563624593,
          40.71760024585954,
          30.299479296071382,
          -34.47901045890676,
          -20.250717416458098,
          -39.514186567493546,
          40.02819465555007,
          -40.595621524659464,
          -24.434868206049455,
          26.688108723019894,
          13.378134343443513,
          -24.20997787158764,
          15.605415564592597,
          -37.452669481580884,
          42.7337365658117,
          19.4461754653732,
          7.5709817524834335,
          -7.597940926185238,
          -1.2888988758342492,
          36.02345918896893,
          -17.438321796404153,
          -29.130058406001485,
          26.01669644203217,
          33.62137758881012,
          -20.10385831327433,
          11.23021783839583,
          -39.042856231045974,
          39.379041460288335,
          34.498182224059846,
          -33.04440521262929,
          17.473105519603877,
          5.1337723547439325,
          -18.635531119208974,
          -23.523754780192903
        ],
        "y": [
          4.7160865181937766,
          17.325105822732823,
          -67.09746326275358,
          13.35660401848557,
          -44.72755552302543,
          -78.76476554408308,
          -14.793444538987643,
          -73.92240871014941,
          -5.948022940534969,
          29.580177102248967,
          56.67785984608736,
          71.13766029539292,
          76.74008966313176,
          70.55529752101916,
          17.920844976310036,
          -34.09379841574483,
          45.13041216715817,
          -10.49677544327865,
          -43.026463673060384,
          49.31185070298167,
          64.22797480427457,
          25.797068040904122,
          -79.55856327138554,
          50.92341042842338,
          36.119696284522774,
          87.13382241693483,
          -86.98074913639584,
          78.67349530599341,
          -34.747285326143746,
          -22.049535594031724,
          59.92648797242734,
          -70.25326282098933,
          36.42374707780898,
          -22.072324608485744,
          -34.94207476616216,
          -35.39038034019521,
          -21.456513807018425,
          -28.4797676674564,
          -83.43312472473285,
          -21.58144123744772,
          53.55989581396861,
          48.301816466767036,
          66.86555389250566,
          -78.38340944736345,
          -15.374331749541298,
          -2.957736517463232,
          -35.75335580424882,
          26.05684502280522,
          -51.34117979166719,
          -77.42481671007343
        ],
        "z": [
          0,
          0,
          0,
          0,
          0,
          0,
          0,
          0,
          0,
          0,
          0,
          0,
          0,
          0,
          0,
          0,
          0,
          0,
          0,
          0,
          0,
          0,
          0,
          0,
          0,
          0,
          0,
          0,
          0,
          0,
          0,
          0,
          0,
          0,
          0,
          0,
          0,
          0,
          0,
          0,
          0,
          0,
          0,
          0,
          0,
          0,
          0,
          0,
          0,
          0
        ]
      },
      "material": {
        "type": "MeshPhysicalMaterial",
        "color": "#7F7F7F",
        "metalness": 0.25,
        "roughness": 0.65,
        "reflectivity": 0.5,
        "opacity": [
          1
        ],
        "transparent": false
      },
      "visible": [
        1
      ]
    }
  },
  "IMAGES": {
    "imagebag": "/mkturkfiles/scenebags/objectome3d/background_im_flipped/",
    "imageidx": [
      427,
      1424,
      1424,
      1448,
      1177,
      463,
      1448,
      1448,
      298,
      188,
      188,
      1177,
      1448,
      463,
      156,
      156,
      16,
      16,
      1177,
      1406,
      463,
      1424,
      1177,
      1448,
      1406,
      427,
      427,
      188,
      1424,
      1177,
      298,
      427,
      298,
      1406,
      463,
      156,
      156,
      298,
      188,
      16,
      427,
      298,
      1424,
      463,
      156,
      16,
      188,
      1406,
      1406,
      16
    ],
    "sizeTHREEJS": [
      1.61
    ]
  },