{
  "CAMERAS": {
    "camera00": {
      "type": "PerspectiveCamera",
      "fieldOfView": 45,
      "near": 0.1,
      "far": 2000,
      "position": {
        "x": [
          0
        ],
        "y": [
          0
        ],
        "z": [
          10
        ]
      },
      "targetInches": {
        "x": [
          0
        ],
        "y": [
          0
        ],
        "z": [
          0
        ]
      },
      "visible": [
        1
      ]
    }
  },
  "LIGHTS": {
    "light00": {
      "type": "DirectionalLight",
      "color": "0xffffff",
      "intensity": [
        5
      ],
      "position": {
        "x": [
          0
        ],
        "y": [
          1,
          1,
          1,
          1,
          1,
          1,
          1,
          1,
          1,
          1,
          1,
          1,
          1,
          1,
          1,
          1,
          1,
          1,
          1,
          1,
          1,
          1,
          1,
          1,
          1,
          1,
          1,
          1,
          1,
          1,
          1,
          1,
          1,
          1,
          1,
          1,
          1,
          1,
          1,
          1,
          1,
          1,
          1,
          1,
          1,
          1,
          1,
          1,
          1,
          1
        ],
        "z": [
          1
        ]
      },
      "visible": [
        1
      ]
    }
  },
  "OBJECTS": {
    "AppleMesh00_neutral": {
      "meshpath": "/mkturkfiles/scenebags/objectome3d/face/AppleMesh10_fear_4.glb",
      "objectdoc": "HeadAppleMesh00Applefacepotatohead",
      "sizeTHREEJS": [
        0.7597285160292062,
        0.5791912634840074,
        0.5607698032862547,
        0.648549939722143,
        0.5490969707647101,
        0.616543731925722,
        0.4981769727095027,
        0.518156355788049,
        0.37605168764905594,
        0.6286086959356116,
        0.6248891453152885,
        0.38545089027599716,
        0.5654102340683973,
        0.5860193377351455,
        0.764257964313182,
        0.5547507272127307,
        0.6194146864735744,
        0.4290128607855931,
        0.6419563484934949,
        0.4806451311169934,
        0.471357168101014,
        0.5535838141061661,
        0.7300821027170359,
        0.7265989337029851,
        0.48378527251962156,
        0.4675672669706752,
        0.6176576936952493,
        0.5927686156110834,
        0.5373875737047362,
        0.4934013526168664,
        0.5674120577715849,
        0.6040987962219514,
        0.6529259345000603,
        0.6919119892363045,
        0.659060800533517,
        0.3928693134962841,
        0.6943449189569677,
        0.3707806048401872,
        0.5579712554281151,
        0.45733536217515713,
        0.400719740475994,
        0.3894090079202457,
        0.6276313598985567,
        0.5909553858266534,
        0.7343116109516438,
        0.4569749049072616,
        0.40457097463839575,
        0.5874717784190636,
        0.4891254526888264,
        0.5929669144248741
      ],
      "positionTHREEJS": {
        "x": [
          0
        ],
        "y": [
          0
        ],
        "z": [
          0
        ]
      },
      "rotationDegrees": {
        "x": [
          -42.077135011842884,
          38.7317254366165,
          -0.9135991476418681,
          -42.66933759496586,
          7.857808228234873,
          0.8709284674860669,
          41.34845305542072,
          -35.01161135295053,
          -15.131992739698013,
          40.45923007362015,
          -0.027281868362116768,
          29.768527085061166,
          37.478533678592825,
          -42.356143293208774,
          -4.587649732048625,
          30.529621801763312,
          3.1431550868076314,
          1.538183911274004,
          -23.02547798766516,
          38.51605478099083,
          12.460950520802598,
          -35.46217383340054,
          -30.2334811064882,
          16.98806738458355,
          -42.72048329313521,
          -2.1446676107352687,
          25.003492117972726,
          -31.907252514929073,
          -10.474451486457134,
          -3.0180402125020223,
          -23.23466500818767,
          44.37562993915746,
          -4.612140017552463,
          -25.621245518951213,
          -31.206393338785304,
          -5.35340621262921,
          26.814162441242033,
          -18.828959975275787,
          -39.260734693669704,
          9.118857267337539,
          -23.378117959362783,
          18.38597524581008,
          -0.5986735353829147,
          -39.72281073545424,
          -21.833696257758344,
          10.445011027711097,
          -43.188028180999304,
          0.38941516523371433,
          15.137334615494026,
          37.749420181009896
        ],
        "y": [
          -66.60634897837356,
          2.079306880137139,
          87.58450277436509,
          47.78432830415707,
          -47.49320482482826,
          -74.74018926069436,
          -14.46575528907772,
          5.50335285536903,
          14.660048557425199,
          18.69881127379149,
          -1.0106348220006822,
          -13.301372160077136,
          -39.71052447567792,
          -70.29324760632531,
          73.70861864596856,
          -58.792505002458,
          10.615792511862438,
          -14.414657720689661,
          -12.037399470975473,
          -43.17358361364799,
          34.56188877419845,
          -69.36208490401663,
          78.05658811471656,
          35.83779660326563,
          -66.24120596423438,
          81.09814757214048,
          11.377368254595595,
          -29.813938912521436,
          -8.574245040517965,
          11.30880245268061,
          -24.088631140016417,
          31.321408266250657,
          -89.98957882315987,
          52.53611096130959,
          66.33049198926426,
          70.96049639394374,
          -66.47807515702394,
          26.667018124993206,
          -54.321398001720674,
          -45.44989143453797,
          31.516444258711147,
          75.28719867316639,
          36.52839053874989,
          19.055971282816245,
          72.4752385278318,
          -29.62864334717071,
          -76.85061249329428,
          -79.47471138883087,
          -80.98768404973295,
          -53.441496317329715
        ],
        "z": [
          0,
          0,
          0,
          0,
          0,
          0,
          0,
          0,
          0,
          0,
          0,
          0,
          0,
          0,
          0,
          0,
          0,
          0,
          0,
          0,
          0,
          0,
          0,
          0,
          0,
          0,
          0,
          0,
          0,
          0,
          0,
          0,
          0,
          0,
          0,
          0,
          0,
          0,
          0,
          0,
          0,
          0,
          0,
          0,
          0,
          0,
          0,
          0,
          0,
          0
        ]
      },
      "material": {
        "type": "MeshPhysicalMaterial",
        "color": "#7F7F7F",
        "metalness": 0.25,
        "roughness": 0.65,
        "reflectivity": 0.5,
        "opacity": [
          1
        ],
        "transparent": false
      },
      "visible": [
        1
      ]
    }
  },
  "IMAGES": {
    "imagebag": "/mkturkfiles/scenebags/objectome3d/background_im_flipped/",
    "imageidx": [
      1448,
      1177,
      1406,
      1177,
      188,
      463,
      1448,
      1448,
      1424,
      1177,
      16,
      298,
      298,
      1177,
      188,
      1406,
      1406,
      298,
      427,
      427,
      1448,
      156,
      1406,
      16,
      1448,
      1177,
      188,
      298,
      427,
      463,
      16,
      427,
      1424,
      298,
      1424,
      156,
      16,
      156,
      1424,
      156,
      1424,
      463,
      188,
      463,
      16,
      427,
      188,
      1406,
      463,
      156
    ],
    "sizeTHREEJS": [
      1.61
    ]
  },