{
  "CAMERAS": {
    "camera00": {
      "type": "PerspectiveCamera",
      "fieldOfView": 45,
      "near": 0.1,
      "far": 2000,
      "position": {
        "x": [
          0
        ],
        "y": [
          0
        ],
        "z": [
          10
        ]
      },
      "targetInches": {
        "x": [
          0
        ],
        "y": [
          0
        ],
        "z": [
          0
        ]
      },
      "visible": [
        1
      ]
    }
  },
  "LIGHTS": {
    "light00": {
      "type": "DirectionalLight",
      "color": "0xffffff",
      "intensity": [
        5
      ],
      "position": {
        "x": [
          0
        ],
        "y": [
          1,
          1,
          1,
          1,
          1,
          1,
          1,
          1,
          1,
          1,
          1,
          1,
          1,
          1,
          1,
          1,
          1,
          1,
          1,
          1,
          1,
          1,
          1,
          1,
          1,
          1,
          1,
          1,
          1,
          1,
          1,
          1,
          1,
          1,
          1,
          1,
          1,
          1,
          1,
          1,
          1,
          1,
          1,
          1,
          1,
          1,
          1,
          1,
          1,
          1
        ],
        "z": [
          1
        ]
      },
      "visible": [
        1
      ]
    }
  },
  "OBJECTS": {
    "AppleMesh00_neutral": {
      "meshpath": "/mkturkfiles/scenebags/objectome3d/face/AppleMesh11_disgust_4.glb",
      "objectdoc": "HeadAppleMesh00Applefacepotatohead",
      "sizeTHREEJS": [
        0.437667586829664,
        0.546603681136897,
        0.4486060038123753,
        0.4058948407906753,
        0.505675700233682,
        0.5563033621226018,
        0.48937942791905353,
        0.4355674446955047,
        0.7392410519969242,
        0.546838095754,
        0.39710384986357466,
        0.6113186802077607,
        0.5664632579879113,
        0.5001608678448408,
        0.45975046438258527,
        0.5135030402969853,
        0.46041905914523507,
        0.6747537193454698,
        0.46298724068322633,
        0.49018706650591104,
        0.7315327171797541,
        0.6697579575156773,
        0.3848132464964948,
        0.696819780003288,
        0.5241833271645264,
        0.40552304689632684,
        0.42031663295223587,
        0.6795308386843726,
        0.5818749775821349,
        0.7408746482166331,
        0.40234479158212855,
        0.6068617023744901,
        0.4371953765883462,
        0.47548054791992833,
        0.7391032991716922,
        0.5157124901088849,
        0.3737136343639387,
        0.4371270955602802,
        0.4816323437903135,
        0.3746785506706077,
        0.5319957618582712,
        0.5227794102238744,
        0.48085968554735303,
        0.4242350446157932,
        0.7064480205379153,
        0.43768407608309834,
        0.4001727603135598,
        0.41781660635682316,
        0.5820505794039275,
        0.7346516425006551
      ],
      "positionTHREEJS": {
        "x": [
          0
        ],
        "y": [
          0
        ],
        "z": [
          0
        ]
      },
      "rotationDegrees": {
        "x": [
          -1.0453468103072439,
          -10.861139216435667,
          -30.25725625622206,
          1.788245595803275,
          -26.672819491481718,
          7.310221465763149,
          32.57888593151546,
          -38.90093546571002,
          41.80586403256147,
          5.471696447526867,
          -0.0892122324960809,
          14.862329989976715,
          -18.680064171361668,
          -24.928149525169836,
          -3.0990784381015004,
          -37.84411254765169,
          -31.774724626380465,
          -30.989159827796996,
          28.850907781598323,
          40.92190085244518,
          38.35909738592058,
          -25.112551492345926,
          -11.268004490545913,
          25.36824022251838,
          -38.26875037704929,
          -18.221968255414073,
          4.467835770707509,
          -20.71707849611315,
          -35.02587936287809,
          -18.305930543872172,
          -17.334932202716168,
          -17.74030257934746,
          -1.6874816388193565,
          -41.822291668802535,
          20.18653235680408,
          29.975050625812884,
          42.525365110468115,
          25.196540032691487,
          -34.92588637393741,
          21.193037133718008,
          0.6929640757625393,
          -21.12826400894675,
          -7.805662003141755,
          10.969551591099567,
          27.10152088149107,
          4.920987487112761,
          -36.215208156101916,
          41.936676346802415,
          -20.977395075252048,
          -11.769308061712735
        ],
        "y": [
          -72.7066072288432,
          -41.313292567684684,
          21.049546350397208,
          2.263932834466644,
          -72.9514843326601,
          -17.435043406368465,
          33.06383948506458,
          27.49621020752518,
          89.28496520465586,
          -66.01759202477194,
          67.31822318683601,
          42.81726018095742,
          -51.86706755203171,
          -44.03529135467902,
          -81.00432318061463,
          57.11421360678506,
          -77.39494044741346,
          -38.67981666801217,
          -75.64302101075222,
          74.89359575250609,
          16.64434259398932,
          80.55886429626523,
          38.223467614915165,
          19.439018216254354,
          72.67606759189866,
          8.216410517753943,
          -61.51839670412297,
          69.63341717195476,
          40.12497604126557,
          -57.69330038578299,
          -7.564997135449943,
          -15.913035171421427,
          17.38532132516015,
          -38.29095160993981,
          -86.47934124329538,
          88.81670798667653,
          54.8533003332488,
          53.686287811567325,
          32.791147476829025,
          52.38289056586197,
          -19.887206478976026,
          82.30883363526118,
          -11.592937280975974,
          -57.948071444445574,
          -31.45360733669743,
          -83.3664123940606,
          13.054236339653599,
          45.873535310748565,
          46.807354923720254,
          -64.11943751920055
        ],
        "z": [
          0,
          0,
          0,
          0,
          0,
          0,
          0,
          0,
          0,
          0,
          0,
          0,
          0,
          0,
          0,
          0,
          0,
          0,
          0,
          0,
          0,
          0,
          0,
          0,
          0,
          0,
          0,
          0,
          0,
          0,
          0,
          0,
          0,
          0,
          0,
          0,
          0,
          0,
          0,
          0,
          0,
          0,
          0,
          0,
          0,
          0,
          0,
          0,
          0,
          0
        ]
      },
      "material": {
        "type": "MeshPhysicalMaterial",
        "color": "#7F7F7F",
        "metalness": 0.25,
        "roughness": 0.65,
        "reflectivity": 0.5,
        "opacity": [
          1
        ],
        "transparent": false
      },
      "visible": [
        1
      ]
    }
  },
  "IMAGES": {
    "imagebag": "/mkturkfiles/scenebags/objectome3d/background_im_flipped/",
    "imageidx": [
      16,
      188,
      1448,
      1406,
      298,
      463,
      1424,
      463,
      427,
      427,
      1177,
      1177,
      1406,
      1424,
      463,
      427,
      1177,
      298,
      156,
      427,
      1406,
      1424,
      1448,
      298,
      188,
      298,
      156,
      16,
      1448,
      1424,
      1177,
      188,
      1177,
      16,
      463,
      463,
      16,
      1448,
      156,
      427,
      188,
      156,
      1424,
      298,
      156,
      188,
      1406,
      1406,
      1448,
      16
    ],
    "sizeTHREEJS": [
      1.61
    ]
  },