{
  "CAMERAS": {
    "camera00": {
      "type": "PerspectiveCamera",
      "fieldOfView": 45,
      "near": 0.1,
      "far": 2000,
      "position": {
        "x": [
          0
        ],
        "y": [
          0
        ],
        "z": [
          10
        ]
      },
      "targetInches": {
        "x": [
          0
        ],
        "y": [
          0
        ],
        "z": [
          0
        ]
      },
      "visible": [
        1
      ]
    }
  },
  "LIGHTS": {
    "light00": {
      "type": "DirectionalLight",
      "color": "0xffffff",
      "intensity": [
        5
      ],
      "position": {
        "x": [
          0
        ],
        "y": [
          1,
          1,
          1,
          1,
          1,
          1,
          1,
          1,
          1,
          1,
          1,
          1,
          1,
          1,
          1,
          1,
          1,
          1,
          1,
          1,
          1,
          1,
          1,
          1,
          1,
          1,
          1,
          1,
          1,
          1,
          1,
          1,
          1,
          1,
          1,
          1,
          1,
          1,
          1,
          1,
          1,
          1,
          1,
          1,
          1,
          1,
          1,
          1,
          1,
          1
        ],
        "z": [
          1
        ]
      },
      "visible": [
        1
      ]
    }
  },
  "OBJECTS": {
    "AppleMesh00_neutral": {
      "meshpath": "/mkturkfiles/scenebags/objectome3d/face/AppleMesh09_surprise_4.glb",
      "objectdoc": "HeadAppleMesh00Applefacepotatohead",
      "sizeTHREEJS": [
        0.3995311592008365,
        0.4587998181812196,
        0.43498504820256,
        0.46533819753925787,
        0.4098814773629044,
        0.5251246180551015,
        0.45842833201453237,
        0.504868362740789,
        0.5780500844847708,
        0.7549041624937372,
        0.5958366029009134,
        0.6683744242475229,
        0.38657055561510273,
        0.6976617025978029,
        0.624004581427171,
        0.6117051757786489,
        0.41469989320436595,
        0.4179373429426905,
        0.7420216212807487,
        0.5437106931920529,
        0.7124085712441717,
        0.7584833036634667,
        0.7430923112068508,
        0.46438434870149714,
        0.6957754498284363,
        0.7422564926005506,
        0.6141162845710155,
        0.7146048447712451,
        0.5848496641575813,
        0.37165145822011103,
        0.7646588159699137,
        0.6797274770715591,
        0.73219437758461,
        0.4832321229209521,
        0.38961849555955674,
        0.5733948648408578,
        0.3860835100585946,
        0.7225418023708483,
        0.45501251979198215,
        0.7270904181451776,
        0.5161040822914369,
        0.6396796403365645,
        0.38869864290593636,
        0.41814249584367935,
        0.6463836591610164,
        0.379741543999558,
        0.7593672905593079,
        0.3969680238090529,
        0.49782558862742143,
        0.690283082745883
      ],
      "positionTHREEJS": {
        "x": [
          0
        ],
        "y": [
          0
        ],
        "z": [
          0
        ]
      },
      "rotationDegrees": {
        "x": [
          24.92844973032085,
          7.904994099087872,
          11.388364222610107,
          -17.991268443297418,
          22.559775454776542,
          31.45490064785895,
          -29.08240927969339,
          6.403858799136735,
          -43.53054663141894,
          14.853858360149879,
          -19.03443416293533,
          -25.868383698863653,
          -3.307450525266553,
          -22.551964130119007,
          27.00571412083127,
          35.93862410429807,
          -16.704410662784635,
          22.879280225612064,
          20.221020577988142,
          -41.987002715546566,
          -0.5542518705121324,
          -26.805981736669573,
          -30.42084836823506,
          13.609936560172102,
          -10.81941688625394,
          14.115896992105164,
          -18.479510175697325,
          32.61125176770285,
          -22.156941548934924,
          22.173546391149017,
          39.9631281576831,
          34.0855809878924,
          -40.970756845918935,
          11.979722644788396,
          -19.655162151965573,
          -3.8259685244587445,
          -8.120450608325633,
          2.147274511861312,
          23.14342922340451,
          -21.246233061616742,
          -20.220832986388917,
          19.84064516315908,
          18.083466406097024,
          -34.07949860804162,
          6.028196105917729,
          -18.55345080913823,
          -18.314005189672216,
          -28.6581969636173,
          7.496682485331419,
          37.959273137092055
        ],
        "y": [
          -68.02372946840349,
          -12.049354739849619,
          -41.69519593287313,
          -20.108644507155603,
          -71.51810344864907,
          28.636733729403502,
          -84.94843745655784,
          14.633539604310613,
          72.76097822404427,
          -19.38489664231807,
          -55.33986492832663,
          29.015384568211672,
          21.777700556835057,
          79.55956624811262,
          -12.514518512630573,
          -20.87845232354566,
          77.04749441803287,
          67.85258714686091,
          -65.13059800354807,
          -54.58170290528174,
          -46.58880115023548,
          25.030603243266967,
          -29.069235987663163,
          -13.585885546135188,
          15.612719528930711,
          -85.03862954488895,
          7.408173318849421,
          -55.59923297453034,
          62.268719996315696,
          -40.479157757272745,
          5.2479118120441655,
          25.747876855446904,
          -58.38006823229328,
          25.398678295646818,
          76.36939225773563,
          77.5873245555116,
          -2.26992825197253,
          -14.928869442023426,
          79.8897281354831,
          78.902774549952,
          31.75364501439033,
          -44.490977965807154,
          2.931229643052916,
          -40.77847442821607,
          -36.87419308949699,
          -27.920987644874437,
          65.47861152500278,
          -40.102052068904435,
          -87.92964908803452,
          69.48326370642093
        ],
        "z": [
          0,
          0,
          0,
          0,
          0,
          0,
          0,
          0,
          0,
          0,
          0,
          0,
          0,
          0,
          0,
          0,
          0,
          0,
          0,
          0,
          0,
          0,
          0,
          0,
          0,
          0,
          0,
          0,
          0,
          0,
          0,
          0,
          0,
          0,
          0,
          0,
          0,
          0,
          0,
          0,
          0,
          0,
          0,
          0,
          0,
          0,
          0,
          0,
          0,
          0
        ]
      },
      "material": {
        "type": "MeshPhysicalMaterial",
        "color": "#7F7F7F",
        "metalness": 0.25,
        "roughness": 0.65,
        "reflectivity": 0.5,
        "opacity": [
          1
        ],
        "transparent": false
      },
      "visible": [
        1
      ]
    }
  },
  "IMAGES": {
    "imagebag": "/mkturkfiles/scenebags/objectome3d/background_im_flipped/",
    "imageidx": [
      1177,
      188,
      463,
      463,
      156,
      1406,
      1448,
      427,
      1424,
      1177,
      16,
      1448,
      427,
      1177,
      463,
      298,
      1424,
      298,
      156,
      463,
      1448,
      427,
      156,
      188,
      1177,
      1177,
      16,
      1448,
      156,
      298,
      427,
      188,
      188,
      298,
      188,
      16,
      16,
      463,
      1406,
      1424,
      156,
      298,
      1406,
      427,
      1424,
      16,
      1448,
      1424,
      1406,
      1406
    ],
    "sizeTHREEJS": [
      1.61
    ]
  },