{
  "CAMERAS": {
    "camera00": {
      "type": "PerspectiveCamera",
      "fieldOfView": 45,
      "near": 0.1,
      "far": 2000,
      "position": {
        "x": [
          0
        ],
        "y": [
          0
        ],
        "z": [
          10
        ]
      },
      "targetInches": {
        "x": [
          0
        ],
        "y": [
          0
        ],
        "z": [
          0
        ]
      },
      "visible": [
        1
      ]
    }
  },
  "LIGHTS": {
    "light00": {
      "type": "DirectionalLight",
      "color": "0xffffff",
      "intensity": [
        5
      ],
      "position": {
        "x": [
          0
        ],
        "y": [
          1,
          1,
          1,
          1,
          1,
          1,
          1,
          1,
          1,
          1,
          1,
          1,
          1,
          1,
          1,
          1,
          1,
          1,
          1,
          1,
          1,
          1,
          1,
          1,
          1,
          1,
          1,
          1,
          1,
          1,
          1,
          1,
          1,
          1,
          1,
          1,
          1,
          1,
          1,
          1,
          1,
          1,
          1,
          1,
          1,
          1,
          1,
          1,
          1,
          1
        ],
        "z": [
          1
        ]
      },
      "visible": [
        1
      ]
    }
  },
  "OBJECTS": {
    "AppleMesh00_neutral": {
      "meshpath": "/mkturkfiles/scenebags/objectome3d/face/AppleMesh04_happiness_4.glb",
      "objectdoc": "HeadAppleMesh00Applefacepotatohead",
      "sizeTHREEJS": [
        0.4911290216257497,
        0.41160926719160423,
        0.6545185380024906,
        0.7295090669648222,
        0.7509849860491362,
        0.4252275305366566,
        0.7396012052194778,
        0.648950292334554,
        0.7461444230389427,
        0.6544136543582205,
        0.37696971765085924,
        0.6987098732711972,
        0.49501544784908696,
        0.6387526766500728,
        0.5164043687404105,
        0.5435685343669779,
        0.39596385809080303,
        0.7052803553742146,
        0.7606024488743753,
        0.7079355444444402,
        0.3837770940954764,
        0.4286014437729643,
        0.6008174490137574,
        0.6639950240507453,
        0.492405956979057,
        0.3946077903281876,
        0.6558176706805638,
        0.5086609874824276,
        0.7397548485972265,
        0.7217389457770471,
        0.525272193324801,
        0.5653348860347327,
        0.42737550246590733,
        0.6999817877437253,
        0.4319561837509237,
        0.3963668695496673,
        0.6823376621457781,
        0.5545074732066175,
        0.6509884456847678,
        0.578473609173795,
        0.624269438128652,
        0.6236396337206549,
        0.4081125770426851,
        0.574231886517852,
        0.6793011518960781,
        0.3988799364307402,
        0.6958347973521677,
        0.5657555140863252,
        0.4172430386934634,
        0.6435011935149502
      ],
      "positionTHREEJS": {
        "x": [
          0
        ],
        "y": [
          0
        ],
        "z": [
          0
        ]
      },
      "rotationDegrees": {
        "x": [
          4.310936046961054,
          -40.85736256440161,
          -37.76923379197128,
          -29.592612413498582,
          11.624177585731381,
          27.542891098341386,
          36.68831558075067,
          10.54017948993986,
          -30.50177077874248,
          43.4652326269957,
          -37.41774429798379,
          7.4750530135945255,
          -1.3111417046608338,
          23.35625006302797,
          -12.372930039998764,
          37.07440031188192,
          -21.237858511531194,
          22.681052786399462,
          33.9969107410992,
          -15.476143661455907,
          -15.363123539492353,
          -39.809413595595785,
          -15.916512687725024,
          26.676360576025772,
          -9.78537834609493,
          19.540162084260402,
          -43.46287648836851,
          25.639775493735797,
          -21.099110369037394,
          25.62924415104449,
          25.844144508672997,
          -8.061544903908725,
          23.84028148308552,
          -43.284490100138974,
          13.655062708694324,
          11.442931220473149,
          13.987520365630871,
          2.9076732760249584,
          -27.250510638051118,
          -12.194776015941343,
          24.3314982621541,
          -12.466578010891205,
          -0.9814453843550055,
          -21.42152029381168,
          -0.2703184961978238,
          36.303513961259895,
          39.56999766213036,
          -2.610324966221924,
          21.060976373692398,
          20.13854003296808
        ],
        "y": [
          66.85726401112652,
          -71.4683049650927,
          -49.82630555052137,
          -64.41080927615826,
          87.45111756572095,
          59.86743612968684,
          22.374303205584695,
          -34.904162255769066,
          33.710546320996315,
          76.08360343750687,
          3.286327201893684,
          12.887317767615201,
          -10.627019981223114,
          60.00631548508915,
          71.67544073947442,
          16.48587037712491,
          -57.84262595917603,
          -2.2127003506777214,
          -11.566725422255999,
          -76.87368476434969,
          -64.74547456860978,
          -21.859673271101315,
          35.70402671362794,
          64.59970113829556,
          82.52529568197207,
          -68.69598541695353,
          50.360749347862,
          14.856710893196194,
          -15.93834103171207,
          23.98064676894093,
          71.99043789258852,
          14.290994606513166,
          -40.221950093281514,
          -76.42908318461741,
          47.1816347131728,
          68.62138263556639,
          -71.2639917152912,
          22.53271480225311,
          39.99928740967067,
          6.308874187525845,
          80.30783580071378,
          42.32598969820225,
          53.56925020296325,
          -19.96828870483654,
          -27.82864467272512,
          77.28841344940167,
          55.711906385021024,
          -25.647459832773706,
          0.9618868424870044,
          29.110713321455577
        ],
        "z": [
          0,
          0,
          0,
          0,
          0,
          0,
          0,
          0,
          0,
          0,
          0,
          0,
          0,
          0,
          0,
          0,
          0,
          0,
          0,
          0,
          0,
          0,
          0,
          0,
          0,
          0,
          0,
          0,
          0,
          0,
          0,
          0,
          0,
          0,
          0,
          0,
          0,
          0,
          0,
          0,
          0,
          0,
          0,
          0,
          0,
          0,
          0,
          0,
          0,
          0
        ]
      },
      "material": {
        "type": "MeshPhysicalMaterial",
        "color": "#7F7F7F",
        "metalness": 0.25,
        "roughness": 0.65,
        "reflectivity": 0.5,
        "opacity": [
          1
        ],
        "transparent": false
      },
      "visible": [
        1
      ]
    }
  },
  "IMAGES": {
    "imagebag": "/mkturkfiles/scenebags/objectome3d/background_im_flipped/",
    "imageidx": [
      156,
      1406,
      463,
      188,
      298,
      298,
      1406,
      188,
      463,
      1177,
      1406,
      427,
      1424,
      1448,
      16,
      188,
      156,
      156,
      1448,
      1177,
      1424,
      16,
      188,
      16,
      1406,
      427,
      1177,
      298,
      1448,
      16,
      427,
      1177,
      463,
      1424,
      1424,
      463,
      1177,
      427,
      1406,
      1424,
      156,
      1448,
      298,
      156,
      427,
      298,
      1448,
      188,
      463,
      16
    ],
    "sizeTHREEJS": [
      1.61
    ]
  },