{
  "CAMERAS": {
    "camera00": {
      "type": "PerspectiveCamera",
      "fieldOfView": 45,
      "near": 0.1,
      "far": 2000,
      "position": {
        "x": [
          0
        ],
        "y": [
          0
        ],
        "z": [
          10
        ]
      },
      "targetInches": {
        "x": [
          0
        ],
        "y": [
          0
        ],
        "z": [
          0
        ]
      },
      "visible": [
        1
      ]
    }
  },
  "LIGHTS": {
    "light00": {
      "type": "DirectionalLight",
      "color": "0xffffff",
      "intensity": [
        5
      ],
      "position": {
        "x": [
          0
        ],
        "y": [
          1,
          1,
          1,
          1,
          1,
          1,
          1,
          1,
          1,
          1,
          1,
          1,
          1,
          1,
          1,
          1,
          1,
          1,
          1,
          1,
          1,
          1,
          1,
          1,
          1,
          1,
          1,
          1,
          1,
          1,
          1,
          1,
          1,
          1,
          1,
          1,
          1,
          1,
          1,
          1,
          1,
          1,
          1,
          1,
          1,
          1,
          1,
          1,
          1,
          1
        ],
        "z": [
          1
        ]
      },
      "visible": [
        1
      ]
    }
  },
  "OBJECTS": {
    "AppleMesh00_neutral": {
      "meshpath": "/mkturkfiles/scenebags/objectome3d/face/AppleMesh10_sadness_4.glb",
      "objectdoc": "HeadAppleMesh00Applefacepotatohead",
      "sizeTHREEJS": [
        0.3884831420996794,
        0.7544524491441347,
        0.6051715069015381,
        0.6332002394249046,
        0.5860589702616726,
        0.5867002225145367,
        0.7579179908324796,
        0.7144746184213899,
        0.6467989405676979,
        0.48631476758150294,
        0.39905388271851283,
        0.4707519738378778,
        0.568510047778425,
        0.4729554098485331,
        0.5655948935487293,
        0.6658938601266381,
        0.38607207116589903,
        0.4393183999817533,
        0.7555567261822114,
        0.5761015854147166,
        0.5973924979846634,
        0.7120553774852171,
        0.5961592632791769,
        0.5549231076974119,
        0.5820722478392383,
        0.7068026681689388,
        0.5242632586838364,
        0.6110050868213084,
        0.38167823903199966,
        0.7299463069922776,
        0.648551878755964,
        0.3806962552968351,
        0.6975072481051068,
        0.37600911176938606,
        0.6108277265242104,
        0.4995863608033353,
        0.7410004827442087,
        0.5620577173741065,
        0.4816741722401779,
        0.7260727262231746,
        0.42498436714746407,
        0.6062904869833036,
        0.6003044315040715,
        0.5212527217627148,
        0.729443704389434,
        0.4754387838408697,
        0.5086624549241952,
        0.42804456558031456,
        0.701704498956323,
        0.48011962331288405
      ],
      "positionTHREEJS": {
        "x": [
          0
        ],
        "y": [
          0
        ],
        "z": [
          0
        ]
      },
      "rotationDegrees": {
        "x": [
          -24.65912681984361,
          20.18648885115506,
          -5.5191516013967,
          -23.42246371052864,
          -12.58248638718689,
          -19.20082034137813,
          -26.27238006290404,
          -41.254469253651145,
          -39.7030909662799,
          35.25825821624602,
          -41.54224807442792,
          35.942534031715184,
          -36.648788283087356,
          -43.07099521214313,
          -33.12968777101175,
          -10.973309114394254,
          -35.219427949858,
          -26.166073869484496,
          -37.8413276952982,
          4.709385321011915,
          40.458053222884246,
          -23.865276846772435,
          -0.9108027383135848,
          41.623193152963424,
          15.992458067065577,
          32.146562599392695,
          16.165239179751687,
          -32.090365104231125,
          -41.31611149189759,
          24.606352664643538,
          38.059203856103665,
          15.716219263537376,
          35.358236648897176,
          6.684955430995565,
          -20.03035084323196,
          25.62948148814965,
          -19.412422713896948,
          -17.34967047199349,
          1.9123277239980183,
          21.959922715457438,
          -23.075947555231657,
          -25.313393201124562,
          -37.66317080718265,
          1.556582186704965,
          -0.458051022091567,
          -5.649504091775192,
          -5.1684149084502025,
          -39.902602131624384,
          -31.90222447739176,
          -1.860058908611947
        ],
        "y": [
          35.98069371148192,
          -10.89372987586934,
          77.64918274269391,
          50.793607919482554,
          17.184774422004423,
          31.583747853256497,
          -23.73213268527229,
          63.09181611179736,
          -37.00133393039002,
          20.849808161472282,
          -48.58434396015242,
          62.81166800945232,
          12.654822462414458,
          72.5126992441404,
          -35.92669288311919,
          -20.54202978933496,
          -39.24674319410086,
          88.78377160896014,
          -83.45600681889215,
          -74.0466500100814,
          -42.90387245865545,
          81.14607427937364,
          -12.494084489711085,
          40.67263045363657,
          -16.010269057847424,
          -67.82318436081401,
          -71.86682485754771,
          -33.811401061423155,
          30.841982924611628,
          27.81256626210893,
          52.6649267543894,
          61.67645380115158,
          -17.120157906248707,
          -33.11374692512108,
          -77.22577986068615,
          -65.04510460682953,
          -25.178379702662497,
          -54.421203933389904,
          -12.98791020565416,
          28.101231410117137,
          32.24054372322735,
          54.768162974153,
          4.036005832139594,
          23.509526970003975,
          54.58584083109744,
          47.34524822127295,
          -7.44933988568701,
          67.80338967885922,
          -45.35929301861095,
          53.70714688696572
        ],
        "z": [
          0,
          0,
          0,
          0,
          0,
          0,
          0,
          0,
          0,
          0,
          0,
          0,
          0,
          0,
          0,
          0,
          0,
          0,
          0,
          0,
          0,
          0,
          0,
          0,
          0,
          0,
          0,
          0,
          0,
          0,
          0,
          0,
          0,
          0,
          0,
          0,
          0,
          0,
          0,
          0,
          0,
          0,
          0,
          0,
          0,
          0,
          0,
          0,
          0,
          0
        ]
      },
      "material": {
        "type": "MeshPhysicalMaterial",
        "color": "#7F7F7F",
        "metalness": 0.25,
        "roughness": 0.65,
        "reflectivity": 0.5,
        "opacity": [
          1
        ],
        "transparent": false
      },
      "visible": [
        1
      ]
    }
  },
  "IMAGES": {
    "imagebag": "/mkturkfiles/scenebags/objectome3d/background_im_flipped/",
    "imageidx": [
      1406,
      463,
      1177,
      156,
      16,
      1406,
      298,
      1448,
      16,
      156,
      16,
      1406,
      16,
      298,
      16,
      188,
      1448,
      188,
      298,
      1448,
      463,
      427,
      463,
      427,
      1406,
      298,
      1406,
      1424,
      427,
      1177,
      1424,
      427,
      188,
      298,
      1448,
      156,
      1177,
      1448,
      188,
      1424,
      1177,
      188,
      463,
      1424,
      156,
      463,
      1177,
      427,
      1424,
      156
    ],
    "sizeTHREEJS": [
      1.61
    ]
  },