{
  "CAMERAS": {
    "camera00": {
      "type": "PerspectiveCamera",
      "fieldOfView": 45,
      "near": 0.1,
      "far": 2000,
      "position": {
        "x": [
          0
        ],
        "y": [
          0
        ],
        "z": [
          10
        ]
      },
      "targetInches": {
        "x": [
          0
        ],
        "y": [
          0
        ],
        "z": [
          0
        ]
      },
      "visible": [
        1
      ]
    }
  },
  "LIGHTS": {
    "light00": {
      "type": "DirectionalLight",
      "color": "0xffffff",
      "intensity": [
        5
      ],
      "position": {
        "x": [
          0
        ],
        "y": [
          1,
          1,
          1,
          1,
          1,
          1,
          1,
          1,
          1,
          1,
          1,
          1,
          1,
          1,
          1,
          1,
          1,
          1,
          1,
          1,
          1,
          1,
          1,
          1,
          1,
          1,
          1,
          1,
          1,
          1,
          1,
          1,
          1,
          1,
          1,
          1,
          1,
          1,
          1,
          1,
          1,
          1,
          1,
          1,
          1,
          1,
          1,
          1,
          1,
          1
        ],
        "z": [
          1
        ]
      },
      "visible": [
        1
      ]
    }
  },
  "OBJECTS": {
    "AppleMesh00_neutral": {
      "meshpath": "/mkturkfiles/scenebags/objectome3d/face/AppleMesh03_happiness_4.glb",
      "objectdoc": "HeadAppleMesh00Applefacepotatohead",
      "sizeTHREEJS": [
        0.5439505755640537,
        0.395789082389077,
        0.42472598835283837,
        0.607765617858573,
        0.5287585537158386,
        0.5230035086268087,
        0.7531701736835217,
        0.5847332309300896,
        0.6082095128774951,
        0.633963095486377,
        0.7079473536087292,
        0.7638225322454122,
        0.3982467766919597,
        0.5957712085692428,
        0.4469869399529257,
        0.6788755658392439,
        0.5756783180478031,
        0.7150288806180158,
        0.7066675360056562,
        0.5154322568022086,
        0.4898736695398362,
        0.585256392991618,
        0.4217847190060888,
        0.5572887031904372,
        0.6108229393544402,
        0.6480959224950196,
        0.7305439576994605,
        0.6877007385565561,
        0.507721968583253,
        0.4787419901593193,
        0.4499196581792103,
        0.576391179879885,
        0.3935142290423147,
        0.5261714239340545,
        0.4969303054730748,
        0.6448622018372241,
        0.6832841475286395,
        0.7159956392155322,
        0.601097022644933,
        0.6440580109407206,
        0.5326686207515974,
        0.47644447015817687,
        0.7212610224080246,
        0.4180079741876809,
        0.4890045748090759,
        0.45140877520989175,
        0.709753187115424,
        0.7022096782639509,
        0.5851475756315951,
        0.6565254166025307
      ],
      "positionTHREEJS": {
        "x": [
          0
        ],
        "y": [
          0
        ],
        "z": [
          0
        ]
      },
      "rotationDegrees": {
        "x": [
          -2.974152980608949,
          4.494531175751675,
          21.658990333672108,
          -31.419724124641697,
          -33.71924906708549,
          -18.308724507830856,
          14.86152310670009,
          -30.113756307747686,
          -35.69494281462452,
          -43.4187511152201,
          -15.18960320336867,
          36.14292921896222,
          -26.044773851925676,
          -24.913900875328725,
          21.066638783361682,
          30.514713682969784,
          26.25186331813508,
          -32.458860673344546,
          -39.7429852585644,
          26.800672839189602,
          38.35053144181646,
          -20.887402101616328,
          31.031216205427995,
          7.984390210053583,
          -15.954777247821514,
          -13.280022312922021,
          -16.753173940473964,
          16.946511592003695,
          -28.833978332938774,
          -39.638753243376506,
          -22.74042133145538,
          33.62349695972573,
          21.09178765777459,
          -28.263605376173224,
          -29.90771782761809,
          34.38115072156246,
          -12.758773125677806,
          -39.55893256564309,
          12.271646521333551,
          10.623178864775092,
          -24.71785422153749,
          -8.775509606585132,
          -13.847977362065265,
          4.608468480918788,
          -23.624232246355618,
          -17.527323745588554,
          26.69708320844694,
          29.51549095659618,
          8.26583140559044,
          -20.782082925346277
        ],
        "y": [
          -71.36872757153392,
          24.87536597836572,
          47.603161991256485,
          7.662177208561445,
          -29.524834062293607,
          -62.939655397820616,
          49.43584352859796,
          -45.86265437424087,
          4.934392747270834,
          -44.94596650753304,
          79.2238766903493,
          48.633794915044575,
          26.77103170977726,
          -58.716875133212326,
          -47.76403081135647,
          3.0414317501448096,
          77.47922891642949,
          -45.226038340136384,
          86.44040322365106,
          28.048257884600787,
          -82.75962623980746,
          -58.3718939900461,
          60.95881221685735,
          -25.75967586379751,
          -88.18059641247878,
          -86.38306074016077,
          38.98493049391206,
          57.56331881631121,
          -20.767325388261938,
          -18.473685331345408,
          -19.140887142972048,
          88.77724423691413,
          12.180664598680252,
          46.15393068368118,
          -4.863697162831286,
          -88.26298957501334,
          33.330551055533164,
          -38.51999555100702,
          25.750827772880086,
          37.5637335258978,
          -26.343367123685447,
          28.329244740748692,
          -88.1991662376753,
          24.553742813720987,
          84.69500217111215,
          8.082859757894525,
          6.304489809861479,
          23.96131928895835,
          11.957333237006324,
          -16.30092436741866
        ],
        "z": [
          0,
          0,
          0,
          0,
          0,
          0,
          0,
          0,
          0,
          0,
          0,
          0,
          0,
          0,
          0,
          0,
          0,
          0,
          0,
          0,
          0,
          0,
          0,
          0,
          0,
          0,
          0,
          0,
          0,
          0,
          0,
          0,
          0,
          0,
          0,
          0,
          0,
          0,
          0,
          0,
          0,
          0,
          0,
          0,
          0,
          0,
          0,
          0,
          0,
          0
        ]
      },
      "material": {
        "type": "MeshPhysicalMaterial",
        "color": "#7F7F7F",
        "metalness": 0.25,
        "roughness": 0.65,
        "reflectivity": 0.5,
        "opacity": [
          1
        ],
        "transparent": false
      },
      "visible": [
        1
      ]
    }
  },
  "IMAGES": {
    "imagebag": "/mkturkfiles/scenebags/objectome3d/background_im_flipped/",
    "imageidx": [
      427,
      1177,
      427,
      463,
      1177,
      463,
      156,
      1406,
      1448,
      298,
      1406,
      427,
      427,
      1424,
      298,
      188,
      1448,
      156,
      16,
      156,
      1424,
      1406,
      298,
      1424,
      188,
      427,
      1177,
      1424,
      1448,
      1448,
      1406,
      16,
      463,
      156,
      1424,
      188,
      1406,
      463,
      188,
      16,
      16,
      188,
      1177,
      298,
      1177,
      298,
      463,
      1448,
      156,
      16
    ],
    "sizeTHREEJS": [
      1.61
    ]
  },