{
  "CAMERAS": {
    "camera00": {
      "type": "PerspectiveCamera",
      "fieldOfView": 45,
      "near": 0.1,
      "far": 2000,
      "position": {
        "x": [
          0
        ],
        "y": [
          0
        ],
        "z": [
          10
        ]
      },
      "targetInches": {
        "x": [
          0
        ],
        "y": [
          0
        ],
        "z": [
          0
        ]
      },
      "visible": [
        1
      ]
    }
  },
  "LIGHTS": {
    "light00": {
      "type": "DirectionalLight",
      "color": "0xffffff",
      "intensity": [
        5
      ],
      "position": {
        "x": [
          0
        ],
        "y": [
          1,
          1,
          1,
          1,
          1,
          1,
          1,
          1,
          1,
          1,
          1,
          1,
          1,
          1,
          1,
          1,
          1,
          1,
          1,
          1,
          1,
          1,
          1,
          1,
          1,
          1,
          1,
          1,
          1,
          1,
          1,
          1,
          1,
          1,
          1,
          1,
          1,
          1,
          1,
          1,
          1,
          1,
          1,
          1,
          1,
          1,
          1,
          1,
          1,
          1
        ],
        "z": [
          1
        ]
      },
      "visible": [
        1
      ]
    }
  },
  "OBJECTS": {
    "AppleMesh00_neutral": {
      "meshpath": "/mkturkfiles/scenebags/objectome3d/face/AppleMesh07_sadness_4.glb",
      "objectdoc": "HeadAppleMesh00Applefacepotatohead",
      "sizeTHREEJS": [
        0.5444046685366177,
        0.4100972076685167,
        0.4152447608334179,
        0.7480749374391249,
        0.5517439420037091,
        0.45660618654791957,
        0.5803136805292571,
        0.6408574035794445,
        0.6690100933806091,
        0.40917426229426884,
        0.44874689630406617,
        0.7002491542249588,
        0.6188952346463547,
        0.5804510384162198,
        0.5021121829492439,
        0.6563706034673209,
        0.6803910906785808,
        0.44637808375301813,
        0.7449997913837845,
        0.3898789241578106,
        0.6715535433152178,
        0.38200753283229766,
        0.654533837547664,
        0.51828764194397,
        0.5029094524383432,
        0.6192317962916533,
        0.6137862003879316,
        0.46761470780634634,
        0.4660879807909233,
        0.7599930254153819,
        0.6007629708001473,
        0.37538878511315504,
        0.45517595950066886,
        0.7017946726828022,
        0.5421081194979994,
        0.4641420412418584,
        0.7360933926888402,
        0.7382254630178093,
        0.4658576488768587,
        0.6331818158789628,
        0.5863049836118828,
        0.6139299870456032,
        0.6497240631106727,
        0.4804447118131218,
        0.6198509734714575,
        0.5317478132465993,
        0.6007147774566908,
        0.40160910440162023,
        0.5257937214667384,
        0.5131999166353556
      ],
      "positionTHREEJS": {
        "x": [
          0
        ],
        "y": [
          0
        ],
        "z": [
          0
        ]
      },
      "rotationDegrees": {
        "x": [
          -17.06953155509913,
          21.248060185623928,
          -5.844908105626153,
          41.628427716511325,
          42.75643721390317,
          17.346550454509995,
          38.03158307598554,
          17.809152659799445,
          -32.17618820008131,
          0.4442371455424521,
          -13.012362038383355,
          -34.74131040165244,
          32.37414412156288,
          44.8359957250841,
          11.80091507952239,
          -3.618085934576065,
          -22.21581633878511,
          -9.155877041643485,
          33.1011991527391,
          -42.48031801648571,
          -14.699056563067014,
          32.77520547342701,
          23.65519558967486,
          -15.55224441594439,
          -36.03722201740227,
          -23.767846028250382,
          -26.83505973827355,
          4.181648862283133,
          -42.51669023028818,
          15.603823334859783,
          -31.133211779572818,
          38.24512375823376,
          -24.558676392530668,
          -8.507403899995055,
          -40.25449456419622,
          -23.943159514343765,
          -33.90458600379095,
          -9.094243758750096,
          -7.805604755901108,
          -42.667013278896526,
          14.575217049571876,
          42.60916123883294,
          -33.15496634264197,
          -35.05349554438774,
          7.2356575638891485,
          17.484124073273115,
          16.448632166428496,
          1.3246345961727286,
          -27.332757238490803,
          -28.209288497517704
        ],
        "y": [
          -21.225393558158956,
          -49.29943334016775,
          46.82639030057402,
          7.198768918060097,
          48.8957610325979,
          84.24316037565072,
          28.263243926854614,
          30.05398106699424,
          -81.42495077600334,
          -33.8458514288344,
          -82.09971331172339,
          -55.99754225781305,
          63.058688669183596,
          50.324335068874205,
          -10.618035547258856,
          26.835222702227185,
          -77.7408677440744,
          -15.295043036895663,
          -36.19984146010733,
          -43.32545126248903,
          2.176844799617811,
          -14.82250318013729,
          -41.24888041195992,
          -37.862026696020614,
          -21.229144736554503,
          37.38784475881236,
          11.384010583303876,
          -79.2186419349037,
          52.46636366978797,
          86.67190613794753,
          -69.35140710006243,
          -80.11097772479388,
          -7.946838044064222,
          24.703599875507237,
          -29.380485249393793,
          63.88640294775516,
          -47.57912861373377,
          60.744202484325655,
          -87.84342290000967,
          -15.014263619964652,
          45.10352172853828,
          49.401550965071834,
          -28.564895067222217,
          86.01321711813034,
          71.710035119255,
          65.85994174769147,
          -76.22761965449011,
          35.630576255816294,
          71.37490249693036,
          -24.529991282588924
        ],
        "z": [
          0,
          0,
          0,
          0,
          0,
          0,
          0,
          0,
          0,
          0,
          0,
          0,
          0,
          0,
          0,
          0,
          0,
          0,
          0,
          0,
          0,
          0,
          0,
          0,
          0,
          0,
          0,
          0,
          0,
          0,
          0,
          0,
          0,
          0,
          0,
          0,
          0,
          0,
          0,
          0,
          0,
          0,
          0,
          0,
          0,
          0,
          0,
          0,
          0,
          0
        ]
      },
      "material": {
        "type": "MeshPhysicalMaterial",
        "color": "#7F7F7F",
        "metalness": 0.25,
        "roughness": 0.65,
        "reflectivity": 0.5,
        "opacity": [
          1
        ],
        "transparent": false
      },
      "visible": [
        1
      ]
    }
  },
  "IMAGES": {
    "imagebag": "/mkturkfiles/scenebags/objectome3d/background_im_flipped/",
    "imageidx": [
      427,
      1406,
      156,
      1424,
      1424,
      298,
      1448,
      427,
      188,
      298,
      427,
      1177,
      1177,
      427,
      1406,
      156,
      1177,
      156,
      16,
      16,
      298,
      463,
      463,
      1448,
      188,
      1448,
      1448,
      427,
      1406,
      16,
      1177,
      1406,
      298,
      463,
      188,
      463,
      156,
      1448,
      1424,
      16,
      188,
      156,
      1424,
      1424,
      1177,
      16,
      298,
      188,
      1406,
      463
    ],
    "sizeTHREEJS": [
      1.61
    ]
  },