{
  "CAMERAS": {
    "camera00": {
      "type": "PerspectiveCamera",
      "fieldOfView": 45,
      "near": 0.1,
      "far": 2000,
      "position": {
        "x": [
          0
        ],
        "y": [
          0
        ],
        "z": [
          10
        ]
      },
      "targetInches": {
        "x": [
          0
        ],
        "y": [
          0
        ],
        "z": [
          0
        ]
      },
      "visible": [
        1
      ]
    }
  },
  "LIGHTS": {
    "light00": {
      "type": "DirectionalLight",
      "color": "0xffffff",
      "intensity": [
        5
      ],
      "position": {
        "x": [
          0
        ],
        "y": [
          1,
          1,
          1,
          1,
          1,
          1,
          1,
          1,
          1,
          1,
          1,
          1,
          1,
          1,
          1,
          1,
          1,
          1,
          1,
          1,
          1,
          1,
          1,
          1,
          1,
          1,
          1,
          1,
          1,
          1,
          1,
          1,
          1,
          1,
          1,
          1,
          1,
          1,
          1,
          1,
          1,
          1,
          1,
          1,
          1,
          1,
          1,
          1,
          1,
          1
        ],
        "z": [
          1
        ]
      },
      "visible": [
        1
      ]
    }
  },
  "OBJECTS": {
    "AppleMesh00_neutral": {
      "meshpath": "/mkturkfiles/scenebags/objectome3d/face/AppleMesh08_disgust_4.glb",
      "objectdoc": "HeadAppleMesh00Applefacepotatohead",
      "sizeTHREEJS": [
        0.611841578864976,
        0.6022823991032246,
        0.7245742323617418,
        0.7073081030498909,
        0.4300422360894396,
        0.3736016881718324,
        0.6030569140314322,
        0.6668567081504031,
        0.5727330251737027,
        0.5458704444054322,
        0.594415433493038,
        0.7268591293157599,
        0.4908543993854013,
        0.7605786369487818,
        0.7505538189133013,
        0.37186444132704016,
        0.5558163772684405,
        0.5189537008020044,
        0.7007349166909063,
        0.4758317293316651,
        0.4314217484231495,
        0.5557556122963285,
        0.6913647810878998,
        0.44146696960801196,
        0.5775637796397057,
        0.37199896886509065,
        0.6334719897914288,
        0.3849161071868248,
        0.7009044723105069,
        0.6946284870357617,
        0.384148785055741,
        0.42357643821885965,
        0.6648376792688362,
        0.6827591251230892,
        0.370648150313607,
        0.46632835025992325,
        0.7540656708391366,
        0.6968506085218631,
        0.7525255495107889,
        0.6370286998396457,
        0.7642492843107616,
        0.4713133822157312,
        0.687227712049647,
        0.5095736488231195,
        0.6633036706013441,
        0.6239939355219017,
        0.4542683903687971,
        0.529151184972021,
        0.7040296143560518,
        0.44092600572322355
      ],
      "positionTHREEJS": {
        "x": [
          0
        ],
        "y": [
          0
        ],
        "z": [
          0
        ]
      },
      "rotationDegrees": {
        "x": [
          8.333275384655416,
          -13.285023553592968,
          -3.1790809884412283,
          -13.843073252733141,
          -38.59452324447562,
          32.330085241873206,
          5.104797254900859,
          -44.79930513462516,
          9.017001719530157,
          3.1138336970194587,
          -24.79031599972511,
          -2.1009350191818754,
          4.46133879056643,
          35.247286204521274,
          25.47752845995558,
          -37.97409293533787,
          -44.63141185185553,
          -15.963123790276342,
          10.050963811252842,
          8.232175532669892,
          17.689067933369607,
          43.97195116213199,
          -0.2166562651177344,
          -8.798900396131387,
          37.37730597899126,
          -26.030298286801763,
          -35.6916077386424,
          20.550053322043993,
          -30.1908012037433,
          -5.679254636222403,
          18.635312699383803,
          35.76292667915611,
          28.01039560197286,
          1.2523236495553078,
          -18.50678507221846,
          -5.304058576256139,
          -43.1405887267107,
          -13.501059750847986,
          -3.662502496627887,
          35.87231473738004,
          32.69937182198147,
          41.0019500853423,
          37.07511481246523,
          3.0243783317655897,
          -9.764814167311677,
          -43.630679921076286,
          -5.644896554641399,
          19.079646348300244,
          -8.054802789748685,
          -4.879430164810124
        ],
        "y": [
          10.912730200541901,
          -70.10408723062218,
          33.22139960268815,
          -89.09015312532605,
          -10.314964628016583,
          41.641954103542076,
          -23.304860853618678,
          -73.58236911324545,
          49.47859051531648,
          89.40301395417308,
          -39.34309825146195,
          53.36005771948791,
          -22.07077715945016,
          50.70636988586102,
          -41.23611052743063,
          -24.656974133372685,
          -60.5229439946709,
          -31.46196402089886,
          -12.779605456293325,
          -42.566268812646946,
          62.412356568615934,
          -27.204917158869094,
          -17.316084718941156,
          -10.166434317640366,
          -36.59194641100709,
          89.08839011276822,
          -18.754183178140792,
          -80.95583881213307,
          6.088533422090492,
          -86.35048449537341,
          7.911561445521656,
          51.34289357724833,
          30.871726848597575,
          -29.30748726343373,
          62.74428889838404,
          21.984961115118594,
          6.135979207664661,
          -15.641679508756653,
          -33.873901124439854,
          69.26282695738533,
          -16.76625463828158,
          -84.78213140844863,
          -24.757121038495,
          72.09034521455081,
          -17.143047580878417,
          47.46962677592484,
          -37.20725162925608,
          57.83926198134577,
          -24.614986524716443,
          73.33208474859836
        ],
        "z": [
          0,
          0,
          0,
          0,
          0,
          0,
          0,
          0,
          0,
          0,
          0,
          0,
          0,
          0,
          0,
          0,
          0,
          0,
          0,
          0,
          0,
          0,
          0,
          0,
          0,
          0,
          0,
          0,
          0,
          0,
          0,
          0,
          0,
          0,
          0,
          0,
          0,
          0,
          0,
          0,
          0,
          0,
          0,
          0,
          0,
          0,
          0,
          0,
          0,
          0
        ]
      },
      "material": {
        "type": "MeshPhysicalMaterial",
        "color": "#7F7F7F",
        "metalness": 0.25,
        "roughness": 0.65,
        "reflectivity": 0.5,
        "opacity": [
          1
        ],
        "transparent": false
      },
      "visible": [
        1
      ]
    }
  },
  "IMAGES": {
    "imagebag": "/mkturkfiles/scenebags/objectome3d/background_im_flipped/",
    "imageidx": [
      16,
      1406,
      1448,
      427,
      1424,
      156,
      1424,
      1406,
      16,
      188,
      16,
      156,
      463,
      427,
      188,
      1424,
      1448,
      1177,
      188,
      1406,
      1177,
      16,
      427,
      298,
      1448,
      463,
      1448,
      1424,
      1177,
      1406,
      1177,
      188,
      298,
      16,
      1177,
      156,
      156,
      463,
      1406,
      298,
      427,
      463,
      1424,
      298,
      298,
      156,
      1448,
      463,
      188,
      427
    ],
    "sizeTHREEJS": [
      1.61
    ]
  },