{
  "CAMERAS": {
    "camera00": {
      "type": "PerspectiveCamera",
      "fieldOfView": 45,
      "near": 0.1,
      "far": 2000,
      "position": {
        "x": [
          0
        ],
        "y": [
          0
        ],
        "z": [
          10
        ]
      },
      "targetInches": {
        "x": [
          0
        ],
        "y": [
          0
        ],
        "z": [
          0
        ]
      },
      "visible": [
        1
      ]
    }
  },
  "LIGHTS": {
    "light00": {
      "type": "DirectionalLight",
      "color": "0xffffff",
      "intensity": [
        5
      ],
      "position": {
        "x": [
          0
        ],
        "y": [
          1,
          1,
          1,
          1,
          1,
          1,
          1,
          1,
          1,
          1,
          1,
          1,
          1,
          1,
          1,
          1,
          1,
          1,
          1,
          1,
          1,
          1,
          1,
          1,
          1,
          1,
          1,
          1,
          1,
          1,
          1,
          1,
          1,
          1,
          1,
          1,
          1,
          1,
          1,
          1,
          1,
          1,
          1,
          1,
          1,
          1,
          1,
          1,
          1,
          1
        ],
        "z": [
          1
        ]
      },
      "visible": [
        1
      ]
    }
  },
  "OBJECTS": {
    "AppleMesh00_neutral": {
      "meshpath": "/mkturkfiles/scenebags/objectome3d/face/AppleMesh05_happiness_4.glb",
      "objectdoc": "HeadAppleMesh00Applefacepotatohead",
      "sizeTHREEJS": [
        0.39191767402264754,
        0.5253659771399488,
        0.7581382714597704,
        0.3833059230267098,
        0.433992126802095,
        0.7346596496055808,
        0.4937395864556046,
        0.43116446801961716,
        0.47266383333467704,
        0.5216004357827608,
        0.549774113186799,
        0.4271346981945049,
        0.688983132593948,
        0.6513495203813026,
        0.6709775437308505,
        0.4629996004877874,
        0.49412915838292876,
        0.4568477702346908,
        0.5413592677276453,
        0.3984532981393779,
        0.3709362935340361,
        0.610580748311455,
        0.6897772337947711,
        0.6792113709185477,
        0.4217522988098827,
        0.37189874888333285,
        0.7492845822216843,
        0.660851092743786,
        0.6276436553643997,
        0.5451784155169426,
        0.7101092284848622,
        0.4407821681470522,
        0.7218840914560845,
        0.5026227415786142,
        0.462447588474088,
        0.7382340186931263,
        0.6667565783906242,
        0.763889191704759,
        0.5119344706715836,
        0.37025543701308594,
        0.7462897195882269,
        0.7048479405588006,
        0.49590019318825884,
        0.7394004400771772,
        0.6191663954133937,
        0.40497863399836725,
        0.5655438977678903,
        0.3878891894392766,
        0.6776312390832583,
        0.6211048252521129
      ],
      "positionTHREEJS": {
        "x": [
          0
        ],
        "y": [
          0
        ],
        "z": [
          0
        ]
      },
      "rotationDegrees": {
        "x": [
          -14.4058788489235,
          6.246874690955181,
          32.37598108506174,
          -16.460514346479947,
          -13.775454705243455,
          20.282128946290797,
          31.55497921203805,
          -4.528269075239507,
          -7.494354431803352,
          0.8005473881228937,
          24.03341829007556,
          34.78513171727856,
          -24.728083803581523,
          -18.347249400709696,
          5.301810449468441,
          -28.796317896100604,
          11.102274657437256,
          -10.352888933607773,
          38.459784393936175,
          5.47588004599065,
          44.649374904992825,
          -30.21328452331203,
          20.140676466839494,
          -0.5147259883971813,
          40.993894255944326,
          -44.071019063969345,
          4.169916416571375,
          -13.605466445511315,
          -30.650978071742053,
          11.680475814142667,
          24.597666294712837,
          4.50271318352506,
          -39.38689981320873,
          29.10660879833786,
          -30.72651216778008,
          -0.9744152229511087,
          18.83656572090807,
          19.727890031154303,
          -24.618454830907503,
          19.26361144650575,
          19.67127649001722,
          -19.347114341352782,
          33.93007463355734,
          -24.24466200427981,
          -25.46025147162618,
          -15.05770841137645,
          -12.44164633187529,
          18.806675465435262,
          25.18199616040991,
          -43.25551229587507
        ],
        "y": [
          29.799864881851775,
          10.434690701711816,
          -24.334880616553065,
          -17.18349714157121,
          2.8631118095677692,
          -63.01151360705643,
          -64.73637418485244,
          69.14453323048326,
          -24.84194325853521,
          -31.849536842298512,
          42.715629320283085,
          -7.102552824220041,
          78.72772308454637,
          22.586319499243487,
          80.56035622937196,
          -86.26236513996308,
          14.715240509119184,
          -20.22286533450246,
          -45.8257139408294,
          19.583867781442322,
          42.38559047459282,
          -29.203793374223245,
          -32.5838130833907,
          -9.25918304854838,
          -18.03968350895343,
          -61.363354189647374,
          -23.038923107378906,
          -46.24421090771749,
          31.692224604384364,
          33.872826303095906,
          -87.04285288055353,
          -15.389243710503592,
          43.51325847373096,
          67.00990286857805,
          40.28687271400685,
          -72.5843683341129,
          23.928402960450924,
          47.72345144656066,
          2.2828120209697005,
          31.098000413273354,
          36.95104516749491,
          -11.700878459783112,
          -47.60997284784623,
          85.11977507592005,
          29.249451974839403,
          6.18579750297225,
          -47.33872780177182,
          -50.34336041755745,
          77.67751963345879,
          21.743471368596346
        ],
        "z": [
          0,
          0,
          0,
          0,
          0,
          0,
          0,
          0,
          0,
          0,
          0,
          0,
          0,
          0,
          0,
          0,
          0,
          0,
          0,
          0,
          0,
          0,
          0,
          0,
          0,
          0,
          0,
          0,
          0,
          0,
          0,
          0,
          0,
          0,
          0,
          0,
          0,
          0,
          0,
          0,
          0,
          0,
          0,
          0,
          0,
          0,
          0,
          0,
          0,
          0
        ]
      },
      "material": {
        "type": "MeshPhysicalMaterial",
        "color": "#7F7F7F",
        "metalness": 0.25,
        "roughness": 0.65,
        "reflectivity": 0.5,
        "opacity": [
          1
        ],
        "transparent": false
      },
      "visible": [
        1
      ]
    }
  },
  "IMAGES": {
    "imagebag": "/mkturkfiles/scenebags/objectome3d/background_im_flipped/",
    "imageidx": [
      1448,
      298,
      1177,
      298,
      427,
      1406,
      156,
      1406,
      188,
      1448,
      427,
      298,
      1448,
      1406,
      1177,
      156,
      463,
      1406,
      188,
      1177,
      188,
      1424,
      463,
      298,
      463,
      1424,
      463,
      156,
      16,
      1448,
      1424,
      1448,
      1424,
      427,
      16,
      463,
      298,
      16,
      16,
      188,
      1177,
      156,
      427,
      188,
      156,
      16,
      427,
      1177,
      1424,
      1406
    ],
    "sizeTHREEJS": [
      1.61
    ]
  },