{
  "CAMERAS": {
    "camera00": {
      "type": "PerspectiveCamera",
      "fieldOfView": 45,
      "near": 0.1,
      "far": 2000,
      "position": {
        "x": [
          0
        ],
        "y": [
          0
        ],
        "z": [
          10
        ]
      },
      "targetInches": {
        "x": [
          0
        ],
        "y": [
          0
        ],
        "z": [
          0
        ]
      },
      "visible": [
        1
      ]
    }
  },
  "LIGHTS": {
    "light00": {
      "type": "DirectionalLight",
      "color": "0xffffff",
      "intensity": [
        5
      ],
      "position": {
        "x": [
          0
        ],
        "y": [
          1,
          1,
          1,
          1,
          1,
          1,
          1,
          1,
          1,
          1,
          1,
          1,
          1,
          1,
          1,
          1,
          1,
          1,
          1,
          1,
          1,
          1,
          1,
          1,
          1,
          1,
          1,
          1,
          1,
          1,
          1,
          1,
          1,
          1,
          1,
          1,
          1,
          1,
          1,
          1,
          1,
          1,
          1,
          1,
          1,
          1,
          1,
          1,
          1,
          1
        ],
        "z": [
          1
        ]
      },
      "visible": [
        1
      ]
    }
  },
  "OBJECTS": {
    "AppleMesh00_neutral": {
      "meshpath": "/mkturkfiles/scenebags/objectome3d/face/AppleMesh05_sadness_4.glb",
      "objectdoc": "HeadAppleMesh00Applefacepotatohead",
      "sizeTHREEJS": [
        0.7049519718279788,
        0.6675004393291699,
        0.5320312475082942,
        0.5455151836645408,
        0.5047087756829377,
        0.7267946428059158,
        0.3917412568870186,
        0.5914126426453219,
        0.6315528264838368,
        0.5963565169425239,
        0.48942747214735494,
        0.75715239011269,
        0.6348196191753779,
        0.6369604921449576,
        0.5622594837345996,
        0.653268782799427,
        0.6591085834889443,
        0.650337056063254,
        0.4969376153430979,
        0.5892034525206603,
        0.6000498825680477,
        0.6571264525711943,
        0.7094359230140634,
        0.6630345634220007,
        0.708945847424517,
        0.6477832009780496,
        0.5774746464328705,
        0.3996467781383642,
        0.38459636725892316,
        0.5472360451259676,
        0.45606959571791433,
        0.601107124900155,
        0.4383605946207506,
        0.6950564265532719,
        0.660353744048318,
        0.4063051613594425,
        0.7370835581198987,
        0.5212175983521729,
        0.6935407586929605,
        0.4864404009617117,
        0.45302329532480345,
        0.4319526938174214,
        0.4617201281843849,
        0.5709423421872953,
        0.44851787815494126,
        0.7368210429252218,
        0.7096501715535009,
        0.6874808098394464,
        0.5378533000013346,
        0.7403781937010316
      ],
      "positionTHREEJS": {
        "x": [
          0
        ],
        "y": [
          0
        ],
        "z": [
          0
        ]
      },
      "rotationDegrees": {
        "x": [
          21.116787965426823,
          -34.82812706442462,
          0.21881481725726815,
          -17.05966417802946,
          39.37616947372291,
          22.98991551300557,
          28.13469385009695,
          2.819967035804254,
          26.222210138973765,
          19.777075804804284,
          -4.05271976202102,
          2.4289758431211013,
          -19.799125569010272,
          17.910317893822175,
          5.631739786779953,
          -20.69165875748906,
          -21.279471522339918,
          -14.82697793861934,
          -36.14277278510031,
          -31.57657456515807,
          44.81756467483871,
          38.67850167624826,
          19.14681588511813,
          13.961316008809483,
          -28.087008945104728,
          6.203942124258269,
          24.54987541192169,
          -14.03935081210696,
          -9.255490251149347,
          22.78507673008673,
          5.345748311355152,
          -38.21447144406678,
          42.67491285222839,
          -29.826014470161052,
          -11.464820408073741,
          32.52721150458228,
          -6.873187441705483,
          -29.88175073266224,
          40.63040023395749,
          -11.96137001316481,
          28.697064528706164,
          -28.517731602207096,
          -34.49824495840748,
          -8.684542430723972,
          25.64669020386691,
          -30.37513479108815,
          -10.291140702017678,
          12.570151988047563,
          34.72154414359315,
          8.423111268710258
        ],
        "y": [
          -49.211673671022275,
          27.41209532566029,
          51.38505792775001,
          20.361721518418534,
          9.079232068975543,
          33.228256919899636,
          67.72394086312656,
          -50.89951497023287,
          -12.477268423028463,
          76.00233673345548,
          -78.22327980743088,
          20.555829077063237,
          -30.409709400154874,
          48.24138037066251,
          13.868038588329497,
          -39.144440148887604,
          -55.3454785914426,
          -12.080077207920937,
          86.75186955793393,
          37.126604064307,
          -79.51874563269406,
          -46.71699995996916,
          -76.19754110083981,
          10.273360158778857,
          -56.12872948583548,
          -34.2456978847433,
          42.69528412067169,
          -47.46735050692554,
          -40.12220320852147,
          51.12608442419395,
          68.76790671651037,
          39.660081287222454,
          -71.0162971933745,
          -1.8743512275379004,
          -34.41715239150277,
          -5.937766546447108,
          -56.06169459523821,
          -64.70634789309707,
          -53.351647533093015,
          -43.25917411061427,
          3.177063256876707,
          35.71533490906546,
          -52.03505064523643,
          5.006164428593323,
          -9.927204076460413,
          -65.80240842357696,
          28.582057386477942,
          12.732816104643476,
          -58.279071617411745,
          -7.367544615588429
        ],
        "z": [
          0,
          0,
          0,
          0,
          0,
          0,
          0,
          0,
          0,
          0,
          0,
          0,
          0,
          0,
          0,
          0,
          0,
          0,
          0,
          0,
          0,
          0,
          0,
          0,
          0,
          0,
          0,
          0,
          0,
          0,
          0,
          0,
          0,
          0,
          0,
          0,
          0,
          0,
          0,
          0,
          0,
          0,
          0,
          0,
          0,
          0,
          0,
          0,
          0,
          0
        ]
      },
      "material": {
        "type": "MeshPhysicalMaterial",
        "color": "#7F7F7F",
        "metalness": 0.25,
        "roughness": 0.65,
        "reflectivity": 0.5,
        "opacity": [
          1
        ],
        "transparent": false
      },
      "visible": [
        1
      ]
    }
  },
  "IMAGES": {
    "imagebag": "/mkturkfiles/scenebags/objectome3d/background_im_flipped/",
    "imageidx": [
      1424,
      156,
      463,
      16,
      463,
      427,
      156,
      1448,
      1177,
      1406,
      16,
      427,
      298,
      16,
      427,
      1177,
      427,
      1406,
      156,
      188,
      1177,
      463,
      298,
      1424,
      188,
      188,
      16,
      1406,
      1448,
      1424,
      1448,
      1448,
      188,
      1177,
      1424,
      1424,
      156,
      1177,
      156,
      188,
      298,
      298,
      1406,
      1406,
      463,
      298,
      463,
      427,
      16,
      1448
    ],
    "sizeTHREEJS": [
      1.61
    ]
  },