{
  "CAMERAS": {
    "camera00": {
      "type": "PerspectiveCamera",
      "fieldOfView": 45,
      "near": 0.1,
      "far": 2000,
      "position": {
        "x": [
          0
        ],
        "y": [
          0
        ],
        "z": [
          10
        ]
      },
      "targetInches": {
        "x": [
          0
        ],
        "y": [
          0
        ],
        "z": [
          0
        ]
      },
      "visible": [
        1
      ]
    }
  },
  "LIGHTS": {
    "light00": {
      "type": "DirectionalLight",
      "color": "0xffffff",
      "intensity": [
        5
      ],
      "position": {
        "x": [
          0
        ],
        "y": [
          1,
          1,
          1,
          1,
          1,
          1,
          1,
          1,
          1,
          1,
          1,
          1,
          1,
          1,
          1,
          1,
          1,
          1,
          1,
          1,
          1,
          1,
          1,
          1,
          1,
          1,
          1,
          1,
          1,
          1,
          1,
          1,
          1,
          1,
          1,
          1,
          1,
          1,
          1,
          1,
          1,
          1,
          1,
          1,
          1,
          1,
          1,
          1,
          1,
          1
        ],
        "z": [
          1
        ]
      },
      "visible": [
        1
      ]
    }
  },
  "OBJECTS": {
    "AppleMesh00_neutral": {
      "meshpath": "/mkturkfiles/scenebags/objectome3d/face/AppleMesh09_happiness_4.glb",
      "objectdoc": "HeadAppleMesh00Applefacepotatohead",
      "sizeTHREEJS": [
        0.764756211595073,
        0.5480967337480795,
        0.7460577743423107,
        0.3765910846707454,
        0.44592299188227813,
        0.5370940916056968,
        0.5541218165012671,
        0.43727308325273556,
        0.6991234514840153,
        0.7443686470935894,
        0.6396682866148202,
        0.5141285890570468,
        0.6909916075835251,
        0.46744001308841143,
        0.5278575369907533,
        0.540361043697736,
        0.6962201951579208,
        0.543856988894592,
        0.6023770571525822,
        0.37235631198023444,
        0.7390448049194036,
        0.6693958679636373,
        0.5928874775344196,
        0.5730381168293468,
        0.425162039950337,
        0.7437745267969975,
        0.4621731749714796,
        0.7103477505851643,
        0.5330851691089643,
        0.6567781153963197,
        0.5702108132751001,
        0.7470204459218702,
        0.76033725678461,
        0.6749191726647874,
        0.6892384065780857,
        0.702959296350227,
        0.7298437240542354,
        0.4632516997978,
        0.7538046054044484,
        0.49060513047157234,
        0.5440682973977381,
        0.40442274362217495,
        0.4455313282473138,
        0.6050139540955415,
        0.5253103693060481,
        0.5257659519230838,
        0.6007016383373622,
        0.3700257520855851,
        0.4218189347674716,
        0.4439895027413923
      ],
      "positionTHREEJS": {
        "x": [
          0
        ],
        "y": [
          0
        ],
        "z": [
          0
        ]
      },
      "rotationDegrees": {
        "x": [
          -30.41095008495793,
          16.18778454630504,
          34.96190188171765,
          -18.961033731468824,
          4.4300554969971415,
          41.82217381572279,
          29.749638399237398,
          32.88537248688736,
          41.79346500238724,
          -15.23771419642722,
          -12.34238406720528,
          22.42120080897513,
          0.39788090716672286,
          -22.151044032262188,
          -12.183556701872298,
          -25.51001983408407,
          34.46436269781417,
          -8.86814040926641,
          38.21348047579745,
          -14.35798184615513,
          -1.5920862342905977,
          11.070120246177815,
          -31.948641776984392,
          -31.62647877675076,
          10.17362936459186,
          -19.152567442776046,
          -16.20167810778846,
          -8.815457229688036,
          5.775816911913601,
          -26.207370947205536,
          -32.49570195811162,
          28.163142753666662,
          -33.24235960243506,
          32.83466685433535,
          32.69171730279329,
          19.246208664247078,
          26.363396317394617,
          41.626491881097266,
          9.817609036428081,
          -5.032114836263013,
          -37.38937826914703,
          -27.22609374398269,
          29.977436507545804,
          38.14862699850379,
          -18.524276854086988,
          -23.524416331530315,
          -43.47422113583396,
          -33.85960653823909,
          -3.2765541096613617,
          4.048339092262502
        ],
        "y": [
          60.4184156184956,
          -34.51787819802183,
          -61.02677629069923,
          19.090392888110387,
          0.9759786852344661,
          -31.8848195970658,
          3.1749737295812537,
          10.566424380777391,
          -21.5180826319626,
          68.74232556272699,
          81.65259721403584,
          1.4302652143561687,
          50.62371805624119,
          81.62638279033877,
          -50.294392795446,
          83.75683511320338,
          -30.786470362773535,
          -69.2400506221977,
          -23.240801562487434,
          66.69899422474933,
          9.863403008028172,
          -39.67903109352213,
          -59.50496345135613,
          -36.72281706207015,
          -28.65939148966111,
          22.539010227038958,
          16.416064553532166,
          -85.32056075557298,
          -86.91178981343693,
          -71.28010413912372,
          48.261354647019886,
          13.04040713402911,
          -67.03469764721494,
          2.4352984680692487,
          75.32277053236302,
          -88.9978018609526,
          60.43866490962159,
          -88.22339268612245,
          -83.94680844941581,
          2.543466929829279,
          32.7993472386691,
          73.46787341722214,
          -86.42553325290204,
          10.915373086291439,
          -48.679545573634094,
          86.85412367852516,
          51.228574659359566,
          71.39409645802343,
          88.46147651603971,
          62.63682946819165
        ],
        "z": [
          0,
          0,
          0,
          0,
          0,
          0,
          0,
          0,
          0,
          0,
          0,
          0,
          0,
          0,
          0,
          0,
          0,
          0,
          0,
          0,
          0,
          0,
          0,
          0,
          0,
          0,
          0,
          0,
          0,
          0,
          0,
          0,
          0,
          0,
          0,
          0,
          0,
          0,
          0,
          0,
          0,
          0,
          0,
          0,
          0,
          0,
          0,
          0,
          0,
          0
        ]
      },
      "material": {
        "type": "MeshPhysicalMaterial",
        "color": "#7F7F7F",
        "metalness": 0.25,
        "roughness": 0.65,
        "reflectivity": 0.5,
        "opacity": [
          1
        ],
        "transparent": false
      },
      "visible": [
        1
      ]
    }
  },
  "IMAGES": {
    "imagebag": "/mkturkfiles/scenebags/objectome3d/background_im_flipped/",
    "imageidx": [
      188,
      463,
      427,
      16,
      463,
      463,
      156,
      1406,
      156,
      1424,
      1448,
      1177,
      1424,
      156,
      188,
      298,
      298,
      1424,
      16,
      427,
      427,
      1177,
      1406,
      156,
      16,
      298,
      427,
      188,
      156,
      1406,
      16,
      188,
      188,
      1448,
      1424,
      463,
      1177,
      1177,
      427,
      1424,
      1406,
      1177,
      298,
      463,
      1448,
      298,
      1406,
      1448,
      1448,
      16
    ],
    "sizeTHREEJS": [
      1.61
    ]
  },