{
  "CAMERAS": {
    "camera00": {
      "type": "PerspectiveCamera",
      "fieldOfView": 45,
      "near": 0.1,
      "far": 2000,
      "position": {
        "x": [
          0
        ],
        "y": [
          0
        ],
        "z": [
          10
        ]
      },
      "targetInches": {
        "x": [
          0
        ],
        "y": [
          0
        ],
        "z": [
          0
        ]
      },
      "visible": [
        1
      ]
    }
  },
  "LIGHTS": {
    "light00": {
      "type": "DirectionalLight",
      "color": "0xffffff",
      "intensity": [
        5
      ],
      "position": {
        "x": [
          0
        ],
        "y": [
          1,
          1,
          1,
          1,
          1,
          1,
          1,
          1,
          1,
          1,
          1,
          1,
          1,
          1,
          1,
          1,
          1,
          1,
          1,
          1,
          1,
          1,
          1,
          1,
          1,
          1,
          1,
          1,
          1,
          1,
          1,
          1,
          1,
          1,
          1,
          1,
          1,
          1,
          1,
          1,
          1,
          1,
          1,
          1,
          1,
          1,
          1,
          1,
          1,
          1
        ],
        "z": [
          1
        ]
      },
      "visible": [
        1
      ]
    }
  },
  "OBJECTS": {
    "AppleMesh00_neutral": {
      "meshpath": "/mkturkfiles/scenebags/objectome3d/face/AppleMesh03_disgust_4.glb",
      "objectdoc": "HeadAppleMesh00Applefacepotatohead",
      "sizeTHREEJS": [
        0.4231756565058472,
        0.4692594286988888,
        0.636605203926632,
        0.7583991567157445,
        0.4593177399808403,
        0.6041917643649628,
        0.4706260306751623,
        0.6881759868676893,
        0.6067863596763127,
        0.6050276471465598,
        0.7469103352205522,
        0.5356466228890987,
        0.5961481655897154,
        0.6905498147383479,
        0.6407471906141493,
        0.4745474076785593,
        0.655956895973604,
        0.576289497622395,
        0.7605640503976968,
        0.7325293418261802,
        0.580889373313041,
        0.4054710337226531,
        0.7295446905627849,
        0.7001594893405827,
        0.65685391494542,
        0.45938976009119087,
        0.6659657405444985,
        0.5245525315323816,
        0.514730757117356,
        0.7429215505123116,
        0.370932990404879,
        0.46703863504512677,
        0.5293439865003415,
        0.5595097561996781,
        0.6909246564880644,
        0.7098488372184232,
        0.7489199331418583,
        0.4964654062303816,
        0.5962302485161046,
        0.5079039422765859,
        0.7126045176742952,
        0.6945845101820607,
        0.46434526846926516,
        0.6955166736477946,
        0.6905519784642413,
        0.43513324669428693,
        0.5073858534750502,
        0.643695041070397,
        0.4119827657056733,
        0.44252987323852566
      ],
      "positionTHREEJS": {
        "x": [
          0
        ],
        "y": [
          0
        ],
        "z": [
          0
        ]
      },
      "rotationDegrees": {
        "x": [
          9.36809632325373,
          -11.080615473474303,
          -37.98949363036046,
          -25.633845660765786,
          -19.067853702970858,
          -26.918147681760935,
          -4.102995828073617,
          13.090582386545513,
          -36.217339506280965,
          -7.507181792567486,
          -13.91644652012852,
          17.939238765461795,
          35.76229800266789,
          11.43848539604533,
          -9.760323775079115,
          -3.6575253903662386,
          0.052639790092499084,
          -7.169799190335425,
          31.686552503446435,
          22.12193721249224,
          31.516262082108895,
          22.030825573434157,
          37.9526347318501,
          16.726086843025726,
          -31.418096954025337,
          32.95562231900975,
          26.55969907366321,
          44.68013056884955,
          10.343463874299438,
          0.3313577474733336,
          -31.391759336894708,
          33.62144294970335,
          -35.24402945974097,
          1.3355102307050686,
          -18.90174202413236,
          11.714273511907074,
          -9.3717088394706,
          -0.9018989009259926,
          29.441916469013663,
          36.83158208543327,
          11.333313339545867,
          -35.404650310656905,
          -0.1928832026739542,
          6.89001611485201,
          -34.886826858790066,
          -28.31548788924305,
          -21.183992461152314,
          -8.954869206075635,
          -20.432202020842677,
          -10.053140067444168
        ],
        "y": [
          6.463819748831796,
          -57.06352152234104,
          -36.19701493098501,
          17.589097715821893,
          25.302857488181246,
          72.01342983402168,
          -7.808091530732966,
          81.02528674210822,
          -29.676941380906555,
          75.93408435843318,
          -65.79643337432337,
          -63.112552204527475,
          -89.58576242970351,
          -70.57535232683911,
          -60.17433904255456,
          54.936392073956966,
          -50.02215530370194,
          13.982965749741936,
          89.67978646854434,
          38.57778069787042,
          42.8580112307003,
          -83.74519442937027,
          36.54795489535378,
          43.22134507010122,
          40.71278461350332,
          42.04174604587101,
          47.42279535409813,
          63.7656699890961,
          -48.74858788381716,
          54.489420851831966,
          19.80739731585747,
          89.04424924063301,
          82.60565330716207,
          53.659764202239955,
          -7.160108388218404,
          -40.42332841639141,
          -2.189281946195763,
          89.67898297664118,
          86.09453276959769,
          53.3340766757199,
          10.051492904893095,
          3.706830581522553,
          18.26950448663824,
          -75.24240805058075,
          -81.12622231734817,
          -78.13861794726894,
          71.14051215193805,
          3.501738787346696,
          48.705805833776566,
          -45.318360634214315
        ],
        "z": [
          0,
          0,
          0,
          0,
          0,
          0,
          0,
          0,
          0,
          0,
          0,
          0,
          0,
          0,
          0,
          0,
          0,
          0,
          0,
          0,
          0,
          0,
          0,
          0,
          0,
          0,
          0,
          0,
          0,
          0,
          0,
          0,
          0,
          0,
          0,
          0,
          0,
          0,
          0,
          0,
          0,
          0,
          0,
          0,
          0,
          0,
          0,
          0,
          0,
          0
        ]
      },
      "material": {
        "type": "MeshPhysicalMaterial",
        "color": "#7F7F7F",
        "metalness": 0.25,
        "roughness": 0.65,
        "reflectivity": 0.5,
        "opacity": [
          1
        ],
        "transparent": false
      },
      "visible": [
        1
      ]
    }
  },
  "IMAGES": {
    "imagebag": "/mkturkfiles/scenebags/objectome3d/background_im_flipped/",
    "imageidx": [
      156,
      156,
      1406,
      463,
      298,
      1177,
      463,
      156,
      1448,
      1424,
      1406,
      1177,
      1406,
      1424,
      1406,
      16,
      16,
      188,
      1448,
      188,
      156,
      16,
      1424,
      298,
      427,
      1424,
      188,
      1448,
      427,
      1448,
      463,
      298,
      16,
      1177,
      1424,
      188,
      463,
      16,
      427,
      298,
      1177,
      463,
      298,
      156,
      188,
      427,
      1177,
      1406,
      427,
      1448
    ],
    "sizeTHREEJS": [
      1.61
    ]
  },