{
  "CAMERAS": {
    "camera00": {
      "type": "PerspectiveCamera",
      "fieldOfView": 45,
      "near": 0.1,
      "far": 2000,
      "position": {
        "x": [
          0
        ],
        "y": [
          0
        ],
        "z": [
          10
        ]
      },
      "targetInches": {
        "x": [
          0
        ],
        "y": [
          0
        ],
        "z": [
          0
        ]
      },
      "visible": [
        1
      ]
    }
  },
  "LIGHTS": {
    "light00": {
      "type": "DirectionalLight",
      "color": "0xffffff",
      "intensity": [
        5
      ],
      "position": {
        "x": [
          0
        ],
        "y": [
          1,
          1,
          1,
          1,
          1,
          1,
          1,
          1,
          1,
          1,
          1,
          1,
          1,
          1,
          1,
          1,
          1,
          1,
          1,
          1,
          1,
          1,
          1,
          1,
          1,
          1,
          1,
          1,
          1,
          1,
          1,
          1,
          1,
          1,
          1,
          1,
          1,
          1,
          1,
          1,
          1,
          1,
          1,
          1,
          1,
          1,
          1,
          1,
          1,
          1
        ],
        "z": [
          1
        ]
      },
      "visible": [
        1
      ]
    }
  },
  "OBJECTS": {
    "AppleMesh00_neutral": {
      "meshpath": "/mkturkfiles/scenebags/objectome3d/face/AppleMesh11_anger_4.glb",
      "objectdoc": "HeadAppleMesh00Applefacepotatohead",
      "sizeTHREEJS": [
        0.5663163560831064,
        0.5645591633762268,
        0.49389610171586057,
        0.4101678008397354,
        0.6252727858735017,
        0.6936071903511367,
        0.6407317335103199,
        0.6566233854084479,
        0.4865499955234558,
        0.5488943555398363,
        0.6261239433778034,
        0.666810612133557,
        0.41612899659887825,
        0.6337982259502557,
        0.4765060309722471,
        0.5374506661758662,
        0.371062871236456,
        0.41452476429452656,
        0.3746649513274779,
        0.7331057162334755,
        0.39560214066424804,
        0.5917600111048505,
        0.37004150282477294,
        0.697427744878589,
        0.46688915901854294,
        0.7509628274032082,
        0.7378933043506124,
        0.6131808076283721,
        0.5400379164496334,
        0.6771805101170787,
        0.7549795533345297,
        0.43591740015385383,
        0.7224387817129815,
        0.494517661751256,
        0.38877830442001177,
        0.42944305137041583,
        0.6955413117214548,
        0.4119083623293869,
        0.5083140346524908,
        0.6820224634353682,
        0.7495684656600408,
        0.5763992157469325,
        0.7378458874981907,
        0.6505375258887462,
        0.4767482701645654,
        0.5460044827110803,
        0.4717705680765775,
        0.42146985319111874,
        0.6177444885302347,
        0.7244936424707109
      ],
      "positionTHREEJS": {
        "x": [
          0
        ],
        "y": [
          0
        ],
        "z": [
          0
        ]
      },
      "rotationDegrees": {
        "x": [
          -22.61746867184322,
          -15.681189306831481,
          -6.702388041800283,
          26.158456228354552,
          -21.496986238642382,
          -8.413322945172403,
          -18.44058480020881,
          -5.161989290298237,
          -38.152955337883036,
          -7.952642735901897,
          6.7196167172535795,
          -20.11707144534985,
          35.63881856229082,
          -33.088057656209706,
          -15.122826241039622,
          -23.034637930811268,
          -17.107095885084135,
          35.941468903562736,
          28.582955750274735,
          -31.682068300715976,
          -25.150412022249142,
          -19.1271543232556,
          4.321398988324887,
          29.404537947845498,
          -18.963790127091244,
          -19.023432536010272,
          24.28954437510643,
          11.08653910701625,
          -31.826003093933124,
          -19.171503585386436,
          -39.25857312368543,
          -23.71729608003184,
          20.378630816417626,
          -38.05077655760105,
          33.25764603919974,
          -16.519647078307344,
          -1.7337435327285107,
          13.479430039225313,
          23.15336250082011,
          11.218634441784381,
          3.241113244617871,
          27.591471061268123,
          -23.548393099913334,
          -1.4407122846808278,
          25.99831768002288,
          39.02626416501063,
          -25.967855393132076,
          19.71860714331406,
          -36.43794957054709,
          43.73981125805393
        ],
        "y": [
          -24.723599322352925,
          -89.64909885501874,
          16.206336151040276,
          8.921223814126463,
          70.62364131625804,
          82.99080027253453,
          -53.41667375425814,
          82.66015169688242,
          54.506832592959256,
          -8.122692912517309,
          34.67230790730852,
          48.9055280450178,
          -37.995561335763945,
          -1.8096965502149658,
          84.84700833738194,
          60.88555166131067,
          -13.225871612757672,
          -61.24519421450633,
          34.53734431292344,
          -33.262590363452624,
          86.10221582440892,
          59.1738539708746,
          74.6697353443709,
          -7.736526932603056,
          27.805264425773245,
          77.56124970080026,
          88.90721266274588,
          19.033796838033666,
          -68.79547980361875,
          72.30528522545785,
          63.94147293730089,
          14.030570863789933,
          -70.80677676839008,
          -40.43316242420886,
          88.83395748116843,
          53.023096389834194,
          -40.2436214549657,
          16.709782305303236,
          -21.947019569894664,
          58.81215017356291,
          28.61192840146272,
          73.3621689010264,
          -83.25063066990275,
          -42.87431433941973,
          9.128604343398507,
          40.34021044249934,
          -0.7057541467342219,
          84.81909943072867,
          -49.953214879382024,
          -21.26134653398526
        ],
        "z": [
          0,
          0,
          0,
          0,
          0,
          0,
          0,
          0,
          0,
          0,
          0,
          0,
          0,
          0,
          0,
          0,
          0,
          0,
          0,
          0,
          0,
          0,
          0,
          0,
          0,
          0,
          0,
          0,
          0,
          0,
          0,
          0,
          0,
          0,
          0,
          0,
          0,
          0,
          0,
          0,
          0,
          0,
          0,
          0,
          0,
          0,
          0,
          0,
          0,
          0
        ]
      },
      "material": {
        "type": "MeshPhysicalMaterial",
        "color": "#7F7F7F",
        "metalness": 0.25,
        "roughness": 0.65,
        "reflectivity": 0.5,
        "opacity": [
          1
        ],
        "transparent": false
      },
      "visible": [
        1
      ]
    }
  },
  "IMAGES": {
    "imagebag": "/mkturkfiles/scenebags/objectome3d/background_im_flipped/",
    "imageidx": [
      188,
      188,
      427,
      156,
      1177,
      1406,
      1424,
      298,
      1406,
      298,
      298,
      463,
      1424,
      1177,
      1406,
      1448,
      1448,
      16,
      156,
      1406,
      1177,
      1424,
      16,
      463,
      463,
      156,
      1448,
      188,
      463,
      16,
      188,
      1177,
      463,
      1406,
      16,
      1424,
      298,
      298,
      1448,
      1424,
      188,
      427,
      1177,
      156,
      1448,
      427,
      427,
      427,
      156,
      16
    ],
    "sizeTHREEJS": [
      1.61
    ]
  },