{
  "CAMERAS": {
    "camera00": {
      "type": "PerspectiveCamera",
      "fieldOfView": 45,
      "near": 0.1,
      "far": 2000,
      "position": {
        "x": [
          0
        ],
        "y": [
          0
        ],
        "z": [
          10
        ]
      },
      "targetInches": {
        "x": [
          0
        ],
        "y": [
          0
        ],
        "z": [
          0
        ]
      },
      "visible": [
        1
      ]
    }
  },
  "LIGHTS": {
    "light00": {
      "type": "DirectionalLight",
      "color": "0xffffff",
      "intensity": [
        5
      ],
      "position": {
        "x": [
          0
        ],
        "y": [
          1,
          1,
          1,
          1,
          1,
          1,
          1,
          1,
          1,
          1,
          1,
          1,
          1,
          1,
          1,
          1,
          1,
          1,
          1,
          1,
          1,
          1,
          1,
          1,
          1,
          1,
          1,
          1,
          1,
          1,
          1,
          1,
          1,
          1,
          1,
          1,
          1,
          1,
          1,
          1,
          1,
          1,
          1,
          1,
          1,
          1,
          1,
          1,
          1,
          1
        ],
        "z": [
          1
        ]
      },
      "visible": [
        1
      ]
    }
  },
  "OBJECTS": {
    "AppleMesh00_neutral": {
      "meshpath": "/mkturkfiles/scenebags/objectome3d/face/AppleMesh09_disgust_4.glb",
      "objectdoc": "HeadAppleMesh00Applefacepotatohead",
      "sizeTHREEJS": [
        0.6066019498732689,
        0.6588453338838225,
        0.42041634819711454,
        0.44195049776583284,
        0.5483230864236294,
        0.7628575997313491,
        0.49487324519106773,
        0.7085579003870783,
        0.6248110817146711,
        0.7593727229447266,
        0.5558427029564215,
        0.4372444256272446,
        0.7030221430137158,
        0.48243695588329916,
        0.5000557707919482,
        0.6696112434349726,
        0.5567854254418625,
        0.7081812867454371,
        0.7173903155598723,
        0.6129861912148877,
        0.48482049142645345,
        0.4626735188068246,
        0.6342287324353639,
        0.6305100144947713,
        0.3759685966757792,
        0.6085373283768705,
        0.5546124513424566,
        0.7634046355871839,
        0.5117617501559584,
        0.5978024783315882,
        0.5026279655726815,
        0.43693754917898053,
        0.4433849691659583,
        0.6951502059500606,
        0.4151221926463857,
        0.705237248888504,
        0.3782637511009227,
        0.5634625598075638,
        0.49259579292663225,
        0.5670929058650714,
        0.7563786619207618,
        0.7259150437934687,
        0.3783253163941926,
        0.6132484429126666,
        0.6543943119704283,
        0.46710089593768045,
        0.6673315927361602,
        0.6943532160510273,
        0.5002116692889382,
        0.6465222383836084
      ],
      "positionTHREEJS": {
        "x": [
          0
        ],
        "y": [
          0
        ],
        "z": [
          0
        ]
      },
      "rotationDegrees": {
        "x": [
          -36.23386053246132,
          0.7044495709020637,
          -41.375257229405825,
          -15.04512166289506,
          40.59300763741054,
          -43.45142164248608,
          -29.589340283578373,
          -8.492379713356762,
          38.89697656381941,
          -18.268223539539402,
          40.21788128816729,
          12.772304378320719,
          -43.59195377006035,
          -30.679516141769128,
          24.33159518590081,
          -43.01262629232782,
          23.769016439615115,
          -33.1772494108028,
          0.04751832528397415,
          -22.736298322871605,
          34.19557791644016,
          29.374626428166323,
          2.2577138025718853,
          23.68907343087571,
          -32.85027880286124,
          -39.73095951006843,
          11.937897944676578,
          -32.94091258293202,
          -19.117525684762878,
          -26.89566021373553,
          -0.5252053993673087,
          11.829377741010745,
          42.12985677055758,
          29.241112570334465,
          25.544515644279443,
          28.85536926136008,
          -10.434055685647145,
          19.408386791990964,
          36.35748591849455,
          -21.870357921668674,
          -40.86422308390247,
          43.60616123851052,
          17.58254974543209,
          36.79615659163913,
          40.17662818642685,
          -39.50837467383444,
          -28.121777867780054,
          -0.6383310204124015,
          -1.9806561271852772,
          7.592399703253861
        ],
        "y": [
          31.399293794205292,
          -32.783148862609316,
          -4.259204861252584,
          -81.92711736829777,
          35.36209949982991,
          86.03222826900995,
          37.662428506476985,
          61.4256050015988,
          60.37083916232325,
          35.13489921735173,
          -11.175284839498119,
          83.2713521359654,
          19.765035903207178,
          -72.80108526611143,
          -87.16794941583888,
          83.52578766888914,
          -53.23103129958569,
          -59.3606386298849,
          66.72574252047121,
          46.61267019955571,
          -63.982399928222335,
          -89.67720736567273,
          18.75403803126703,
          -23.31780383081363,
          38.37718287967627,
          39.62411704342753,
          23.509881556103593,
          -18.007044863694986,
          51.78181981180754,
          8.792683656278257,
          -86.04669675072209,
          79.57112837956072,
          -30.08251552463703,
          38.839187493244,
          79.95228796132764,
          -73.75543291509938,
          37.33398554666067,
          -58.386051347175815,
          47.76522936999811,
          11.068282476048253,
          -53.88794914020442,
          8.63972033395612,
          70.02798723585457,
          -87.19305487934095,
          6.191085597332517,
          -16.000247275000632,
          -55.1415732301172,
          3.71952253160687,
          61.08500996391862,
          -30.876418950129924
        ],
        "z": [
          0,
          0,
          0,
          0,
          0,
          0,
          0,
          0,
          0,
          0,
          0,
          0,
          0,
          0,
          0,
          0,
          0,
          0,
          0,
          0,
          0,
          0,
          0,
          0,
          0,
          0,
          0,
          0,
          0,
          0,
          0,
          0,
          0,
          0,
          0,
          0,
          0,
          0,
          0,
          0,
          0,
          0,
          0,
          0,
          0,
          0,
          0,
          0,
          0,
          0
        ]
      },
      "material": {
        "type": "MeshPhysicalMaterial",
        "color": "#7F7F7F",
        "metalness": 0.25,
        "roughness": 0.65,
        "reflectivity": 0.5,
        "opacity": [
          1
        ],
        "transparent": false
      },
      "visible": [
        1
      ]
    }
  },
  "IMAGES": {
    "imagebag": "/mkturkfiles/scenebags/objectome3d/background_im_flipped/",
    "imageidx": [
      156,
      188,
      298,
      1424,
      298,
      1406,
      298,
      1177,
      156,
      1177,
      16,
      1448,
      463,
      16,
      1448,
      463,
      1177,
      156,
      188,
      188,
      1406,
      1177,
      16,
      463,
      16,
      1424,
      1406,
      1406,
      427,
      1448,
      156,
      427,
      427,
      1406,
      1177,
      463,
      16,
      1448,
      1424,
      427,
      427,
      1424,
      1448,
      463,
      188,
      188,
      156,
      298,
      298,
      1424
    ],
    "sizeTHREEJS": [
      1.61
    ]
  },