{
  "CAMERAS": {
    "camera00": {
      "type": "PerspectiveCamera",
      "fieldOfView": 45,
      "near": 0.1,
      "far": 2000,
      "position": {
        "x": [
          0
        ],
        "y": [
          0
        ],
        "z": [
          10
        ]
      },
      "targetInches": {
        "x": [
          0
        ],
        "y": [
          0
        ],
        "z": [
          0
        ]
      },
      "visible": [
        1
      ]
    }
  },
  "LIGHTS": {
    "light00": {
      "type": "DirectionalLight",
      "color": "0xffffff",
      "intensity": [
        5
      ],
      "position": {
        "x": [
          0
        ],
        "y": [
          1,
          1,
          1,
          1,
          1,
          1,
          1,
          1,
          1,
          1,
          1,
          1,
          1,
          1,
          1,
          1,
          1,
          1,
          1,
          1,
          1,
          1,
          1,
          1,
          1,
          1,
          1,
          1,
          1,
          1,
          1,
          1,
          1,
          1,
          1,
          1,
          1,
          1,
          1,
          1,
          1,
          1,
          1,
          1,
          1,
          1,
          1,
          1,
          1,
          1
        ],
        "z": [
          1
        ]
      },
      "visible": [
        1
      ]
    }
  },
  "OBJECTS": {
    "AppleMesh00_neutral": {
      "meshpath": "/mkturkfiles/scenebags/objectome3d/face/AppleMesh07_surprise_4.glb",
      "objectdoc": "HeadAppleMesh00Applefacepotatohead",
      "sizeTHREEJS": [
        0.4973883229187729,
        0.7563177985191107,
        0.4900247543909735,
        0.5190459248449395,
        0.5750856067328407,
        0.42936047262971205,
        0.462501661425316,
        0.6865902343023118,
        0.7031169641589382,
        0.5129871731928678,
        0.3970959182309288,
        0.4344796760331683,
        0.6610216576983892,
        0.5928425816157088,
        0.4875654492185996,
        0.4922931665458249,
        0.4935435049150572,
        0.4355191146173869,
        0.7624537932815514,
        0.49099660990013555,
        0.6188592422372234,
        0.42923757807252844,
        0.6307673518671872,
        0.7034991992868735,
        0.5745371963560014,
        0.4389802815373177,
        0.6257794345311478,
        0.6170418021476793,
        0.44872604388789966,
        0.7068472639833892,
        0.4360916682317132,
        0.7111482022546506,
        0.5774619963826028,
        0.5188720725425118,
        0.6377801198342278,
        0.3727019397604302,
        0.4443188787346115,
        0.5180069981248835,
        0.4984418645790146,
        0.6481672767358686,
        0.6214169058069308,
        0.6596708914552731,
        0.7424969723799739,
        0.5635038472462279,
        0.5669830248041299,
        0.46473316349622174,
        0.5682035247514658,
        0.5339312068209819,
        0.4926933822461214,
        0.7315752290577539
      ],
      "positionTHREEJS": {
        "x": [
          0
        ],
        "y": [
          0
        ],
        "z": [
          0
        ]
      },
      "rotationDegrees": {
        "x": [
          -7.3887262981407105,
          -7.387539795816785,
          27.00059378238437,
          25.3505833652964,
          33.173055045230356,
          -2.1899331168087954,
          -20.333854508956826,
          37.382683400622255,
          -42.583767476749934,
          -43.687915266108504,
          41.21888535732059,
          -38.57978284111269,
          -13.173363225646309,
          17.435383061273832,
          14.227647011775119,
          15.696512692036038,
          -10.601945674424876,
          9.898583510970717,
          -2.2084485351746608,
          -3.6178826031282654,
          41.01364313072597,
          20.680589481435405,
          44.654010471747284,
          -39.297508479536624,
          -11.84960204538973,
          27.21035158154004,
          -30.14359373744331,
          -11.691398555837402,
          -19.686062379850995,
          32.53184144468335,
          -15.65703726940269,
          -27.294832795533434,
          -19.25126869351178,
          33.2966361510054,
          15.100520866876494,
          -36.11275993324942,
          22.540885374192612,
          36.52251755536726,
          33.89299197289786,
          -35.76193148395994,
          2.3918529656799734,
          17.82347151777327,
          -14.848998845040867,
          -7.72520260414835,
          18.565085221684257,
          10.463043208118123,
          30.035863851422974,
          -1.0374556133040116,
          2.3760067887820853,
          -0.7444551875120808
        ],
        "y": [
          -8.37726777332854,
          35.879582968848396,
          -47.64474362995417,
          50.72949366267494,
          11.248641085000415,
          -48.880737589470144,
          -86.90191751951515,
          46.18221736187647,
          -69.89551442610878,
          18.68521567617772,
          15.882709904629891,
          -9.931164496702948,
          44.84208939871803,
          -78.06381461944073,
          19.15276974976716,
          24.616078297665368,
          55.29937288933601,
          -48.932237331533905,
          76.37011812511511,
          64.95319282880968,
          83.09785168030876,
          0.6305027036138284,
          -14.307722176429195,
          79.97542199702201,
          -27.60987063608632,
          26.312702500973344,
          83.90840348144462,
          54.36733794331377,
          54.515074910785756,
          11.59139859820138,
          -21.778655707756144,
          77.17997190468631,
          14.148882675492274,
          88.04510147249542,
          -80.75166668355742,
          77.99282972871993,
          -83.18814743285273,
          -26.33684360897982,
          11.827079584366203,
          -3.7596469180000724,
          88.65299451100825,
          20.331116420987954,
          -18.510181540869354,
          -58.377778154203895,
          21.9244223470196,
          30.210656359592832,
          -88.39045211109553,
          25.3959808354968,
          -0.07585839670892369,
          56.63606926481694
        ],
        "z": [
          0,
          0,
          0,
          0,
          0,
          0,
          0,
          0,
          0,
          0,
          0,
          0,
          0,
          0,
          0,
          0,
          0,
          0,
          0,
          0,
          0,
          0,
          0,
          0,
          0,
          0,
          0,
          0,
          0,
          0,
          0,
          0,
          0,
          0,
          0,
          0,
          0,
          0,
          0,
          0,
          0,
          0,
          0,
          0,
          0,
          0,
          0,
          0,
          0,
          0
        ]
      },
      "material": {
        "type": "MeshPhysicalMaterial",
        "color": "#7F7F7F",
        "metalness": 0.25,
        "roughness": 0.65,
        "reflectivity": 0.5,
        "opacity": [
          1
        ],
        "transparent": false
      },
      "visible": [
        1
      ]
    }
  },
  "IMAGES": {
    "imagebag": "/mkturkfiles/scenebags/objectome3d/background_im_flipped/",
    "imageidx": [
      16,
      1424,
      1177,
      188,
      16,
      156,
      188,
      1406,
      1406,
      1177,
      1448,
      1406,
      16,
      1448,
      188,
      1448,
      1406,
      1177,
      298,
      156,
      1448,
      427,
      463,
      188,
      298,
      427,
      1448,
      298,
      1424,
      463,
      16,
      427,
      16,
      156,
      156,
      427,
      156,
      1177,
      427,
      298,
      1424,
      1424,
      1424,
      463,
      1406,
      463,
      1177,
      463,
      298,
      188
    ],
    "sizeTHREEJS": [
      1.61
    ]
  },