{
  "CAMERAS": {
    "camera00": {
      "type": "PerspectiveCamera",
      "fieldOfView": 45,
      "near": 0.1,
      "far": 2000,
      "position": {
        "x": [
          0
        ],
        "y": [
          0
        ],
        "z": [
          10
        ]
      },
      "targetInches": {
        "x": [
          0
        ],
        "y": [
          0
        ],
        "z": [
          0
        ]
      },
      "visible": [
        1
      ]
    }
  },
  "LIGHTS": {
    "light00": {
      "type": "DirectionalLight",
      "color": "0xffffff",
      "intensity": [
        5
      ],
      "position": {
        "x": [
          0
        ],
        "y": [
          1,
          1,
          1,
          1,
          1,
          1,
          1,
          1,
          1,
          1,
          1,
          1,
          1,
          1,
          1,
          1,
          1,
          1,
          1,
          1,
          1,
          1,
          1,
          1,
          1,
          1,
          1,
          1,
          1,
          1,
          1,
          1,
          1,
          1,
          1,
          1,
          1,
          1,
          1,
          1,
          1,
          1,
          1,
          1,
          1,
          1,
          1,
          1,
          1,
          1
        ],
        "z": [
          1
        ]
      },
      "visible": [
        1
      ]
    }
  },
  "OBJECTS": {
    "AppleMesh00_neutral": {
      "meshpath": "/mkturkfiles/scenebags/objectome3d/face/AppleMesh10_happiness_4.glb",
      "objectdoc": "HeadAppleMesh00Applefacepotatohead",
      "sizeTHREEJS": [
        0.6237263062551567,
        0.6047209626557154,
        0.6583880152277444,
        0.517609559444949,
        0.6059815005262741,
        0.6822764208803589,
        0.5314672527802471,
        0.41110923581736225,
        0.46108096120454645,
        0.5032830150624424,
        0.5846909306026368,
        0.448858125092959,
        0.5130265168174195,
        0.7427020614332664,
        0.7024452220335754,
        0.44006711507070406,
        0.39503799921146765,
        0.5845020336107287,
        0.666724902987379,
        0.713370102129711,
        0.6679116607557831,
        0.494718400003867,
        0.7145910094153223,
        0.5798358639151957,
        0.6953132352949272,
        0.43220286039164313,
        0.6667805195431671,
        0.46164407932916546,
        0.4095920032400283,
        0.7523272010630534,
        0.504305255591269,
        0.6778279246391921,
        0.6257381622749012,
        0.6436102441221605,
        0.5722859614704141,
        0.4512034384778401,
        0.6046758667031935,
        0.5414458765143888,
        0.4052365474982392,
        0.4926931002700658,
        0.381282146742653,
        0.5186139125863674,
        0.5457704884597318,
        0.7055149709647839,
        0.7044871590393278,
        0.6538480460410487,
        0.6470122026888028,
        0.7362537347758574,
        0.6355067880791154,
        0.7299681799641798
      ],
      "positionTHREEJS": {
        "x": [
          0
        ],
        "y": [
          0
        ],
        "z": [
          0
        ]
      },
      "rotationDegrees": {
        "x": [
          9.22749675563933,
          11.506683201653303,
          9.824242982018994,
          -10.111074866099543,
          -28.942147249595333,
          2.631466867791886,
          10.35890995630048,
          42.312082283072726,
          -30.637293713207477,
          -31.49555272744481,
          -1.7806804347671417,
          -41.64398473359493,
          8.592157370088884,
          8.83231366511577,
          13.510694414897465,
          -14.517387468597146,
          -39.774956579206105,
          20.540854888131648,
          37.42578772726175,
          -30.126268459403924,
          -29.712026665713132,
          30.82972151445489,
          -7.562825970401775,
          9.387377172419214,
          -17.454559366484826,
          -29.82051788720943,
          -1.3849512978049958,
          -29.124540559438543,
          26.70473658040845,
          33.21502257025466,
          -6.200021484067328,
          -44.07765643564513,
          36.25970906091662,
          -36.358796919847734,
          -5.626897907616957,
          30.357168967924864,
          28.736255737710394,
          -5.092554475183221,
          8.188700766626212,
          -34.21084774905101,
          -38.91019666067756,
          16.22248116911944,
          5.465173117738253,
          4.266725640518899,
          -25.513533717167554,
          0.7222824081769872,
          6.4896022614064535,
          23.603051727464717,
          29.063369891246793,
          -27.457860083619845
        ],
        "y": [
          70.72660549114411,
          73.09624654168417,
          7.047874093605017,
          20.781854218899326,
          82.71472191863049,
          -86.0543630287516,
          -44.01342692204558,
          44.868256514547085,
          75.46517860246723,
          13.91197054118416,
          -9.109508534324874,
          53.60162187121156,
          1.3423794282436035,
          -47.945049146552414,
          83.47260788935736,
          -46.34347526613899,
          -46.029132433868156,
          -80.314454187743,
          43.71347071345966,
          15.113956253414798,
          88.3372097773649,
          -24.518254189484338,
          0.730231496977936,
          -76.73757425836394,
          15.286603456140213,
          24.09868824262803,
          65.62975164833358,
          72.51719554983865,
          22.66262114708725,
          -72.01879877927053,
          -51.39673960170354,
          74.10783655355905,
          -43.25293854726443,
          2.7622242711148886,
          -74.52964923263166,
          -7.718512869843238,
          71.13352575259938,
          -15.806714323319085,
          -12.42359315674345,
          -45.747739071316964,
          31.258702818895685,
          -15.530152216508839,
          -36.905540770552804,
          7.137420851228256,
          -70.03852442150449,
          8.962310528418698,
          -85.73275521625717,
          -83.16196627358624,
          -18.381897150791644,
          -8.834853592805544
        ],
        "z": [
          0,
          0,
          0,
          0,
          0,
          0,
          0,
          0,
          0,
          0,
          0,
          0,
          0,
          0,
          0,
          0,
          0,
          0,
          0,
          0,
          0,
          0,
          0,
          0,
          0,
          0,
          0,
          0,
          0,
          0,
          0,
          0,
          0,
          0,
          0,
          0,
          0,
          0,
          0,
          0,
          0,
          0,
          0,
          0,
          0,
          0,
          0,
          0,
          0,
          0
        ]
      },
      "material": {
        "type": "MeshPhysicalMaterial",
        "color": "#7F7F7F",
        "metalness": 0.25,
        "roughness": 0.65,
        "reflectivity": 0.5,
        "opacity": [
          1
        ],
        "transparent": false
      },
      "visible": [
        1
      ]
    }
  },
  "IMAGES": {
    "imagebag": "/mkturkfiles/scenebags/objectome3d/background_im_flipped/",
    "imageidx": [
      1177,
      188,
      1177,
      156,
      156,
      1424,
      188,
      427,
      1448,
      427,
      463,
      298,
      156,
      188,
      463,
      16,
      16,
      427,
      1406,
      1424,
      298,
      1406,
      188,
      1424,
      156,
      1177,
      298,
      1424,
      156,
      16,
      1177,
      463,
      1424,
      1448,
      1177,
      1406,
      298,
      427,
      16,
      1406,
      1406,
      298,
      1448,
      463,
      188,
      427,
      463,
      16,
      1448,
      1448
    ],
    "sizeTHREEJS": [
      1.61
    ]
  },