{
  "CAMERAS": {
    "camera00": {
      "type": "PerspectiveCamera",
      "fieldOfView": 45,
      "near": 0.1,
      "far": 2000,
      "position": {
        "x": [
          0
        ],
        "y": [
          0
        ],
        "z": [
          10
        ]
      },
      "targetInches": {
        "x": [
          0
        ],
        "y": [
          0
        ],
        "z": [
          0
        ]
      },
      "visible": [
        1
      ]
    }
  },
  "LIGHTS": {
    "light00": {
      "type": "DirectionalLight",
      "color": "0xffffff",
      "intensity": [
        5
      ],
      "position": {
        "x": [
          0
        ],
        "y": [
          1,
          1,
          1,
          1,
          1,
          1,
          1,
          1,
          1,
          1,
          1,
          1,
          1,
          1,
          1,
          1,
          1,
          1,
          1,
          1,
          1,
          1,
          1,
          1,
          1,
          1,
          1,
          1,
          1,
          1,
          1,
          1,
          1,
          1,
          1,
          1,
          1,
          1,
          1,
          1,
          1,
          1,
          1,
          1,
          1,
          1,
          1,
          1,
          1,
          1
        ],
        "z": [
          1
        ]
      },
      "visible": [
        1
      ]
    }
  },
  "OBJECTS": {
    "AppleMesh00_neutral": {
      "meshpath": "/mkturkfiles/scenebags/objectome3d/face/AppleMesh03_sadness_4.glb",
      "objectdoc": "HeadAppleMesh00Applefacepotatohead",
      "sizeTHREEJS": [
        0.5897390074044616,
        0.5750615169883909,
        0.6945931829852263,
        0.5971686560371818,
        0.5644661916083533,
        0.4590715174234501,
        0.7328287118709365,
        0.6067350783130674,
        0.3716221153723286,
        0.38832639257340135,
        0.7093899839551414,
        0.7177043066492879,
        0.5183083986186175,
        0.594348092048661,
        0.4358162709264184,
        0.40958898546375155,
        0.4731998757910136,
        0.42711839364419735,
        0.4929205228957336,
        0.46882743451024533,
        0.5696046204232919,
        0.6551964718221333,
        0.5589999271047293,
        0.5122653139849495,
        0.41215047169542857,
        0.6157302634191436,
        0.6067247181619086,
        0.5518610480749493,
        0.3802523151436188,
        0.6596293429981797,
        0.5270698080938317,
        0.400181993263891,
        0.44377664654933824,
        0.6536735688447721,
        0.3770805927698975,
        0.6200087437179499,
        0.46501445551568354,
        0.3843234463031345,
        0.4373661763252894,
        0.3870836167150182,
        0.47615722231476143,
        0.43185095771901966,
        0.4843523463392578,
        0.5439358434648867,
        0.6169344511324515,
        0.7593112226725991,
        0.3997749994551455,
        0.45957613983713524,
        0.37751896971937626,
        0.6674703160649091
      ],
      "positionTHREEJS": {
        "x": [
          0
        ],
        "y": [
          0
        ],
        "z": [
          0
        ]
      },
      "rotationDegrees": {
        "x": [
          2.51143385073226,
          39.04559511593355,
          1.2186099696367236,
          -43.596337154613785,
          -33.004662086780655,
          -12.3115711286706,
          19.30103447602714,
          33.161510306783896,
          28.128996729132297,
          -41.454179384848416,
          15.366886365727282,
          6.760996994365499,
          -4.603706718337861,
          -28.744059934207534,
          -42.97051460506844,
          -10.520370994197357,
          -2.1665093653567666,
          -44.82926260392362,
          -17.29152372772927,
          -2.0555107544145628,
          26.105028672796664,
          38.37770282721546,
          16.6986976726644,
          1.7822740332577283,
          -38.25723830418334,
          41.78654196143637,
          -41.63760682052372,
          -8.229207512661787,
          -41.72979643704755,
          -22.48020149511742,
          -21.489549916737687,
          33.00511543891534,
          15.057682434493437,
          -4.327385681910258,
          38.099995956421836,
          -23.25454643602449,
          -23.877744507728185,
          -8.44705882360384,
          6.875109207201156,
          -25.496146277011277,
          -40.246563109442874,
          -6.295591001225233,
          30.49741299982398,
          17.83610424260177,
          23.66598830956454,
          7.119152844908072,
          -11.316329895406454,
          -31.455841641714557,
          10.579738839451977,
          30.487167439499956
        ],
        "y": [
          -56.690685755785225,
          -36.6835032853828,
          32.01471784788224,
          -61.98673827070893,
          -87.93834118773152,
          -75.35923898690929,
          85.58188128448157,
          -56.33559651765333,
          14.550305123328954,
          31.55460894608902,
          3.446973555025309,
          -86.26101122719766,
          39.08920819390292,
          -15.75775561664409,
          64.0224845512156,
          -85.00844469100225,
          37.394908666484085,
          -80.01458559328861,
          -20.597363494461007,
          47.307111699996966,
          -57.585064572865306,
          56.94442174386239,
          -80.8153916547384,
          -51.158359530889975,
          79.84309366629324,
          24.50441305441261,
          47.3577040912389,
          -7.612570236669953,
          -28.048696725744534,
          39.34624797199194,
          89.2699061598033,
          89.55680849378007,
          -12.506280177772581,
          -62.084863840041365,
          -19.307967641348796,
          -52.191021538071155,
          59.09361065285404,
          74.6298093162651,
          54.31919485139744,
          84.2760906416795,
          -47.635411756349356,
          38.86437942043983,
          -84.4288170302338,
          17.49309740267543,
          59.26981169437431,
          -2.4612198309101956,
          34.688532551463695,
          43.27619663984038,
          -71.4984562961105,
          46.602190942591534
        ],
        "z": [
          0,
          0,
          0,
          0,
          0,
          0,
          0,
          0,
          0,
          0,
          0,
          0,
          0,
          0,
          0,
          0,
          0,
          0,
          0,
          0,
          0,
          0,
          0,
          0,
          0,
          0,
          0,
          0,
          0,
          0,
          0,
          0,
          0,
          0,
          0,
          0,
          0,
          0,
          0,
          0,
          0,
          0,
          0,
          0,
          0,
          0,
          0,
          0,
          0,
          0
        ]
      },
      "material": {
        "type": "MeshPhysicalMaterial",
        "color": "#7F7F7F",
        "metalness": 0.25,
        "roughness": 0.65,
        "reflectivity": 0.5,
        "opacity": [
          1
        ],
        "transparent": false
      },
      "visible": [
        1
      ]
    }
  },
  "IMAGES": {
    "imagebag": "/mkturkfiles/scenebags/objectome3d/background_im_flipped/",
    "imageidx": [
      16,
      188,
      188,
      16,
      1177,
      463,
      156,
      1424,
      16,
      463,
      1448,
      298,
      16,
      156,
      1177,
      1424,
      156,
      298,
      1448,
      463,
      1177,
      463,
      298,
      427,
      188,
      1424,
      1448,
      1177,
      1406,
      188,
      1177,
      427,
      1448,
      16,
      156,
      1448,
      427,
      1424,
      1406,
      1424,
      1406,
      298,
      1406,
      156,
      463,
      298,
      427,
      427,
      1406,
      188
    ],
    "sizeTHREEJS": [
      1.61
    ]
  },