{
  "CAMERAS": {
    "camera00": {
      "type": "PerspectiveCamera",
      "fieldOfView": 45,
      "near": 0.1,
      "far": 2000,
      "position": {
        "x": [
          0
        ],
        "y": [
          0
        ],
        "z": [
          10
        ]
      },
      "targetInches": {
        "x": [
          0
        ],
        "y": [
          0
        ],
        "z": [
          0
        ]
      },
      "visible": [
        1
      ]
    }
  },
  "LIGHTS": {
    "light00": {
      "type": "DirectionalLight",
      "color": "0xffffff",
      "intensity": [
        5
      ],
      "position": {
        "x": [
          0
        ],
        "y": [
          1,
          1,
          1,
          1,
          1,
          1,
          1,
          1,
          1,
          1,
          1,
          1,
          1,
          1,
          1,
          1,
          1,
          1,
          1,
          1,
          1,
          1,
          1,
          1,
          1,
          1,
          1,
          1,
          1,
          1,
          1,
          1,
          1,
          1,
          1,
          1,
          1,
          1,
          1,
          1,
          1,
          1,
          1,
          1,
          1,
          1,
          1,
          1,
          1,
          1
        ],
        "z": [
          1
        ]
      },
      "visible": [
        1
      ]
    }
  },
  "OBJECTS": {
    "AppleMesh00_neutral": {
      "meshpath": "/mkturkfiles/scenebags/objectome3d/face/AppleMesh05_anger_4.glb",
      "objectdoc": "HeadAppleMesh00Applefacepotatohead",
      "sizeTHREEJS": [
        0.5616730547632097,
        0.6607182879174156,
        0.5366199377214298,
        0.6590027880803238,
        0.5918893789850226,
        0.6691618348730121,
        0.44449376113063366,
        0.48170284743102776,
        0.4301101879774126,
        0.7587084339778847,
        0.6180023632655233,
        0.5301245738746898,
        0.46678239505162283,
        0.4730195549977749,
        0.6154714931033117,
        0.6922914499497884,
        0.7394045834603857,
        0.7388584265887744,
        0.40231629799170765,
        0.7174783610023912,
        0.634992474953693,
        0.7098566569978808,
        0.3829906321761265,
        0.39099980583921584,
        0.5127188918936696,
        0.5705234122769651,
        0.5280412661642536,
        0.4496012050341609,
        0.49938626491188054,
        0.6027556447177981,
        0.6819892468275897,
        0.68135441300848,
        0.42289103959583996,
        0.6851560871708544,
        0.6027058112899979,
        0.7373279798952295,
        0.6327847482790864,
        0.49119227375532487,
        0.7231551210458591,
        0.46812050782871606,
        0.42096358740270323,
        0.7541835346885459,
        0.37918944064149673,
        0.5936799315839827,
        0.5742992658215548,
        0.37726178594842597,
        0.7357195377022793,
        0.4748605170615649,
        0.6441278019485689,
        0.6221568675164092
      ],
      "positionTHREEJS": {
        "x": [
          0
        ],
        "y": [
          0
        ],
        "z": [
          0
        ]
      },
      "rotationDegrees": {
        "x": [
          18.277978873682237,
          -34.063156284269084,
          13.79084179355987,
          12.026847683602746,
          9.485418204627635,
          -16.8585761885135,
          15.556794711482077,
          42.23197013607998,
          -34.23607158548528,
          -37.67269997882759,
          18.916829668924215,
          8.535276748083717,
          1.7480956661730715,
          -19.33790663634926,
          0.3835745210875672,
          -30.094336214605526,
          -10.250168886848726,
          1.969083022472006,
          27.126266129091064,
          -36.0318413700253,
          -8.974241486471506,
          -29.211927285009228,
          -37.47826164692923,
          23.38193034524241,
          12.870096291463362,
          1.49501217319024,
          7.464453155713912,
          13.632954204283884,
          3.3665579297904245,
          -23.716115743781852,
          -34.64740603656551,
          -0.900537932584669,
          43.34546336339376,
          16.359018592445942,
          -9.307819627869193,
          -11.659711561472783,
          16.4617363529039,
          -19.77096535542534,
          4.87025692912286,
          9.106273826790748,
          -3.7489818888784043,
          -18.881014471179267,
          19.741916717144875,
          -17.96484643555225,
          -43.98899974542698,
          16.08127595344341,
          39.785192418388306,
          18.350425829094256,
          27.136719793221687,
          -7.461037012055257
        ],
        "y": [
          -37.38398785037474,
          61.2707031876769,
          80.55493873569674,
          61.584712942442025,
          34.244862790716226,
          -52.62813967002562,
          19.63788292004145,
          29.541233897144494,
          20.527340851288812,
          67.30615908208009,
          1.063545456115662,
          50.41102019673451,
          -58.960093826855996,
          -66.87620416853068,
          89.20683239110335,
          -76.72568217030668,
          57.895455705035744,
          -4.849071026565483,
          65.7291891018397,
          54.950132778157155,
          -27.725550557566933,
          65.71984018718805,
          31.530587104190687,
          -21.413249137165153,
          49.21162496099103,
          85.49006433951274,
          -73.91241810129375,
          48.18955469039486,
          -15.551131995595966,
          20.018877411229184,
          -50.66180095608741,
          -36.320039319889396,
          -11.512625182222592,
          -23.034666384174017,
          36.6277854297783,
          0.3612554282063769,
          37.604972587568554,
          -43.076929284651094,
          79.84649791803864,
          -68.05863669549832,
          -50.279350189235224,
          7.185274034653631,
          -62.238807532923886,
          -84.1930115441434,
          -45.5597078168952,
          35.520185715658414,
          -20.163498922746868,
          -41.88499799606444,
          -23.77048480032019,
          74.76790324874
        ],
        "z": [
          0,
          0,
          0,
          0,
          0,
          0,
          0,
          0,
          0,
          0,
          0,
          0,
          0,
          0,
          0,
          0,
          0,
          0,
          0,
          0,
          0,
          0,
          0,
          0,
          0,
          0,
          0,
          0,
          0,
          0,
          0,
          0,
          0,
          0,
          0,
          0,
          0,
          0,
          0,
          0,
          0,
          0,
          0,
          0,
          0,
          0,
          0,
          0,
          0,
          0
        ]
      },
      "material": {
        "type": "MeshPhysicalMaterial",
        "color": "#7F7F7F",
        "metalness": 0.25,
        "roughness": 0.65,
        "reflectivity": 0.5,
        "opacity": [
          1
        ],
        "transparent": false
      },
      "visible": [
        1
      ]
    }
  },
  "IMAGES": {
    "imagebag": "/mkturkfiles/scenebags/objectome3d/background_im_flipped/",
    "imageidx": [
      463,
      1424,
      298,
      1448,
      1406,
      188,
      156,
      427,
      427,
      1177,
      1448,
      188,
      298,
      298,
      298,
      1424,
      156,
      463,
      1406,
      1177,
      1424,
      298,
      463,
      16,
      188,
      16,
      1177,
      427,
      1406,
      1424,
      16,
      156,
      1177,
      463,
      1448,
      1448,
      188,
      427,
      1406,
      1424,
      188,
      427,
      156,
      1177,
      16,
      463,
      1406,
      1448,
      16,
      156
    ],
    "sizeTHREEJS": [
      1.61
    ]
  },