{
  "CAMERAS": {
    "camera00": {
      "type": "PerspectiveCamera",
      "fieldOfView": 45,
      "near": 0.1,
      "far": 2000,
      "position": {
        "x": [
          0
        ],
        "y": [
          0
        ],
        "z": [
          10
        ]
      },
      "targetInches": {
        "x": [
          0
        ],
        "y": [
          0
        ],
        "z": [
          0
        ]
      },
      "visible": [
        1
      ]
    }
  },
  "LIGHTS": {
    "light00": {
      "type": "DirectionalLight",
      "color": "0xffffff",
      "intensity": [
        5
      ],
      "position": {
        "x": [
          0
        ],
        "y": [
          1,
          1,
          1,
          1,
          1,
          1,
          1,
          1,
          1,
          1,
          1,
          1,
          1,
          1,
          1,
          1,
          1,
          1,
          1,
          1,
          1,
          1,
          1,
          1,
          1,
          1,
          1,
          1,
          1,
          1,
          1,
          1,
          1,
          1,
          1,
          1,
          1,
          1,
          1,
          1,
          1,
          1,
          1,
          1,
          1,
          1,
          1,
          1,
          1,
          1
        ],
        "z": [
          1
        ]
      },
      "visible": [
        1
      ]
    }
  },
  "OBJECTS": {
    "AppleMesh00_neutral": {
      "meshpath": "/mkturkfiles/scenebags/objectome3d/face/AppleMesh00_fear_4.glb",
      "objectdoc": "HeadAppleMesh00Applefacepotatohead",
      "sizeTHREEJS": [
        0.44041483948070387,
        0.6364844094662171,
        0.6388046429742384,
        0.6431237507354545,
        0.4637238900989129,
        0.6599306226518755,
        0.6716987051513537,
        0.6244442285176295,
        0.6113623514913202,
        0.5316208927883537,
        0.5124327766446549,
        0.5198349077607448,
        0.6572941278689335,
        0.4361401764109463,
        0.5540138055974022,
        0.7373682646364155,
        0.6805246275616536,
        0.6240919067961401,
        0.7073093914581243,
        0.686020183053698,
        0.6821375550147363,
        0.49567968421211217,
        0.739716198213276,
        0.4689116894398415,
        0.4488522347523289,
        0.5442907890140624,
        0.5861494044601826,
        0.7113381883678265,
        0.7396901511600449,
        0.6713751405428208,
        0.5653657465552566,
        0.7488203139749269,
        0.7606067745997078,
        0.39911748580326517,
        0.434095250941502,
        0.5223084940348078,
        0.649269347836234,
        0.44807405692193003,
        0.37263792885551483,
        0.5865557475378204,
        0.497803059665905,
        0.5747604162567143,
        0.6772850990785142,
        0.5414451972052983,
        0.7333652600318967,
        0.524158242662117,
        0.3984872181145495,
        0.4122385360699786,
        0.7514693120433451,
        0.6634266554431957
      ],
      "positionTHREEJS": {
        "x": [
          0
        ],
        "y": [
          0
        ],
        "z": [
          0
        ]
      },
      "rotationDegrees": {
        "x": [
          -28.932658663208677,
          -20.89190062529592,
          40.388239506417136,
          8.881465390590556,
          -27.824012433323908,
          38.766600934571116,
          -19.415580035269528,
          23.82376265746754,
          -31.240000326640995,
          -16.985534486458604,
          -25.77835629895809,
          -26.566501982679704,
          -34.59637371508353,
          14.212416020614555,
          34.37318114021208,
          -4.463393622595717,
          0.949276750386467,
          -28.474671728159706,
          35.166812497236364,
          0.3838241877562041,
          15.02783328221902,
          -40.66959340938044,
          33.53062054938566,
          14.578051791790458,
          24.828922779647485,
          -38.80771289889557,
          -36.38519414858466,
          -41.14620304094148,
          1.8850878861779847,
          34.37292888546534,
          -25.922904324939317,
          31.212759524050384,
          -40.640099877512476,
          -41.042320835854284,
          17.55031004842322,
          -23.925874250153363,
          -33.20665925719985,
          25.732524501159958,
          -41.53068938508272,
          32.50678844113419,
          31.239433435132597,
          15.69670922061026,
          -3.756062876542181,
          -29.33032596650112,
          -38.34439395200006,
          -9.351874386018523,
          -29.01845947209016,
          -16.244878283921263,
          -9.275035421822345,
          25.69867590476123
        ],
        "y": [
          7.648452097488246,
          -64.48753183419531,
          -41.89071242874908,
          42.091629669664144,
          30.846963063295647,
          44.2009824548974,
          -82.9936757762729,
          81.87243173497703,
          47.3547560369322,
          8.15025811477095,
          -21.59737541983796,
          -55.75704812577493,
          23.366415171561627,
          65.40537896424544,
          -45.927498828901285,
          27.7879925648146,
          31.913511408332695,
          -36.38368459204767,
          -38.15019583556879,
          76.56443854766763,
          87.22279762599462,
          6.565426345788438,
          20.65013711953388,
          -29.918266948719264,
          -80.52368560091395,
          -46.55613893732833,
          42.84869846312807,
          0.6168180345434564,
          -24.135725562748988,
          45.79306511425074,
          -12.42937255545398,
          -85.63607144557598,
          53.24344263423575,
          45.07195831785768,
          70.81410328306316,
          27.40181169112347,
          58.55730111944666,
          73.76475359584362,
          50.587799648441205,
          59.47774224791405,
          -14.113144927951225,
          -55.43108330574919,
          46.35986353669114,
          24.171539055223576,
          82.1368055651962,
          -78.14700198587525,
          -77.7163815741842,
          21.533203392629815,
          66.55733920700649,
          -84.7196379799862
        ],
        "z": [
          0,
          0,
          0,
          0,
          0,
          0,
          0,
          0,
          0,
          0,
          0,
          0,
          0,
          0,
          0,
          0,
          0,
          0,
          0,
          0,
          0,
          0,
          0,
          0,
          0,
          0,
          0,
          0,
          0,
          0,
          0,
          0,
          0,
          0,
          0,
          0,
          0,
          0,
          0,
          0,
          0,
          0,
          0,
          0,
          0,
          0,
          0,
          0,
          0,
          0
        ]
      },
      "material": {
        "type": "MeshPhysicalMaterial",
        "color": "#7F7F7F",
        "metalness": 0.25,
        "roughness": 0.65,
        "reflectivity": 0.5,
        "opacity": [
          1
        ],
        "transparent": false
      },
      "visible": [
        1
      ]
    }
  },
  "IMAGES": {
    "imagebag": "/mkturkfiles/scenebags/objectome3d/background_im_flipped/",
    "imageidx": [
      427,
      156,
      463,
      1406,
      298,
      427,
      298,
      16,
      463,
      298,
      1448,
      1448,
      1406,
      156,
      156,
      427,
      1177,
      298,
      16,
      156,
      1424,
      1424,
      188,
      1424,
      156,
      1448,
      463,
      1406,
      427,
      188,
      1406,
      188,
      188,
      463,
      16,
      1406,
      1177,
      1424,
      298,
      1448,
      1177,
      188,
      1448,
      427,
      1177,
      16,
      1424,
      463,
      16,
      1177
    ],
    "sizeTHREEJS": [
      1.61
    ]
  },