{
  "CAMERAS": {
    "camera00": {
      "type": "PerspectiveCamera",
      "fieldOfView": 45,
      "near": 0.1,
      "far": 2000,
      "position": {
        "x": [
          0
        ],
        "y": [
          0
        ],
        "z": [
          10
        ]
      },
      "targetInches": {
        "x": [
          0
        ],
        "y": [
          0
        ],
        "z": [
          0
        ]
      },
      "visible": [
        1
      ]
    }
  },
  "LIGHTS": {
    "light00": {
      "type": "DirectionalLight",
      "color": "0xffffff",
      "intensity": [
        5
      ],
      "position": {
        "x": [
          0
        ],
        "y": [
          1,
          1,
          1,
          1,
          1,
          1,
          1,
          1,
          1,
          1,
          1,
          1,
          1,
          1,
          1,
          1,
          1,
          1,
          1,
          1,
          1,
          1,
          1,
          1,
          1,
          1,
          1,
          1,
          1,
          1,
          1,
          1,
          1,
          1,
          1,
          1,
          1,
          1,
          1,
          1,
          1,
          1,
          1,
          1,
          1,
          1,
          1,
          1,
          1,
          1
        ],
        "z": [
          1
        ]
      },
      "visible": [
        1
      ]
    }
  },
  "OBJECTS": {
    "AppleMesh00_neutral": {
      "meshpath": "/mkturkfiles/scenebags/objectome3d/face/AppleMesh00_disgust_4.glb",
      "objectdoc": "HeadAppleMesh00Applefacepotatohead",
      "sizeTHREEJS": [
        0.4472840881888642,
        0.4975482193981472,
        0.39540661917773695,
        0.41181369928188016,
        0.7424746989745825,
        0.6295312701398483,
        0.7090653182956717,
        0.6302952037695883,
        0.5077113741734706,
        0.4695646525017588,
        0.6053993287902986,
        0.5379639157122112,
        0.4256833261213512,
        0.754067402196519,
        0.6110056650393887,
        0.381406856131071,
        0.47443975764297325,
        0.6936969875455271,
        0.4873991370791123,
        0.705060690343197,
        0.7240747443880795,
        0.5438932106747959,
        0.40369510896722255,
        0.4593887519442105,
        0.7290686510639601,
        0.5002895510137699,
        0.6226657645181723,
        0.7405336421856286,
        0.4461034417822758,
        0.4670490775074707,
        0.4398378526598675,
        0.5241677551099184,
        0.49020300228230607,
        0.5122672585460455,
        0.7321064031009816,
        0.44427594754813937,
        0.37603327047466745,
        0.7141736284280963,
        0.6235005267686888,
        0.48100359680089544,
        0.5406869964302589,
        0.5316353851863117,
        0.4812352515614864,
        0.3765055531048513,
        0.487120576837458,
        0.7607835772222021,
        0.4983993450206844,
        0.5693411702923467,
        0.6279165457400948,
        0.37312790518437344
      ],
      "positionTHREEJS": {
        "x": [
          0
        ],
        "y": [
          0
        ],
        "z": [
          0
        ]
      },
      "rotationDegrees": {
        "x": [
          28.18448372081008,
          8.944155274294552,
          32.087953851174134,
          -14.624686487965544,
          -9.298356648779482,
          -23.236954179411818,
          44.645541882656346,
          6.084935452320252,
          31.89640669774444,
          6.457204970802039,
          6.17748574179187,
          23.05536146453518,
          -40.24645295829045,
          -3.410743355343996,
          5.1059692897139755,
          19.91300231038018,
          34.05699131163392,
          -6.365099205680011,
          -23.210804742029,
          33.77519908507378,
          -23.89001936392257,
          21.73773582625337,
          -29.438655116223536,
          -42.91042487886255,
          -19.731756204481318,
          31.80861826620557,
          -22.582640752985437,
          13.572160098117145,
          -21.681300789730244,
          -15.397201642204234,
          -42.12085218519493,
          -33.67213936709096,
          44.894447667205924,
          15.030854234047474,
          -29.41186547457414,
          -5.819985967993823,
          0.7144390670477776,
          27.134648378283785,
          -13.241899172690289,
          42.883094838366944,
          -43.83523022281235,
          44.89356454585385,
          -38.568929517420884,
          -23.17816244540999,
          31.282356781646,
          17.60615677167899,
          7.960643531767964,
          -27.561818254031035,
          -2.417342367476394,
          16.761901240311552
        ],
        "y": [
          16.4223904029419,
          36.604971440825594,
          28.36091943977729,
          -39.22264849529098,
          -18.617292471672116,
          89.38898751513219,
          67.9003602791363,
          89.71400827903511,
          20.94922576267051,
          -7.134090746624167,
          42.657273856025085,
          -60.75725983561793,
          -81.31582556529652,
          -46.88325134893927,
          -13.435866525022135,
          -73.81953593192323,
          -64.89558290770682,
          87.90948911915774,
          -71.0448586322746,
          -15.555431355146894,
          -27.36803938400743,
          -57.836602601617,
          28.106490196451247,
          14.907203577720978,
          -29.690192179466898,
          78.87383215083557,
          85.53102349417969,
          8.669694727624048,
          5.850762854665717,
          -30.747244596481977,
          -83.77711455085921,
          51.916250265403534,
          65.34681950067076,
          -47.44777905097703,
          48.35853862288468,
          81.98404694496767,
          -10.18078832611262,
          -41.0639847816157,
          55.891852407798524,
          85.32789929541389,
          85.92846072380101,
          -88.57182960422884,
          36.02537366314192,
          44.460430443524956,
          -43.89421553868115,
          -44.20186744587563,
          36.46585521365394,
          -64.61474646440593,
          61.289472451573204,
          -64.41830226938939
        ],
        "z": [
          0,
          0,
          0,
          0,
          0,
          0,
          0,
          0,
          0,
          0,
          0,
          0,
          0,
          0,
          0,
          0,
          0,
          0,
          0,
          0,
          0,
          0,
          0,
          0,
          0,
          0,
          0,
          0,
          0,
          0,
          0,
          0,
          0,
          0,
          0,
          0,
          0,
          0,
          0,
          0,
          0,
          0,
          0,
          0,
          0,
          0,
          0,
          0,
          0,
          0
        ]
      },
      "material": {
        "type": "MeshPhysicalMaterial",
        "color": "#7F7F7F",
        "metalness": 0.25,
        "roughness": 0.65,
        "reflectivity": 0.5,
        "opacity": [
          1
        ],
        "transparent": false
      },
      "visible": [
        1
      ]
    }
  },
  "IMAGES": {
    "imagebag": "/mkturkfiles/scenebags/objectome3d/background_im_flipped/",
    "imageidx": [
      1448,
      298,
      156,
      156,
      1177,
      298,
      427,
      427,
      16,
      1424,
      427,
      188,
      463,
      188,
      1448,
      1424,
      1448,
      1177,
      1448,
      1177,
      1424,
      16,
      1406,
      156,
      298,
      1406,
      16,
      463,
      1406,
      188,
      188,
      298,
      1177,
      16,
      156,
      298,
      463,
      188,
      1406,
      1424,
      463,
      1448,
      1406,
      463,
      1424,
      427,
      1177,
      427,
      16,
      156
    ],
    "sizeTHREEJS": [
      1.61
    ]
  },