{
  "CAMERAS": {
    "camera00": {
      "type": "PerspectiveCamera",
      "fieldOfView": 45,
      "near": 0.1,
      "far": 2000,
      "position": {
        "x": [
          0
        ],
        "y": [
          0
        ],
        "z": [
          10
        ]
      },
      "targetInches": {
        "x": [
          0
        ],
        "y": [
          0
        ],
        "z": [
          0
        ]
      },
      "visible": [
        1
      ]
    }
  },
  "LIGHTS": {
    "light00": {
      "type": "DirectionalLight",
      "color": "0xffffff",
      "intensity": [
        5
      ],
      "position": {
        "x": [
          0
        ],
        "y": [
          1,
          1,
          1,
          1,
          1,
          1,
          1,
          1,
          1,
          1,
          1,
          1,
          1,
          1,
          1,
          1,
          1,
          1,
          1,
          1,
          1,
          1,
          1,
          1,
          1,
          1,
          1,
          1,
          1,
          1,
          1,
          1,
          1,
          1,
          1,
          1,
          1,
          1,
          1,
          1,
          1,
          1,
          1,
          1,
          1,
          1,
          1,
          1,
          1,
          1
        ],
        "z": [
          1
        ]
      },
      "visible": [
        1
      ]
    }
  },
  "OBJECTS": {
    "AppleMesh00_neutral": {
      "meshpath": "/mkturkfiles/scenebags/objectome3d/face/AppleMesh05_neutral.glb",
      "objectdoc": "HeadAppleMesh00Applefacepotatohead",
      "sizeTHREEJS": [
        0.46155506445138106,
        0.5485089696669806,
        0.39918770692928185,
        0.7409993350833184,
        0.6901491100511288,
        0.5076745308643102,
        0.7345893175172741,
        0.6805266448058682,
        0.6542303988165681,
        0.558164421500196,
        0.5965167722105478,
        0.7175517452232839,
        0.5893942045650065,
        0.38549701589880825,
        0.44465494814025147,
        0.564190946594034,
        0.5574809837039594,
        0.5911367078355385,
        0.44750716692236203,
        0.38756325463970337,
        0.49166616442232214,
        0.5440774591391377,
        0.4824862433333657,
        0.5795397253891481,
        0.43880415904291087,
        0.6421137687869859,
        0.4491758812838594,
        0.4819704742997737,
        0.5900583977316701,
        0.6910694211365263,
        0.7405528098506695,
        0.46186797345423247,
        0.39345488751458896,
        0.640721599145531,
        0.4678842199615273,
        0.38568349710017974,
        0.5749870402900124,
        0.4514208549223654,
        0.5002617806966492,
        0.47692633715807103,
        0.44599541492126554,
        0.5981242799049995,
        0.3935953726482895,
        0.590802696711695,
        0.5807913102909878,
        0.4826202090539082,
        0.39156996634419844,
        0.6794720489119657,
        0.7056655954540549,
        0.4592852898039583
      ],
      "positionTHREEJS": {
        "x": [
          0
        ],
        "y": [
          0
        ],
        "z": [
          0
        ]
      },
      "rotationDegrees": {
        "x": [
          9.624634337612534,
          -25.691982904709246,
          -24.798414413514543,
          -25.26689197905965,
          15.941825643319092,
          21.33671377657565,
          25.254310552197367,
          -2.5747897583939476,
          -27.457987351667427,
          -5.100317093810894,
          26.21362494391451,
          32.415747683551615,
          3.2339759969441673,
          -21.865521986407426,
          -32.37988114578923,
          -33.46662873317716,
          -37.36396081181856,
          -42.690798061879825,
          33.13452255620862,
          0.9114148119570444,
          -32.65788995519226,
          -40.35504265160408,
          -26.397650967764122,
          20.106353044584125,
          -16.83698374557061,
          15.084940169285055,
          22.30583876254046,
          -13.90417398278402,
          -6.902293884759359,
          4.64816734923,
          37.12784482791511,
          -29.037077839909365,
          36.017357544945455,
          31.797921669942113,
          2.022596655195848,
          28.250808907727745,
          8.876983834704767,
          24.922317502983972,
          -2.7910998846575055,
          -37.60437510444484,
          -1.7290059196296852,
          20.574781561757817,
          -1.0825271703839832,
          -42.57960488971767,
          16.41987327569236,
          32.83841270974163,
          5.731091511060036,
          -1.3597870434663974,
          -24.37572112927041,
          12.311551269928664
        ],
        "y": [
          6.061332582597785,
          -63.86042488808667,
          47.84615674866552,
          62.938066832212485,
          -83.68010225675573,
          20.48314189846242,
          -10.263731801244745,
          32.2071238718691,
          -67.98742447774403,
          83.64977077763237,
          -12.365342597566979,
          50.65370479784201,
          -23.78494245737552,
          -21.90163718585447,
          -25.84824573321822,
          77.62130519637523,
          60.44451967195434,
          66.81769246818342,
          -24.691339419873856,
          -8.973489757127311,
          8.51947611832452,
          4.792275355972862,
          -21.13854500047296,
          43.236378687539656,
          -42.52043088486057,
          -18.854161936085276,
          36.43597530540907,
          -15.244031483950607,
          11.12157945878775,
          31.481998167466784,
          6.170498334266341,
          82.49107690309489,
          84.23344859444566,
          72.85362290297638,
          10.759210170160358,
          11.52951788387783,
          -1.2603681268973475,
          12.68215742453539,
          18.907650814595755,
          41.00976031830075,
          -13.997216504766229,
          -65.12399593327513,
          -72.21649278077888,
          -70.91872138080025,
          27.429300956493464,
          -52.667002576794204,
          9.138746053050653,
          -86.097777462633,
          -24.92405544556408,
          -67.7124542545245
        ],
        "z": [
          0,
          0,
          0,
          0,
          0,
          0,
          0,
          0,
          0,
          0,
          0,
          0,
          0,
          0,
          0,
          0,
          0,
          0,
          0,
          0,
          0,
          0,
          0,
          0,
          0,
          0,
          0,
          0,
          0,
          0,
          0,
          0,
          0,
          0,
          0,
          0,
          0,
          0,
          0,
          0,
          0,
          0,
          0,
          0,
          0,
          0,
          0,
          0,
          0,
          0
        ]
      },
      "material": {
        "type": "MeshPhysicalMaterial",
        "color": "#7F7F7F",
        "metalness": 0.25,
        "roughness": 0.65,
        "reflectivity": 0.5,
        "opacity": [
          1
        ],
        "transparent": false
      },
      "visible": [
        1
      ]
    }
  },
  "IMAGES": {
    "imagebag": "/mkturkfiles/scenebags/objectome3d/background_im_flipped/",
    "imageidx": [
      1448,
      156,
      427,
      1406,
      1448,
      463,
      1177,
      156,
      1424,
      463,
      298,
      1177,
      463,
      427,
      1448,
      463,
      156,
      188,
      188,
      188,
      1448,
      1406,
      1424,
      1177,
      298,
      1177,
      1406,
      188,
      156,
      298,
      1406,
      298,
      1177,
      16,
      463,
      156,
      16,
      16,
      188,
      298,
      1424,
      1406,
      1448,
      427,
      16,
      427,
      16,
      1424,
      427,
      1424
    ],
    "sizeTHREEJS": [
      1.61
    ]
  },