{
  "CAMERAS": {
    "camera00": {
      "type": "PerspectiveCamera",
      "fieldOfView": 45,
      "near": 0.1,
      "far": 2000,
      "position": {
        "x": [
          0
        ],
        "y": [
          0
        ],
        "z": [
          10
        ]
      },
      "targetInches": {
        "x": [
          0
        ],
        "y": [
          0
        ],
        "z": [
          0
        ]
      },
      "visible": [
        1
      ]
    }
  },
  "LIGHTS": {
    "light00": {
      "type": "DirectionalLight",
      "color": "0xffffff",
      "intensity": [
        5
      ],
      "position": {
        "x": [
          0
        ],
        "y": [
          1,
          1,
          1,
          1,
          1,
          1,
          1,
          1,
          1,
          1,
          1,
          1,
          1,
          1,
          1,
          1,
          1,
          1,
          1,
          1,
          1,
          1,
          1,
          1,
          1,
          1,
          1,
          1,
          1,
          1,
          1,
          1,
          1,
          1,
          1,
          1,
          1,
          1,
          1,
          1,
          1,
          1,
          1,
          1,
          1,
          1,
          1,
          1,
          1,
          1
        ],
        "z": [
          1
        ]
      },
      "visible": [
        1
      ]
    }
  },
  "OBJECTS": {
    "AppleMesh00_neutral": {
      "meshpath": "/mkturkfiles/scenebags/objectome3d/face/AppleMesh11_neutral.glb",
      "objectdoc": "HeadAppleMesh00Applefacepotatohead",
      "sizeTHREEJS": [
        0.6722897575967604,
        0.4920901115551689,
        0.74801014461833,
        0.5732062003118582,
        0.7143329509055887,
        0.6244468631672766,
        0.5280951405572679,
        0.5806936306161758,
        0.7414567259896131,
        0.6580876440599097,
        0.40353979784884786,
        0.5194376386612536,
        0.5736557669258444,
        0.7375270814027641,
        0.4343258079942522,
        0.5165952762077628,
        0.6150436093704601,
        0.4883576461770618,
        0.6269143192105798,
        0.6176073490553025,
        0.4975671413191213,
        0.39994439697285944,
        0.3935320917156859,
        0.3765563139341136,
        0.6616885942202531,
        0.5382556227742802,
        0.7312223699436826,
        0.4055993871647816,
        0.40303423905774316,
        0.6078849382522569,
        0.7575333404705371,
        0.6247034015084827,
        0.462346440690688,
        0.44156604534244215,
        0.5271723188183567,
        0.4896619887511136,
        0.5697528476165772,
        0.7272214874412558,
        0.4434980361908462,
        0.611092949693913,
        0.6165642168197973,
        0.45065819637076904,
        0.4845334595603992,
        0.4529012041360051,
        0.6015399764727785,
        0.5298379090078744,
        0.7405745189770481,
        0.5781315188649756,
        0.5297108019959597,
        0.5125406042292789
      ],
      "positionTHREEJS": {
        "x": [
          0
        ],
        "y": [
          0
        ],
        "z": [
          0
        ]
      },
      "rotationDegrees": {
        "x": [
          31.916060755138304,
          12.230859678944064,
          31.84106461581746,
          -26.843621435998024,
          2.0428073423383992,
          41.59025936432093,
          -13.300885599570538,
          9.036286099113866,
          39.342386789347685,
          41.596062209926956,
          27.364162992721745,
          39.22512940842006,
          -3.5888055666306755,
          -5.928069378184247,
          -16.812136045363452,
          -36.307099095236495,
          -18.983470595605034,
          0.5944713848575631,
          14.76928926700377,
          -41.09511241530751,
          -14.331750377000247,
          38.42775089082467,
          22.33663434317542,
          16.618491275673726,
          42.64884735693241,
          34.273430673590255,
          9.467334842364068,
          -24.393894784779903,
          17.985001824838506,
          -33.88915862134592,
          18.666459040952084,
          -36.46017952967273,
          -9.19439426793263,
          32.10559438516982,
          -20.88762183582409,
          41.62493562506221,
          -22.477100528274974,
          -4.979055960057792,
          31.429473630960786,
          -16.5344954335104,
          7.277191107946976,
          -2.423722512912086,
          -23.120155848309622,
          -32.55354182156426,
          35.438557667954726,
          1.6879080711943217,
          37.34554083556094,
          42.71665730501512,
          24.30890357998551,
          4.423050774768747
        ],
        "y": [
          -35.94270584531363,
          33.831451467394444,
          -33.23097825281351,
          -36.86896208541508,
          -60.12768650857684,
          -20.24828031279715,
          -22.284170274780564,
          34.110886099287825,
          8.971420896033848,
          -54.22094924998211,
          28.226998436319846,
          66.93959925047122,
          74.24427098394756,
          -48.87199883587865,
          71.38807557465626,
          27.600250172126067,
          12.220040952791962,
          70.3898700073322,
          -22.49627370284236,
          13.460418597263882,
          44.60974759512473,
          83.58178649164492,
          -1.5398860974118094,
          79.3506322561442,
          10.593981446126861,
          -86.94223266294148,
          15.887182070013594,
          -79.08488843524245,
          72.00787943017903,
          45.69147956884302,
          63.31906809532845,
          51.914562501382534,
          -72.87153351246566,
          86.53959442126057,
          -56.508230008668306,
          -15.544056441692646,
          88.31973218168145,
          59.18911117011831,
          -41.093633222251455,
          -15.419626389383794,
          -5.455542248475368,
          -46.477524028862085,
          -45.91734138940084,
          -25.651219891975614,
          66.28181349814801,
          -15.582132532145025,
          4.273135174799208,
          -73.77014544669666,
          83.68332261290539,
          74.85684220413066
        ],
        "z": [
          0,
          0,
          0,
          0,
          0,
          0,
          0,
          0,
          0,
          0,
          0,
          0,
          0,
          0,
          0,
          0,
          0,
          0,
          0,
          0,
          0,
          0,
          0,
          0,
          0,
          0,
          0,
          0,
          0,
          0,
          0,
          0,
          0,
          0,
          0,
          0,
          0,
          0,
          0,
          0,
          0,
          0,
          0,
          0,
          0,
          0,
          0,
          0,
          0,
          0
        ]
      },
      "material": {
        "type": "MeshPhysicalMaterial",
        "color": "#7F7F7F",
        "metalness": 0.25,
        "roughness": 0.65,
        "reflectivity": 0.5,
        "opacity": [
          1
        ],
        "transparent": false
      },
      "visible": [
        1
      ]
    }
  },
  "IMAGES": {
    "imagebag": "/mkturkfiles/scenebags/objectome3d/background_im_flipped/",
    "imageidx": [
      298,
      1406,
      298,
      1406,
      16,
      188,
      16,
      463,
      1448,
      156,
      1424,
      1424,
      1177,
      1448,
      298,
      188,
      1448,
      1406,
      1424,
      16,
      1177,
      1406,
      1448,
      427,
      1448,
      156,
      156,
      298,
      1424,
      156,
      1406,
      463,
      298,
      1177,
      156,
      427,
      188,
      463,
      427,
      427,
      1177,
      427,
      188,
      463,
      188,
      463,
      16,
      1424,
      1177,
      16
    ],
    "sizeTHREEJS": [
      1.61
    ]
  },