{
  "CAMERAS": {
    "camera00": {
      "type": "PerspectiveCamera",
      "fieldOfView": 45,
      "near": 0.1,
      "far": 2000,
      "position": {
        "x": [
          0
        ],
        "y": [
          0
        ],
        "z": [
          10
        ]
      },
      "targetInches": {
        "x": [
          0
        ],
        "y": [
          0
        ],
        "z": [
          0
        ]
      },
      "visible": [
        1
      ]
    }
  },
  "LIGHTS": {
    "light00": {
      "type": "DirectionalLight",
      "color": "0xffffff",
      "intensity": [
        5
      ],
      "position": {
        "x": [
          0
        ],
        "y": [
          1,
          1,
          1,
          1,
          1,
          1,
          1,
          1,
          1,
          1,
          1,
          1,
          1,
          1,
          1,
          1,
          1,
          1,
          1,
          1,
          1,
          1,
          1,
          1,
          1,
          1,
          1,
          1,
          1,
          1,
          1,
          1,
          1,
          1,
          1,
          1,
          1,
          1,
          1,
          1,
          1,
          1,
          1,
          1,
          1,
          1,
          1,
          1,
          1,
          1
        ],
        "z": [
          1
        ]
      },
      "visible": [
        1
      ]
    }
  },
  "OBJECTS": {
    "AppleMesh00_neutral": {
      "meshpath": "/mkturkfiles/scenebags/objectome3d/face/AppleMesh01_surprise_4.glb",
      "objectdoc": "HeadAppleMesh00Applefacepotatohead",
      "sizeTHREEJS": [
        0.37105442003068817,
        0.5513092212929525,
        0.594996385232991,
        0.6671563120550033,
        0.6267130909912885,
        0.4341327351821888,
        0.49768831829485494,
        0.6982408491722933,
        0.4869105525547588,
        0.5773678394787317,
        0.5265427237761786,
        0.5368304664131895,
        0.6303208047115528,
        0.3764084676494117,
        0.46663603498115547,
        0.47846115663700717,
        0.4542581080355145,
        0.5824023683190687,
        0.3880602082864021,
        0.48216759416113886,
        0.6325529937897275,
        0.6890549487040636,
        0.5503735153824656,
        0.42150775758296194,
        0.7173195838640192,
        0.5361845028678096,
        0.5159980407131073,
        0.6685521542773923,
        0.3701135497934901,
        0.5564816336222229,
        0.5630201062535956,
        0.6948867944008568,
        0.46685304680828443,
        0.7359346935794574,
        0.416230787011064,
        0.7085408579063037,
        0.6713463366886092,
        0.7070818008545159,
        0.5028280176338473,
        0.5653266103523703,
        0.6818064609498535,
        0.523071869412979,
        0.555551148405728,
        0.6733851469282435,
        0.727533229999064,
        0.7450702187039379,
        0.6808111036003643,
        0.7644273391645202,
        0.7387386714860085,
        0.47725037489290884
      ],
      "positionTHREEJS": {
        "x": [
          0
        ],
        "y": [
          0
        ],
        "z": [
          0
        ]
      },
      "rotationDegrees": {
        "x": [
          -38.5906965128885,
          -2.217448496776555,
          32.04343695984359,
          -36.35715723110069,
          -39.16066688985537,
          -3.1536640146872656,
          15.790219027005975,
          -2.164923830519214,
          15.203129720099916,
          -9.735447716837783,
          -31.00975769151179,
          -40.50324967691495,
          -32.04226167085567,
          -21.27107943900106,
          5.526233946143726,
          22.733572702227065,
          -13.388759404502768,
          -30.95959476437801,
          -11.955597857716363,
          42.241516270563,
          -6.215568626285425,
          -26.008270702316292,
          -19.116184213137227,
          -1.6089112322417165,
          30.071247910354344,
          -23.333838317544195,
          5.158281168673923,
          -20.86096522020361,
          5.051436401625949,
          -43.379638173027345,
          -42.47105115862497,
          -34.3019480997867,
          -9.82821559311229,
          -20.722657495201666,
          36.98045416167014,
          22.693531483004037,
          9.550371657395395,
          -34.904814556847924,
          -31.100927601221997,
          -30.794816304197607,
          -21.256383305584528,
          -1.3633698692624847,
          25.557390255837134,
          -35.217420463416694,
          28.95584269423307,
          33.48105773039039,
          -12.809582566109064,
          -40.29155176599855,
          -33.50117285820278,
          28.23154120850623
        ],
        "y": [
          -6.324084546197284,
          48.706855724144276,
          -71.67385770575613,
          -76.23403038058078,
          -45.103982296585144,
          41.653147293229324,
          -30.34462684746009,
          -62.039282856028656,
          89.24349354270453,
          8.68296290222088,
          -67.61462436065419,
          79.33224513835614,
          44.08923993917429,
          59.892433680707114,
          78.80673265916957,
          24.677393544532592,
          32.817042878142814,
          4.123818468870596,
          5.375765696519707,
          81.9705943447465,
          23.574503511727357,
          -68.73166374783182,
          53.416735433333116,
          35.365452059220885,
          52.298381914254804,
          77.40918792367032,
          46.60707894364961,
          14.296769499049205,
          -36.54986739354832,
          6.990666538376388,
          -54.9346270723026,
          -25.8871032582217,
          -77.14521344254177,
          44.11204182690929,
          -47.7978943025621,
          -65.37303702217746,
          4.950752766019278,
          68.01188815638486,
          -67.35628916517373,
          21.860379612406007,
          30.551263287675653,
          44.41201162004472,
          86.53126981463686,
          11.766076573900719,
          22.54084242152412,
          -80.7848068688944,
          53.63455806506022,
          -31.203879910943208,
          2.190193656207029,
          4.404234811028161
        ],
        "z": [
          0,
          0,
          0,
          0,
          0,
          0,
          0,
          0,
          0,
          0,
          0,
          0,
          0,
          0,
          0,
          0,
          0,
          0,
          0,
          0,
          0,
          0,
          0,
          0,
          0,
          0,
          0,
          0,
          0,
          0,
          0,
          0,
          0,
          0,
          0,
          0,
          0,
          0,
          0,
          0,
          0,
          0,
          0,
          0,
          0,
          0,
          0,
          0,
          0,
          0
        ]
      },
      "material": {
        "type": "MeshPhysicalMaterial",
        "color": "#7F7F7F",
        "metalness": 0.25,
        "roughness": 0.65,
        "reflectivity": 0.5,
        "opacity": [
          1
        ],
        "transparent": false
      },
      "visible": [
        1
      ]
    }
  },
  "IMAGES": {
    "imagebag": "/mkturkfiles/scenebags/objectome3d/background_im_flipped/",
    "imageidx": [
      1406,
      1177,
      427,
      298,
      298,
      1406,
      1177,
      1406,
      1448,
      1177,
      427,
      156,
      16,
      463,
      1424,
      1448,
      16,
      1424,
      1406,
      463,
      298,
      463,
      188,
      16,
      1448,
      1448,
      156,
      188,
      298,
      1177,
      1177,
      156,
      156,
      156,
      1424,
      427,
      427,
      427,
      1424,
      1406,
      16,
      298,
      16,
      463,
      1448,
      188,
      188,
      188,
      463,
      1424
    ],
    "sizeTHREEJS": [
      1.61
    ]
  },