{
  "CAMERAS": {
    "camera00": {
      "type": "PerspectiveCamera",
      "fieldOfView": 45,
      "near": 0.1,
      "far": 2000,
      "position": {
        "x": [
          0
        ],
        "y": [
          0
        ],
        "z": [
          10
        ]
      },
      "targetInches": {
        "x": [
          0
        ],
        "y": [
          0
        ],
        "z": [
          0
        ]
      },
      "visible": [
        1
      ]
    }
  },
  "LIGHTS": {
    "light00": {
      "type": "DirectionalLight",
      "color": "0xffffff",
      "intensity": [
        5
      ],
      "position": {
        "x": [
          0
        ],
        "y": [
          1,
          1,
          1,
          1,
          1,
          1,
          1,
          1,
          1,
          1,
          1,
          1,
          1,
          1,
          1,
          1,
          1,
          1,
          1,
          1,
          1,
          1,
          1,
          1,
          1,
          1,
          1,
          1,
          1,
          1,
          1,
          1,
          1,
          1,
          1,
          1,
          1,
          1,
          1,
          1,
          1,
          1,
          1,
          1,
          1,
          1,
          1,
          1,
          1,
          1
        ],
        "z": [
          1
        ]
      },
      "visible": [
        1
      ]
    }
  },
  "OBJECTS": {
    "AppleMesh00_neutral": {
      "meshpath": "/mkturkfiles/scenebags/objectome3d/face/AppleMesh07_neutral.glb",
      "objectdoc": "HeadAppleMesh00Applefacepotatohead",
      "sizeTHREEJS": [
        0.42343430099365237,
        0.5575108117718834,
        0.7516320196552249,
        0.6629947691133473,
        0.5781827739631118,
        0.45827503357798977,
        0.5955632099226849,
        0.551123011816288,
        0.6737095514847637,
        0.7164044658866997,
        0.4771572756572816,
        0.5317202181929828,
        0.5543026638995358,
        0.4005264348431014,
        0.6949478984439563,
        0.3886585862399716,
        0.7057561484672005,
        0.5301010732046483,
        0.4849532629300649,
        0.5295451846625804,
        0.5327887673726941,
        0.5189181801341565,
        0.6757865488796141,
        0.37591154637114005,
        0.7234106196197935,
        0.4952710573424125,
        0.5571075334252774,
        0.6037245141571179,
        0.3943073674097728,
        0.5690810166338636,
        0.4512638022549916,
        0.613954854236087,
        0.4483176593937047,
        0.5526848482455645,
        0.7621491840793628,
        0.45030598752929796,
        0.5001853869351421,
        0.6041467647452647,
        0.6220564221963378,
        0.5190316612237569,
        0.6536386201120947,
        0.6080698555122728,
        0.42301115190818095,
        0.6666091813952335,
        0.5994436381131666,
        0.40032776938714265,
        0.5462182987199908,
        0.4076756096680327,
        0.5588722812885861,
        0.7237620654484291
      ],
      "positionTHREEJS": {
        "x": [
          0
        ],
        "y": [
          0
        ],
        "z": [
          0
        ]
      },
      "rotationDegrees": {
        "x": [
          35.725292669985066,
          -17.74476249065653,
          -21.625111787652177,
          35.551191966368904,
          -44.83093621656007,
          8.981707328783784,
          -16.528382706848596,
          32.88667255114183,
          27.34391996495421,
          24.813762777282903,
          40.350764327666866,
          25.463280428194366,
          26.494471369561026,
          -26.397333211022914,
          10.081174779719824,
          -21.041606860549265,
          31.97145997261609,
          36.17723373606192,
          -43.00775737387361,
          44.038694641180044,
          -27.948721709494347,
          33.34205362582725,
          8.662778660651789,
          31.552643927627372,
          37.9519087700976,
          -10.347944514704231,
          35.660723470464134,
          25.45459748290331,
          -41.03010575557177,
          13.552678252464958,
          11.363829306771677,
          -32.41433605393108,
          -39.45247749430047,
          37.270546932737886,
          -15.245201777424352,
          -36.65343866820861,
          -15.117548395840913,
          -34.4646749044682,
          42.33330794379076,
          -20.23496348323005,
          -24.20235015932989,
          20.131985104588694,
          -35.82819960352097,
          15.600314966046703,
          7.986669532039279,
          11.05684454751276,
          -6.844018813418074,
          26.026235367371882,
          39.8045251606253,
          -12.031747846632044
        ],
        "y": [
          -72.32102158154848,
          -35.23159256880046,
          -74.45949468833926,
          -42.092509306403066,
          21.581353784602328,
          -65.56098038864063,
          -70.21500093271541,
          -40.26985492279246,
          -23.367580098125842,
          -40.88574364820553,
          -49.92793323837708,
          -41.90523282736406,
          -21.340987896427023,
          -14.646275339691812,
          -71.06315864297875,
          40.70735308096735,
          4.620066065306673,
          86.33544671903948,
          -24.449843285971326,
          3.385206183570304,
          -20.981332524652558,
          34.921607693659936,
          18.771333630613384,
          42.99825092011798,
          39.57423543709436,
          -41.665891108744106,
          76.76044971976006,
          55.08082808436993,
          -13.649825679452903,
          61.67953527859146,
          9.506710965743466,
          7.669020230328954,
          25.524370247780723,
          -36.95080637296652,
          59.98935528439878,
          64.72640071423396,
          28.89741339191808,
          88.99339451711387,
          -62.981325990431785,
          48.153664988820054,
          -43.6399000116967,
          -71.13001498744154,
          -42.35079444708049,
          -57.546532398933415,
          -47.478907072354474,
          50.948940788389365,
          -30.721139553513346,
          54.09944968552389,
          -10.956796683399588,
          -4.5200483078469205
        ],
        "z": [
          0,
          0,
          0,
          0,
          0,
          0,
          0,
          0,
          0,
          0,
          0,
          0,
          0,
          0,
          0,
          0,
          0,
          0,
          0,
          0,
          0,
          0,
          0,
          0,
          0,
          0,
          0,
          0,
          0,
          0,
          0,
          0,
          0,
          0,
          0,
          0,
          0,
          0,
          0,
          0,
          0,
          0,
          0,
          0,
          0,
          0,
          0,
          0,
          0,
          0
        ]
      },
      "material": {
        "type": "MeshPhysicalMaterial",
        "color": "#7F7F7F",
        "metalness": 0.25,
        "roughness": 0.65,
        "reflectivity": 0.5,
        "opacity": [
          1
        ],
        "transparent": false
      },
      "visible": [
        1
      ]
    }
  },
  "IMAGES": {
    "imagebag": "/mkturkfiles/scenebags/objectome3d/background_im_flipped/",
    "imageidx": [
      16,
      188,
      463,
      16,
      1406,
      16,
      1424,
      427,
      463,
      1177,
      298,
      188,
      16,
      188,
      1448,
      1406,
      156,
      463,
      1177,
      298,
      427,
      1448,
      1177,
      1177,
      1448,
      188,
      1424,
      1424,
      298,
      298,
      463,
      463,
      1424,
      1406,
      1406,
      156,
      156,
      156,
      16,
      1424,
      156,
      1406,
      427,
      298,
      188,
      1448,
      427,
      1448,
      427,
      1177
    ],
    "sizeTHREEJS": [
      1.61
    ]
  },