{
  "CAMERAS": {
    "camera00": {
      "type": "PerspectiveCamera",
      "fieldOfView": 45,
      "near": 0.1,
      "far": 2000,
      "position": {
        "x": [
          0
        ],
        "y": [
          0
        ],
        "z": [
          10
        ]
      },
      "targetInches": {
        "x": [
          0
        ],
        "y": [
          0
        ],
        "z": [
          0
        ]
      },
      "visible": [
        1
      ]
    }
  },
  "LIGHTS": {
    "light00": {
      "type": "DirectionalLight",
      "color": "0xffffff",
      "intensity": [
        5
      ],
      "position": {
        "x": [
          0
        ],
        "y": [
          1,
          1,
          1,
          1,
          1,
          1,
          1,
          1,
          1,
          1,
          1,
          1,
          1,
          1,
          1,
          1,
          1,
          1,
          1,
          1,
          1,
          1,
          1,
          1,
          1,
          1,
          1,
          1,
          1,
          1,
          1,
          1,
          1,
          1,
          1,
          1,
          1,
          1,
          1,
          1,
          1,
          1,
          1,
          1,
          1,
          1,
          1,
          1,
          1,
          1
        ],
        "z": [
          1
        ]
      },
      "visible": [
        1
      ]
    }
  },
  "OBJECTS": {
    "AppleMesh00_neutral": {
      "meshpath": "/mkturkfiles/scenebags/objectome3d/face/AppleMesh11_sadness_4.glb",
      "objectdoc": "HeadAppleMesh00Applefacepotatohead",
      "sizeTHREEJS": [
        0.7441543835754569,
        0.5444067291977167,
        0.39186576336710066,
        0.5320489523694358,
        0.48264027695930567,
        0.49793867668671615,
        0.4079595581115975,
        0.6447468765733269,
        0.5189291153582984,
        0.5722232374568637,
        0.6641558246405055,
        0.6084880936472433,
        0.6675403747541462,
        0.4891376242557319,
        0.4720943454693092,
        0.566455071646868,
        0.43367842110304355,
        0.43729349290538055,
        0.44051936712020423,
        0.45605133269165377,
        0.38125964669891343,
        0.42074129889989637,
        0.7351271989696482,
        0.40494149225318127,
        0.5660177873688863,
        0.4802013548286994,
        0.6121493109841739,
        0.7109524836032677,
        0.6252652546744611,
        0.7588171465294049,
        0.7648785872234163,
        0.7423346773723225,
        0.6162835271397566,
        0.5759134398798964,
        0.4023938217138971,
        0.70530265324999,
        0.52181850297497,
        0.5502338501274836,
        0.6813942267371553,
        0.6593767952192584,
        0.5236883882595991,
        0.662477624161536,
        0.4864086388648448,
        0.7601386540796709,
        0.5829131675670887,
        0.39208738490586853,
        0.566376387874883,
        0.652552352572215,
        0.42181459817317596,
        0.5630051700701196
      ],
      "positionTHREEJS": {
        "x": [
          0
        ],
        "y": [
          0
        ],
        "z": [
          0
        ]
      },
      "rotationDegrees": {
        "x": [
          10.570829777710443,
          7.418736810141965,
          42.725888966003566,
          -26.274354628518466,
          43.15536457149689,
          -38.64682584767908,
          11.337333368393018,
          44.00239951141458,
          41.229855552215966,
          8.546677780451844,
          -19.202828235273643,
          33.670723137208384,
          18.633056658267364,
          -29.130635694633302,
          29.224889746098867,
          4.7386644399023155,
          -30.33346167313328,
          -2.183579725064199,
          17.144402217572562,
          10.724996659544026,
          -22.927114040223383,
          9.539414065104694,
          -15.256586692739244,
          -31.57768782353279,
          -0.37642356748661143,
          -42.74889077484456,
          19.370290643875634,
          0.46233354174476204,
          42.722545056946274,
          -36.837686925556305,
          -9.324511179999242,
          18.530646886289176,
          32.083257692507686,
          13.346943731336204,
          -10.649890882607934,
          -17.898260491507923,
          -13.69082350861109,
          -28.57400463342159,
          -11.92950036844492,
          35.008273010876025,
          -33.666763472817216,
          27.995470330865928,
          35.97298280639703,
          -15.646556196404926,
          -30.026357528932884,
          17.025921165454186,
          -38.620803376311216,
          24.09025919528277,
          -0.8336731749257424,
          3.925715627998642
        ],
        "y": [
          -2.6483871278869486,
          16.51608940206124,
          -70.86446348334013,
          -30.08665625988413,
          -16.253349372964934,
          -80.0256894973511,
          57.29638579245503,
          -53.809714712514086,
          23.81650445568725,
          -12.466260201064486,
          13.827952833127895,
          81.42768769269912,
          22.69506730415543,
          -28.76757441953155,
          11.20556298036469,
          68.38776891903504,
          21.20829812377987,
          0.7967790749490291,
          -29.899845883222795,
          -4.2838735555597935,
          -63.32333707234689,
          -55.38939300364066,
          -54.31949061802504,
          48.145352444446075,
          -4.325228692342719,
          -40.53556341382858,
          55.03605113064023,
          83.3085595647841,
          -82.27826825567294,
          -40.86028043829942,
          -31.063923420978668,
          67.24934932084241,
          -8.420426132418598,
          55.811910558970794,
          21.155373996212447,
          -4.647037386504621,
          -26.033893986696093,
          -89.75456911462705,
          49.807129082051716,
          -14.238916313839894,
          -56.868409240768266,
          29.869418026349592,
          -9.861511649393663,
          68.01418962842962,
          27.338030457409673,
          -75.73539547024296,
          -61.489857855334094,
          -30.513044172462344,
          -82.21390867553173,
          54.201720028863235
        ],
        "z": [
          0,
          0,
          0,
          0,
          0,
          0,
          0,
          0,
          0,
          0,
          0,
          0,
          0,
          0,
          0,
          0,
          0,
          0,
          0,
          0,
          0,
          0,
          0,
          0,
          0,
          0,
          0,
          0,
          0,
          0,
          0,
          0,
          0,
          0,
          0,
          0,
          0,
          0,
          0,
          0,
          0,
          0,
          0,
          0,
          0,
          0,
          0,
          0,
          0,
          0
        ]
      },
      "material": {
        "type": "MeshPhysicalMaterial",
        "color": "#7F7F7F",
        "metalness": 0.25,
        "roughness": 0.65,
        "reflectivity": 0.5,
        "opacity": [
          1
        ],
        "transparent": false
      },
      "visible": [
        1
      ]
    }
  },
  "IMAGES": {
    "imagebag": "/mkturkfiles/scenebags/objectome3d/background_im_flipped/",
    "imageidx": [
      16,
      156,
      427,
      16,
      1177,
      1424,
      188,
      298,
      1448,
      188,
      427,
      1177,
      1424,
      1406,
      463,
      16,
      463,
      188,
      298,
      427,
      1448,
      1448,
      463,
      427,
      1406,
      156,
      156,
      1406,
      156,
      1448,
      156,
      463,
      1406,
      298,
      298,
      1177,
      427,
      16,
      1177,
      1424,
      1424,
      298,
      16,
      1424,
      1448,
      188,
      188,
      463,
      1177,
      1406
    ],
    "sizeTHREEJS": [
      1.61
    ]
  },