{
  "CAMERAS": {
    "camera00": {
      "type": "PerspectiveCamera",
      "fieldOfView": 45,
      "near": 0.1,
      "far": 2000,
      "position": {
        "x": [
          0
        ],
        "y": [
          0
        ],
        "z": [
          10
        ]
      },
      "targetInches": {
        "x": [
          0
        ],
        "y": [
          0
        ],
        "z": [
          0
        ]
      },
      "visible": [
        1
      ]
    }
  },
  "LIGHTS": {
    "light00": {
      "type": "DirectionalLight",
      "color": "0xffffff",
      "intensity": [
        5
      ],
      "position": {
        "x": [
          0
        ],
        "y": [
          1,
          1,
          1,
          1,
          1,
          1,
          1,
          1,
          1,
          1,
          1,
          1,
          1,
          1,
          1,
          1,
          1,
          1,
          1,
          1,
          1,
          1,
          1,
          1,
          1,
          1,
          1,
          1,
          1,
          1,
          1,
          1,
          1,
          1,
          1,
          1,
          1,
          1,
          1,
          1,
          1,
          1,
          1,
          1,
          1,
          1,
          1,
          1,
          1,
          1
        ],
        "z": [
          1
        ]
      },
      "visible": [
        1
      ]
    }
  },
  "OBJECTS": {
    "AppleMesh00_neutral": {
      "meshpath": "/mkturkfiles/scenebags/objectome3d/face/AppleMesh09_neutral.glb",
      "objectdoc": "HeadAppleMesh00Applefacepotatohead",
      "sizeTHREEJS": [
        0.432715248810941,
        0.3794137482214884,
        0.6050721472479964,
        0.48862394370008294,
        0.7451864067587679,
        0.4561473924569911,
        0.6741861176249435,
        0.6821437531843911,
        0.38303227561112263,
        0.5203750434240537,
        0.5767450636665179,
        0.5206743896146733,
        0.40932465584454714,
        0.5262719369496018,
        0.7014131174148959,
        0.7109796174835731,
        0.647248374212259,
        0.4538693524698158,
        0.4575395634136171,
        0.49997465991251033,
        0.6699593390026424,
        0.4174800914999627,
        0.7641502600497692,
        0.747190286340396,
        0.5816724995396634,
        0.6512357027960274,
        0.6167573459014042,
        0.3762612873431138,
        0.4200130126905339,
        0.5822887138149586,
        0.5347627271937712,
        0.435341923749903,
        0.6655476372116065,
        0.5361463921923457,
        0.5593936113790651,
        0.5538088193924292,
        0.4802591708370454,
        0.4436669325351605,
        0.7649825221200197,
        0.43518575314960617,
        0.4287518157837097,
        0.6030231063692518,
        0.5526355714983364,
        0.46912783170344896,
        0.5181599326664128,
        0.4316208042398777,
        0.631432429527669,
        0.44144491259598956,
        0.6061148948480426,
        0.3816833709018057
      ],
      "positionTHREEJS": {
        "x": [
          0
        ],
        "y": [
          0
        ],
        "z": [
          0
        ]
      },
      "rotationDegrees": {
        "x": [
          -2.121985725052987,
          19.155570184766972,
          -28.04137401981651,
          -5.2222958333594605,
          -15.658830633820756,
          44.80194162656082,
          -33.61926122273378,
          23.376681172520776,
          40.64289307562467,
          -3.742422016355654,
          37.27280001890725,
          17.956271095514403,
          -37.67453210799666,
          -31.27230151030995,
          7.8994117900641285,
          35.72091633746216,
          6.74743995873574,
          33.251368187328,
          1.1593776063522228,
          -38.51512956706133,
          34.415507332100134,
          26.70534097389691,
          -25.75916959791552,
          -43.486831954824176,
          -23.81878968202788,
          -41.1700379644519,
          37.004491558074534,
          43.83615802176983,
          4.79549167009133,
          -18.029579453566306,
          -37.08251920311938,
          -26.941558999137705,
          33.134850840813314,
          8.84845742938321,
          -3.999913962480619,
          -9.904528466455488,
          -23.81130329272665,
          27.821745082570942,
          -29.322975891618743,
          -34.056468252809736,
          30.630396236922877,
          41.84532396559281,
          29.750236827367758,
          19.08336416479679,
          -24.557357078939432,
          -24.731499348541252,
          -10.959670288142675,
          9.328359250684017,
          43.77471079566911,
          23.219416278843553
        ],
        "y": [
          80.17807267263439,
          -85.37800819993193,
          1.5388729668359815,
          -42.483805842812316,
          -58.076342704550854,
          -30.52839198042801,
          45.3097663522623,
          -26.32341162030341,
          3.9959427017438003,
          -53.159354096059985,
          -60.47277172687113,
          -6.541665827614622,
          29.746781469281714,
          -55.63953127921274,
          46.87553032828811,
          -53.44924313298086,
          21.89379029048243,
          -63.8245122303901,
          -62.07517638156618,
          -59.66904419773883,
          54.29083879674414,
          -35.49172842129786,
          -79.3117420021738,
          63.28855151797049,
          22.788004062833977,
          -46.174721116265395,
          -62.08430666951689,
          -21.67337554490338,
          -55.79111150439077,
          -54.554026064727516,
          19.389738353982864,
          10.862378161519388,
          28.20113139960172,
          62.5981218837768,
          36.58095186456639,
          -60.40309879093302,
          49.923561344148084,
          37.82627366970263,
          -24.125409123109662,
          54.44274842937031,
          -62.2694771973985,
          37.47130386008246,
          -58.71102614988453,
          -72.51280677105251,
          -79.78600159413057,
          -48.1070096021253,
          67.02628111642142,
          37.466452585275775,
          -20.651661375459938,
          52.21330363124861
        ],
        "z": [
          0,
          0,
          0,
          0,
          0,
          0,
          0,
          0,
          0,
          0,
          0,
          0,
          0,
          0,
          0,
          0,
          0,
          0,
          0,
          0,
          0,
          0,
          0,
          0,
          0,
          0,
          0,
          0,
          0,
          0,
          0,
          0,
          0,
          0,
          0,
          0,
          0,
          0,
          0,
          0,
          0,
          0,
          0,
          0,
          0,
          0,
          0,
          0,
          0,
          0
        ]
      },
      "material": {
        "type": "MeshPhysicalMaterial",
        "color": "#7F7F7F",
        "metalness": 0.25,
        "roughness": 0.65,
        "reflectivity": 0.5,
        "opacity": [
          1
        ],
        "transparent": false
      },
      "visible": [
        1
      ]
    }
  },
  "IMAGES": {
    "imagebag": "/mkturkfiles/scenebags/objectome3d/background_im_flipped/",
    "imageidx": [
      427,
      1406,
      1424,
      1448,
      16,
      156,
      188,
      298,
      156,
      1424,
      188,
      1448,
      1177,
      463,
      1448,
      427,
      16,
      463,
      1448,
      1177,
      463,
      463,
      1406,
      427,
      156,
      16,
      298,
      1448,
      156,
      1177,
      188,
      1177,
      1406,
      1406,
      427,
      298,
      16,
      1424,
      1424,
      1424,
      463,
      298,
      188,
      16,
      188,
      298,
      1406,
      427,
      1177,
      156
    ],
    "sizeTHREEJS": [
      1.61
    ]
  },