{
  "CAMERAS": {
    "camera00": {
      "type": "PerspectiveCamera",
      "fieldOfView": 45,
      "near": 0.1,
      "far": 2000,
      "position": {
        "x": [
          0
        ],
        "y": [
          0
        ],
        "z": [
          10
        ]
      },
      "targetInches": {
        "x": [
          0
        ],
        "y": [
          0
        ],
        "z": [
          0
        ]
      },
      "visible": [
        1
      ]
    }
  },
  "LIGHTS": {
    "light00": {
      "type": "DirectionalLight",
      "color": "0xffffff",
      "intensity": [
        5
      ],
      "position": {
        "x": [
          0
        ],
        "y": [
          1,
          1,
          1,
          1,
          1,
          1,
          1,
          1,
          1,
          1,
          1,
          1,
          1,
          1,
          1,
          1,
          1,
          1,
          1,
          1,
          1,
          1,
          1,
          1,
          1,
          1,
          1,
          1,
          1,
          1,
          1,
          1,
          1,
          1,
          1,
          1,
          1,
          1,
          1,
          1,
          1,
          1,
          1,
          1,
          1,
          1,
          1,
          1,
          1,
          1
        ],
        "z": [
          1
        ]
      },
      "visible": [
        1
      ]
    }
  },
  "OBJECTS": {
    "AppleMesh00_neutral": {
      "meshpath": "/mkturkfiles/scenebags/objectome3d/face/AppleMesh00_happiness_4.glb",
      "objectdoc": "HeadAppleMesh00Applefacepotatohead",
      "sizeTHREEJS": [
        0.4999593113719847,
        0.6959530373027855,
        0.44590371112622706,
        0.559827338089859,
        0.47666004152603414,
        0.7119236422275419,
        0.6175126969874222,
        0.6247449437402139,
        0.747272536146526,
        0.4418146443620869,
        0.5499637609312189,
        0.6214498994580953,
        0.7307700564399828,
        0.6712113921668592,
        0.566666222270812,
        0.6908276133400919,
        0.6174983252933025,
        0.7085106380569658,
        0.6819778801316747,
        0.5241730396068448,
        0.5866025833974382,
        0.37965258497936943,
        0.6889611338123274,
        0.6032060145566717,
        0.42834113404890434,
        0.6485438565833139,
        0.6099884922550334,
        0.6142995810591882,
        0.6466977001817118,
        0.5980233806470486,
        0.38828425457855076,
        0.52999553646886,
        0.4433761583800698,
        0.4398455546161269,
        0.6095772434932237,
        0.3773710888440837,
        0.6474162493868199,
        0.49798782172660455,
        0.6417000470258198,
        0.7629224415004809,
        0.707024436823623,
        0.7217221396247847,
        0.602446779857809,
        0.4727399660983125,
        0.6671711895392287,
        0.5847308374149501,
        0.6012888561283605,
        0.42124008557206083,
        0.4617058146275175,
        0.6648143976096882
      ],
      "positionTHREEJS": {
        "x": [
          0
        ],
        "y": [
          0
        ],
        "z": [
          0
        ]
      },
      "rotationDegrees": {
        "x": [
          18.518323223479037,
          -36.16765253336568,
          -23.653299993827847,
          -41.47030376637037,
          25.912784452268426,
          16.1305571534226,
          36.87027550478962,
          -20.054724025492273,
          44.10119659443623,
          -3.8246894101548747,
          16.03984292247757,
          -12.543015313482663,
          -30.28406638128975,
          -16.87833008506603,
          -38.84261759729218,
          -24.20326232607012,
          -13.830188185802548,
          22.4531960128231,
          -44.544244035890735,
          -44.18086262657019,
          -23.934826700415897,
          -39.382473409952844,
          40.092881947725104,
          26.48913274562119,
          0.21891506855770615,
          11.727402006162123,
          -9.116319921394542,
          -35.15448995246871,
          42.77093255310881,
          12.497585037420663,
          4.193491819912026,
          31.52963705861943,
          -26.121888433496782,
          8.678058182476,
          -34.37564383375855,
          21.063127355718194,
          28.520321826800952,
          2.365064721876344,
          -5.493572994585371,
          -10.994341912211915,
          34.11854139673858,
          2.695695090425275,
          -24.91396913811295,
          17.40676854845926,
          6.737315593885384,
          -3.448425882871092,
          -3.8685789301883418,
          32.88017836261328,
          -42.203188434089746,
          -7.271318988968019
        ],
        "y": [
          20.889019516640985,
          -44.36187319450995,
          -45.307212753508665,
          -72.91356109023025,
          64.59778907075722,
          41.39273307758134,
          12.949864272440934,
          -49.01757949948324,
          -66.3804581684602,
          -15.14256814484989,
          6.059283158982652,
          -87.12462774570199,
          31.761387816146396,
          84.60156404235843,
          29.944009117132296,
          57.04249948300364,
          -74.30637483203853,
          31.400948814155157,
          -23.097781326188468,
          31.525697966336935,
          79.98532601025818,
          13.424279093218303,
          -27.231116083204668,
          13.7345429013087,
          35.627925749692,
          -69.6817478840089,
          -66.97551855216578,
          86.3564181895099,
          20.08015603743766,
          25.04973927884417,
          81.58728316065802,
          -87.37859888812284,
          88.37723667633122,
          0.9544499330003191,
          -87.40549361915542,
          18.117976252174145,
          58.20811672362905,
          70.86405622123232,
          -56.04800301499844,
          31.25869657962032,
          25.338861613247232,
          77.20986484654097,
          -2.0798130770935472,
          -78.88051155656603,
          -7.604842720709726,
          48.877019502490555,
          -76.53643842687123,
          81.20387889134614,
          -61.7972276576693,
          -71.23553291970983
        ],
        "z": [
          0,
          0,
          0,
          0,
          0,
          0,
          0,
          0,
          0,
          0,
          0,
          0,
          0,
          0,
          0,
          0,
          0,
          0,
          0,
          0,
          0,
          0,
          0,
          0,
          0,
          0,
          0,
          0,
          0,
          0,
          0,
          0,
          0,
          0,
          0,
          0,
          0,
          0,
          0,
          0,
          0,
          0,
          0,
          0,
          0,
          0,
          0,
          0,
          0,
          0
        ]
      },
      "material": {
        "type": "MeshPhysicalMaterial",
        "color": "#7F7F7F",
        "metalness": 0.25,
        "roughness": 0.65,
        "reflectivity": 0.5,
        "opacity": [
          1
        ],
        "transparent": false
      },
      "visible": [
        1
      ]
    }
  },
  "IMAGES": {
    "imagebag": "/mkturkfiles/scenebags/objectome3d/background_im_flipped/",
    "imageidx": [
      188,
      298,
      1448,
      463,
      427,
      156,
      463,
      298,
      1177,
      1424,
      1406,
      188,
      298,
      1406,
      1448,
      1406,
      427,
      463,
      16,
      1177,
      1177,
      1424,
      1448,
      16,
      156,
      156,
      1424,
      427,
      188,
      16,
      1448,
      16,
      156,
      427,
      427,
      156,
      298,
      188,
      1424,
      1406,
      1448,
      463,
      463,
      16,
      1424,
      298,
      1177,
      1406,
      188,
      1177
    ],
    "sizeTHREEJS": [
      1.61
    ]
  },