{
  "CAMERAS": {
    "camera00": {
      "type": "PerspectiveCamera",
      "fieldOfView": 45,
      "near": 0.1,
      "far": 2000,
      "position": {
        "x": [
          0
        ],
        "y": [
          0
        ],
        "z": [
          10
        ]
      },
      "targetInches": {
        "x": [
          0
        ],
        "y": [
          0
        ],
        "z": [
          0
        ]
      },
      "visible": [
        1
      ]
    }
  },
  "LIGHTS": {
    "light00": {
      "type": "DirectionalLight",
      "color": "0xffffff",
      "intensity": [
        5
      ],
      "position": {
        "x": [
          0
        ],
        "y": [
          1,
          1,
          1,
          1,
          1,
          1,
          1,
          1,
          1,
          1,
          1,
          1,
          1,
          1,
          1,
          1,
          1,
          1,
          1,
          1,
          1,
          1,
          1,
          1,
          1,
          1,
          1,
          1,
          1,
          1,
          1,
          1,
          1,
          1,
          1,
          1,
          1,
          1,
          1,
          1,
          1,
          1,
          1,
          1,
          1,
          1,
          1,
          1,
          1,
          1
        ],
        "z": [
          1
        ]
      },
      "visible": [
        1
      ]
    }
  },
  "OBJECTS": {
    "AppleMesh00_neutral": {
      "meshpath": "/mkturkfiles/scenebags/objectome3d/face/AppleMesh01_happiness_4.glb",
      "objectdoc": "HeadAppleMesh00Applefacepotatohead",
      "sizeTHREEJS": [
        0.6473356759685812,
        0.6667238101623703,
        0.7473994667321203,
        0.4648949727919225,
        0.6607323611729816,
        0.6097347172434401,
        0.4574326829739461,
        0.572266720916395,
        0.5641962399875169,
        0.6207418872581053,
        0.6546380839138843,
        0.5111892814108421,
        0.45902122005529356,
        0.7151975451126815,
        0.511299598696044,
        0.7068431103670538,
        0.5202223079447157,
        0.6325385311629577,
        0.5947445697467939,
        0.7384071504125258,
        0.4374369359240765,
        0.6707943854315441,
        0.7400236435584922,
        0.5938481924987247,
        0.7023688417916369,
        0.4880956644450357,
        0.5532939799471329,
        0.5359739930127339,
        0.5251481001770559,
        0.4943853446297215,
        0.7062854878138285,
        0.6972015500834716,
        0.46435461365497344,
        0.6524921004598927,
        0.616608288582647,
        0.47601365705545773,
        0.42134838307273526,
        0.43695459252036806,
        0.4455173315889785,
        0.4685263064399758,
        0.423667199528537,
        0.552937818455201,
        0.4351908658240514,
        0.5698781308127253,
        0.7292369642993886,
        0.7048765894218351,
        0.5633915116088127,
        0.47303804435678065,
        0.5389942429153273,
        0.4635868866398236
      ],
      "positionTHREEJS": {
        "x": [
          0
        ],
        "y": [
          0
        ],
        "z": [
          0
        ]
      },
      "rotationDegrees": {
        "x": [
          -42.049979444124624,
          -42.85700426977702,
          38.04286126331547,
          33.642885351269385,
          10.410126343475085,
          -30.68169999850482,
          -22.35698796641635,
          -8.930415088095707,
          20.23353714844984,
          -5.879018470977336,
          -4.53882934322003,
          29.39840278360421,
          -10.81902475528149,
          8.17721806937768,
          13.08560696542827,
          25.242892754132413,
          -31.22972132138701,
          -42.778343686805314,
          9.522642210270455,
          -28.730008758809184,
          22.070665136762912,
          -31.289319544210887,
          10.338094384057918,
          36.94685154258573,
          -41.41513007979111,
          15.562197541095813,
          23.025536187740414,
          -34.20259925344973,
          -20.73319202843213,
          -36.65841265123274,
          -2.2279142359797532,
          -43.19473203228561,
          -4.811163510964754,
          -36.33957862684737,
          -25.112330920788057,
          23.155975156425413,
          18.847214385643667,
          -19.40951333431659,
          33.48642145563183,
          14.133348411904578,
          19.41039287577847,
          -0.3706602789403277,
          -1.4034386363831075,
          24.228582998081933,
          -33.70688087330869,
          28.72865548419574,
          34.120271539555276,
          28.925613662915623,
          14.808025592135387,
          15.681302624263289
        ],
        "y": [
          -73.6955736363492,
          11.146713044998904,
          70.40753774501673,
          -58.391672033025806,
          69.21639769222307,
          1.0562332123455036,
          -5.109105388414591,
          73.28854864750053,
          -86.37763486124953,
          -80.04232103581919,
          -28.843780094324607,
          -66.31962376596337,
          -67.68025307282436,
          82.66485815458515,
          -8.4957379083952,
          -4.755305292357548,
          24.313325067896102,
          65.64231482208828,
          -14.644231985770645,
          -50.75031208086405,
          -3.1550080890624486,
          49.28158872988402,
          75.26177161822037,
          43.02910206080276,
          62.864407909277986,
          -11.724470002810392,
          -0.6441830242031727,
          -9.152474114679464,
          38.65571148551507,
          -75.75206812331244,
          60.4050329382689,
          11.173801707137088,
          -75.64472391358942,
          -48.46974328952749,
          43.977653068915146,
          69.1292819030275,
          38.67418257436009,
          -58.10355459069264,
          32.08870409242063,
          25.139130934248584,
          88.13933792406425,
          -7.704983403496001,
          -7.973093140103046,
          80.31230225221151,
          87.40479715135638,
          -37.100352744652355,
          0.06520220835913904,
          -35.14799609829457,
          -39.73561267737561,
          -53.30593674536275
        ],
        "z": [
          0,
          0,
          0,
          0,
          0,
          0,
          0,
          0,
          0,
          0,
          0,
          0,
          0,
          0,
          0,
          0,
          0,
          0,
          0,
          0,
          0,
          0,
          0,
          0,
          0,
          0,
          0,
          0,
          0,
          0,
          0,
          0,
          0,
          0,
          0,
          0,
          0,
          0,
          0,
          0,
          0,
          0,
          0,
          0,
          0,
          0,
          0,
          0,
          0,
          0
        ]
      },
      "material": {
        "type": "MeshPhysicalMaterial",
        "color": "#7F7F7F",
        "metalness": 0.25,
        "roughness": 0.65,
        "reflectivity": 0.5,
        "opacity": [
          1
        ],
        "transparent": false
      },
      "visible": [
        1
      ]
    }
  },
  "IMAGES": {
    "imagebag": "/mkturkfiles/scenebags/objectome3d/background_im_flipped/",
    "imageidx": [
      156,
      188,
      156,
      298,
      1448,
      1406,
      1424,
      1424,
      427,
      427,
      463,
      298,
      156,
      188,
      1448,
      16,
      463,
      427,
      1424,
      1448,
      1406,
      156,
      16,
      427,
      1177,
      1177,
      1406,
      1448,
      298,
      188,
      16,
      1177,
      463,
      188,
      1177,
      463,
      16,
      1177,
      298,
      188,
      1406,
      1424,
      1406,
      16,
      156,
      1448,
      298,
      463,
      1424,
      427
    ],
    "sizeTHREEJS": [
      1.61
    ]
  },