{
  "CAMERAS": {
    "camera00": {
      "type": "PerspectiveCamera",
      "fieldOfView": 45,
      "near": 0.1,
      "far": 2000,
      "position": {
        "x": [
          0
        ],
        "y": [
          0
        ],
        "z": [
          10
        ]
      },
      "targetInches": {
        "x": [
          0
        ],
        "y": [
          0
        ],
        "z": [
          0
        ]
      },
      "visible": [
        1
      ]
    }
  },
  "LIGHTS": {
    "light00": {
      "type": "DirectionalLight",
      "color": "0xffffff",
      "intensity": [
        5
      ],
      "position": {
        "x": [
          0
        ],
        "y": [
          1,
          1,
          1,
          1,
          1,
          1,
          1,
          1,
          1,
          1,
          1,
          1,
          1,
          1,
          1,
          1,
          1,
          1,
          1,
          1,
          1,
          1,
          1,
          1,
          1,
          1,
          1,
          1,
          1,
          1,
          1,
          1,
          1,
          1,
          1,
          1,
          1,
          1,
          1,
          1,
          1,
          1,
          1,
          1,
          1,
          1,
          1,
          1,
          1,
          1
        ],
        "z": [
          1
        ]
      },
      "visible": [
        1
      ]
    }
  },
  "OBJECTS": {
    "AppleMesh00_neutral": {
      "meshpath": "/mkturkfiles/scenebags/objectome3d/face/AppleMesh00_surprise_4.glb",
      "objectdoc": "HeadAppleMesh00Applefacepotatohead",
      "sizeTHREEJS": [
        0.4442285009661274,
        0.44996893915030645,
        0.5557562723341618,
        0.5773070877005744,
        0.6796803070911788,
        0.6114533667100944,
        0.6774582869238107,
        0.6546646333105288,
        0.5418008112027526,
        0.6452553526488497,
        0.5061141532653959,
        0.3778988243499216,
        0.523862171045386,
        0.5814660168719983,
        0.6873360341349424,
        0.5209755998951203,
        0.5101115474876109,
        0.7044997991220594,
        0.45805387439097284,
        0.40660626904096414,
        0.5723362223950633,
        0.46066531142917433,
        0.5445810618060968,
        0.7531813906580979,
        0.6683092203631263,
        0.5122857482436696,
        0.37967517597101696,
        0.5394553414003554,
        0.3906255437899565,
        0.4055078154772549,
        0.41640481553097575,
        0.5534277066509151,
        0.41333248464508954,
        0.421099175836505,
        0.6075758268927745,
        0.6697054236128535,
        0.49707966207244403,
        0.597075574944558,
        0.5711625912648431,
        0.6868718198231107,
        0.5746223283282661,
        0.5223703497055372,
        0.6247256782319266,
        0.6918078980056905,
        0.5471225648531391,
        0.6981125880088346,
        0.5898620233940095,
        0.6628056535501132,
        0.5523521433103118,
        0.6213595814009246
      ],
      "positionTHREEJS": {
        "x": [
          0
        ],
        "y": [
          0
        ],
        "z": [
          0
        ]
      },
      "rotationDegrees": {
        "x": [
          8.15642475807396,
          8.849140606150051,
          -20.044190991522296,
          5.97253930769449,
          21.631719524991425,
          -11.306223443294293,
          14.184661440918916,
          5.903941282437607,
          21.51827427203918,
          -4.16638146486914,
          -33.331742092984456,
          4.5947300343229855,
          -10.314879953960329,
          40.57209700348085,
          14.499228614313374,
          -12.499771581592434,
          -20.783319773162223,
          12.697730832569839,
          30.772140140047483,
          9.68983894131975,
          12.485892137064603,
          -4.67429077223148,
          21.167206946872582,
          -32.88324799590073,
          -25.020375129270228,
          32.28157494589925,
          -4.619478211390913,
          -5.7251498441154,
          4.512924435602827,
          -43.838653933350024,
          3.8971706437706217,
          30.94708775998933,
          -27.090648891141214,
          -7.088734328005032,
          -34.53326092262177,
          35.627955868679095,
          23.549649548672974,
          31.33718960935323,
          -1.7983849645140353,
          42.316616742578404,
          -25.239666263080835,
          39.13303736586798,
          36.74576809092777,
          26.89600801162146,
          39.541917634401756,
          -14.13565718066673,
          5.656193517960489,
          -23.117973530220194,
          -21.479641372176964,
          -9.897649244168647
        ],
        "y": [
          26.82507324887129,
          17.864479787648094,
          -60.84674014683687,
          48.46646338443284,
          77.79160273097341,
          -63.17798623114531,
          64.19975606232114,
          79.66095335684534,
          -13.346975644555442,
          -88.84636008022515,
          -28.066168054730127,
          -37.035313766259335,
          -51.20307910716249,
          -41.71243475088777,
          0.8575863405395268,
          -67.26522896962283,
          0.60531444737029,
          -65.75125273973505,
          -88.44736241888596,
          8.735687551923604,
          -41.97200135787446,
          -28.155075462837054,
          -33.45087007430656,
          6.829073530063269,
          -30.981201143919307,
          -62.847958946669166,
          -3.8773441368785484,
          67.75218257619431,
          71.47351466327072,
          15.11559352437726,
          -72.0737269168882,
          51.23867143242839,
          -84.12280139089253,
          -5.089388121877704,
          70.50278009122812,
          72.27298165760914,
          -42.52246364237531,
          -28.88916614752295,
          -52.66282035287992,
          -20.33214077357208,
          -76.24042278719116,
          86.01924022083256,
          -3.681414488632697,
          -56.7799084417942,
          -81.7938120526481,
          -80.45189982473639,
          -26.57338164249237,
          89.20978747473566,
          71.88233625821894,
          23.78508515905125
        ],
        "z": [
          0,
          0,
          0,
          0,
          0,
          0,
          0,
          0,
          0,
          0,
          0,
          0,
          0,
          0,
          0,
          0,
          0,
          0,
          0,
          0,
          0,
          0,
          0,
          0,
          0,
          0,
          0,
          0,
          0,
          0,
          0,
          0,
          0,
          0,
          0,
          0,
          0,
          0,
          0,
          0,
          0,
          0,
          0,
          0,
          0,
          0,
          0,
          0,
          0,
          0
        ]
      },
      "material": {
        "type": "MeshPhysicalMaterial",
        "color": "#7F7F7F",
        "metalness": 0.25,
        "roughness": 0.65,
        "reflectivity": 0.5,
        "opacity": [
          1
        ],
        "transparent": false
      },
      "visible": [
        1
      ]
    }
  },
  "IMAGES": {
    "imagebag": "/mkturkfiles/scenebags/objectome3d/background_im_flipped/",
    "imageidx": [
      156,
      463,
      1424,
      463,
      1177,
      427,
      188,
      427,
      1177,
      1406,
      463,
      1406,
      1448,
      1424,
      1448,
      1448,
      1448,
      1448,
      298,
      156,
      16,
      1177,
      156,
      427,
      463,
      16,
      16,
      1406,
      298,
      1424,
      1177,
      298,
      1406,
      1424,
      188,
      463,
      16,
      188,
      427,
      427,
      1406,
      298,
      1177,
      156,
      16,
      188,
      188,
      1424,
      156,
      298
    ],
    "sizeTHREEJS": [
      1.61
    ]
  },