{
  "CAMERAS": {
    "camera00": {
      "type": "PerspectiveCamera",
      "fieldOfView": 45,
      "near": 0.1,
      "far": 2000,
      "position": {
        "x": [
          0
        ],
        "y": [
          0
        ],
        "z": [
          10
        ]
      },
      "targetInches": {
        "x": [
          0
        ],
        "y": [
          0
        ],
        "z": [
          0
        ]
      },
      "visible": [
        1
      ]
    }
  },
  "LIGHTS": {
    "light00": {
      "type": "DirectionalLight",
      "color": "0xffffff",
      "intensity": [
        5
      ],
      "position": {
        "x": [
          0
        ],
        "y": [
          1,
          1,
          1,
          1,
          1,
          1,
          1,
          1,
          1,
          1,
          1,
          1,
          1,
          1,
          1,
          1,
          1,
          1,
          1,
          1,
          1,
          1,
          1,
          1,
          1,
          1,
          1,
          1,
          1,
          1,
          1,
          1,
          1,
          1,
          1,
          1,
          1,
          1,
          1,
          1,
          1,
          1,
          1,
          1,
          1,
          1,
          1,
          1,
          1,
          1
        ],
        "z": [
          1
        ]
      },
      "visible": [
        1
      ]
    }
  },
  "OBJECTS": {
    "AppleMesh00_neutral": {
      "meshpath": "/mkturkfiles/scenebags/objectome3d/face/AppleMesh05_fear_4.glb",
      "objectdoc": "HeadAppleMesh00Applefacepotatohead",
      "sizeTHREEJS": [
        0.587518015027113,
        0.4636196964685457,
        0.46377898424180075,
        0.5905137805516059,
        0.4069165556069319,
        0.4972454813827118,
        0.5607873842305389,
        0.5897873697001375,
        0.516141304868071,
        0.3814302298528922,
        0.6870833202635169,
        0.7289815619774249,
        0.5997974406801249,
        0.475965820923301,
        0.6093785072059491,
        0.49418992990777666,
        0.7224270318723734,
        0.38212760472149154,
        0.6960272373894263,
        0.6812079910049982,
        0.48026716927072377,
        0.48908057260909077,
        0.4944380703457189,
        0.3801011181503622,
        0.6066859896349357,
        0.7094427668735137,
        0.571768135929282,
        0.5223276462093098,
        0.7060370913532497,
        0.6031675350868573,
        0.7469429502085031,
        0.5962486345844878,
        0.3821748299198966,
        0.6159363270506091,
        0.7383659033202643,
        0.7634789901520969,
        0.5197366531766928,
        0.6789477292744063,
        0.5035962086163704,
        0.6216861806613847,
        0.6313600842899136,
        0.5381095189690281,
        0.7325283225017439,
        0.46001975449225396,
        0.4262875739724453,
        0.4791295101856843,
        0.5546660696460038,
        0.5135994379949911,
        0.38478501119614456,
        0.718046169411279
      ],
      "positionTHREEJS": {
        "x": [
          0
        ],
        "y": [
          0
        ],
        "z": [
          0
        ]
      },
      "rotationDegrees": {
        "x": [
          -41.80591754447424,
          20.90994605320762,
          43.5942574543144,
          -2.753525990716824,
          -23.94005959937448,
          35.776337290739775,
          14.302479004805988,
          18.921524685687203,
          3.480037701706756,
          -39.46346327885085,
          -22.339739609070623,
          -21.4527779440228,
          24.393264465841852,
          19.102247766633596,
          -8.216240848781474,
          -23.591786486934552,
          -13.83449109363536,
          1.1493182877507664,
          -29.503909109471948,
          29.648430491065554,
          32.21310020436569,
          -15.204129136975368,
          31.596776546697868,
          -27.175350773457122,
          -33.75109752288533,
          -15.607261742580505,
          -13.742838587765036,
          -36.26963943493689,
          -26.56041743025453,
          34.03234475100207,
          31.373816839064176,
          -33.638541046705626,
          18.024970003014495,
          4.53459040716703,
          16.818369981178982,
          -43.15700769310613,
          32.18796731778565,
          26.90865639955905,
          -2.0132495855962773,
          -26.317451857970127,
          -9.571703580455036,
          -7.629119987113697,
          -13.98751745174226,
          -5.1860273465696025,
          36.22277300513895,
          2.004054191146139,
          -13.845656213040918,
          -9.166671972005972,
          14.88712758607371,
          -31.654154620154237
        ],
        "y": [
          -11.852953070413434,
          -68.49041366097146,
          -46.04751531459544,
          -80.24769564686896,
          -25.173448336955133,
          -68.66759844003076,
          -35.920997419492586,
          -23.561076578617886,
          31.120852212956407,
          -14.192130767546217,
          -50.2973728744803,
          49.82724694908134,
          14.127571014770595,
          -4.797651216598524,
          -86.29159537472752,
          -79.16127881187668,
          -15.081588233251267,
          31.94623240414427,
          -60.20140834774756,
          -65.5445352675512,
          43.71213002890062,
          -30.438536022647135,
          31.35676060803121,
          80.56675650670633,
          -89.69975420508075,
          9.223975823535866,
          20.090953042158205,
          0.9095666045795952,
          71.80320129975311,
          33.420475462444074,
          4.0548934462018025,
          65.39003588697179,
          -19.75332232058615,
          -6.276830023184246,
          -23.018043484022,
          2.954435932664154,
          -60.20247671846829,
          -51.39731551143063,
          47.7470501563304,
          -82.93029638562625,
          -3.0234378150194345,
          -39.86276021747764,
          44.0619614788356,
          75.53663786423229,
          35.07727627426166,
          -42.8074657800367,
          -24.677438279846285,
          -51.973806063773026,
          31.695255293306488,
          -40.99923741811883
        ],
        "z": [
          0,
          0,
          0,
          0,
          0,
          0,
          0,
          0,
          0,
          0,
          0,
          0,
          0,
          0,
          0,
          0,
          0,
          0,
          0,
          0,
          0,
          0,
          0,
          0,
          0,
          0,
          0,
          0,
          0,
          0,
          0,
          0,
          0,
          0,
          0,
          0,
          0,
          0,
          0,
          0,
          0,
          0,
          0,
          0,
          0,
          0,
          0,
          0,
          0,
          0
        ]
      },
      "material": {
        "type": "MeshPhysicalMaterial",
        "color": "#7F7F7F",
        "metalness": 0.25,
        "roughness": 0.65,
        "reflectivity": 0.5,
        "opacity": [
          1
        ],
        "transparent": false
      },
      "visible": [
        1
      ]
    }
  },
  "IMAGES": {
    "imagebag": "/mkturkfiles/scenebags/objectome3d/background_im_flipped/",
    "imageidx": [
      1448,
      1424,
      298,
      427,
      188,
      1448,
      1424,
      1424,
      1177,
      463,
      156,
      463,
      156,
      1406,
      188,
      1448,
      427,
      427,
      16,
      16,
      463,
      156,
      1406,
      463,
      1406,
      188,
      1448,
      188,
      1406,
      16,
      156,
      1424,
      427,
      298,
      1448,
      298,
      427,
      1406,
      1177,
      298,
      16,
      298,
      156,
      463,
      188,
      1177,
      1177,
      1424,
      16,
      1177
    ],
    "sizeTHREEJS": [
      1.61
    ]
  },