{
  "CAMERAS": {
    "camera00": {
      "type": "PerspectiveCamera",
      "fieldOfView": 45,
      "near": 0.1,
      "far": 2000,
      "position": {
        "x": [
          0
        ],
        "y": [
          0
        ],
        "z": [
          10
        ]
      },
      "targetInches": {
        "x": [
          0
        ],
        "y": [
          0
        ],
        "z": [
          0
        ]
      },
      "visible": [
        1
      ]
    }
  },
  "LIGHTS": {
    "light00": {
      "type": "DirectionalLight",
      "color": "0xffffff",
      "intensity": [
        5
      ],
      "position": {
        "x": [
          0
        ],
        "y": [
          1,
          1,
          1,
          1,
          1,
          1,
          1,
          1,
          1,
          1,
          1,
          1,
          1,
          1,
          1,
          1,
          1,
          1,
          1,
          1,
          1,
          1,
          1,
          1,
          1,
          1,
          1,
          1,
          1,
          1,
          1,
          1,
          1,
          1,
          1,
          1,
          1,
          1,
          1,
          1,
          1,
          1,
          1,
          1,
          1,
          1,
          1,
          1,
          1,
          1
        ],
        "z": [
          1
        ]
      },
      "visible": [
        1
      ]
    }
  },
  "OBJECTS": {
    "AppleMesh00_neutral": {
      "meshpath": "/mkturkfiles/scenebags/objectome3d/face/AppleMesh01_disgust_4.glb",
      "objectdoc": "HeadAppleMesh00Applefacepotatohead",
      "sizeTHREEJS": [
        0.6492662476011581,
        0.6940933539073635,
        0.4349857791475667,
        0.5232334158677063,
        0.4674902275189031,
        0.6475442050641421,
        0.6220528455853738,
        0.7211475126945119,
        0.661855576598666,
        0.6665767277241899,
        0.6679508210760144,
        0.6323079485889487,
        0.3961894578786331,
        0.49354194429490966,
        0.41457162057109487,
        0.43485818575500845,
        0.523427286919626,
        0.6177346733153983,
        0.7637949641740229,
        0.7427433363241798,
        0.6715416412143318,
        0.5656036113683612,
        0.48236620940888125,
        0.6742647524100975,
        0.588398018299327,
        0.6954079463343845,
        0.6552669764693986,
        0.44214157290644496,
        0.4724623391338018,
        0.6943891805139859,
        0.7322587896903106,
        0.4204751400969155,
        0.5688266806199003,
        0.4883450011470995,
        0.659498227072018,
        0.4346050050320489,
        0.4512196882208245,
        0.5274579952295126,
        0.4389270839748001,
        0.4409972417782606,
        0.37609896759665074,
        0.38894261795343044,
        0.44889798854958624,
        0.7387467141203636,
        0.3981163067860725,
        0.5504669755492606,
        0.5561539748246365,
        0.5949421988303446,
        0.7002873234581393,
        0.7516752130863582
      ],
      "positionTHREEJS": {
        "x": [
          0
        ],
        "y": [
          0
        ],
        "z": [
          0
        ]
      },
      "rotationDegrees": {
        "x": [
          42.59803589640788,
          21.086958701371515,
          24.583748676332277,
          -27.185092111785455,
          11.686500468487019,
          16.98386360576091,
          27.837208245655688,
          1.0038230581085656,
          -27.038329361122738,
          36.55833274867662,
          27.399245819671577,
          -4.122555052694871,
          -29.132560507541072,
          6.718937654341325,
          -20.469182186992846,
          -10.449561223234305,
          36.94858292441306,
          -29.57203569140507,
          -43.65669749766233,
          13.26463927405068,
          -37.58315689081416,
          -3.6680697252970376,
          -25.29506105327439,
          -0.1272404835377472,
          24.63776374768338,
          -16.54782265120137,
          22.73772734908485,
          -39.777664993411676,
          -39.273483073222415,
          -20.545678433997722,
          22.644554596913977,
          -21.424487737272614,
          -23.580339583524083,
          5.254122309412445,
          10.144216052792991,
          9.363843729535034,
          -29.292768028498003,
          -37.407751581676905,
          11.743757246521398,
          -27.262009771947813,
          26.930551340204957,
          -13.3460024221297,
          33.427677810571694,
          -20.16266988134117,
          7.7475703932078375,
          -13.319694487259625,
          31.877745165804555,
          30.133391973571804,
          11.451486838108991,
          21.35512237393941
        ],
        "y": [
          -47.48512940129907,
          14.842015733152692,
          -10.807048310386065,
          67.14462460943085,
          84.64795925630258,
          -68.73547598396318,
          10.763365836353913,
          46.77274798648742,
          71.83108564860771,
          -24.446737028012123,
          8.855472485730203,
          45.73938620720415,
          -33.599555556760265,
          -22.00585958742117,
          -4.366553706945922,
          12.161684745063027,
          59.25577474869368,
          54.34438062693886,
          35.73531687463854,
          40.44133770057451,
          -81.97457389996927,
          -20.78331473601591,
          73.07129064241201,
          -45.128333176114474,
          -41.585072854581036,
          -20.11542285899472,
          33.7216704912655,
          79.22321357299057,
          -85.82363387199239,
          50.86892553283792,
          60.214293417006445,
          31.072811759826067,
          -10.283208995322568,
          -56.23772598199012,
          77.25898550988921,
          -11.050082885621109,
          19.02668612290347,
          -4.677337289621434,
          58.830075027476255,
          20.87637796311722,
          -86.17031329331284,
          -51.981970570031834,
          35.1847479163135,
          -26.073607903710815,
          -85.71793207797514,
          -6.701966894110129,
          -75.52720642997224,
          -74.94742590679506,
          -63.900243732805016,
          46.83021056962616
        ],
        "z": [
          0,
          0,
          0,
          0,
          0,
          0,
          0,
          0,
          0,
          0,
          0,
          0,
          0,
          0,
          0,
          0,
          0,
          0,
          0,
          0,
          0,
          0,
          0,
          0,
          0,
          0,
          0,
          0,
          0,
          0,
          0,
          0,
          0,
          0,
          0,
          0,
          0,
          0,
          0,
          0,
          0,
          0,
          0,
          0,
          0,
          0,
          0,
          0,
          0,
          0
        ]
      },
      "material": {
        "type": "MeshPhysicalMaterial",
        "color": "#7F7F7F",
        "metalness": 0.25,
        "roughness": 0.65,
        "reflectivity": 0.5,
        "opacity": [
          1
        ],
        "transparent": false
      },
      "visible": [
        1
      ]
    }
  },
  "IMAGES": {
    "imagebag": "/mkturkfiles/scenebags/objectome3d/background_im_flipped/",
    "imageidx": [
      16,
      1406,
      1177,
      298,
      1177,
      156,
      298,
      1406,
      156,
      16,
      1177,
      1448,
      188,
      1406,
      463,
      16,
      1177,
      1448,
      427,
      188,
      156,
      463,
      1424,
      1406,
      427,
      1177,
      1406,
      463,
      1448,
      298,
      188,
      1448,
      156,
      463,
      427,
      188,
      298,
      156,
      1424,
      463,
      1424,
      298,
      16,
      1424,
      427,
      1424,
      427,
      1448,
      188,
      16
    ],
    "sizeTHREEJS": [
      1.61
    ]
  },