{
  "CAMERAS": {
    "camera00": {
      "type": "PerspectiveCamera",
      "fieldOfView": 45,
      "near": 0.1,
      "far": 2000,
      "position": {
        "x": [
          0
        ],
        "y": [
          0
        ],
        "z": [
          10
        ]
      },
      "targetInches": {
        "x": [
          0
        ],
        "y": [
          0
        ],
        "z": [
          0
        ]
      },
      "visible": [
        1
      ]
    }
  },
  "LIGHTS": {
    "light00": {
      "type": "DirectionalLight",
      "color": "0xffffff",
      "intensity": [
        5
      ],
      "position": {
        "x": [
          0
        ],
        "y": [
          1,
          1,
          1,
          1,
          1,
          1,
          1,
          1,
          1,
          1,
          1,
          1,
          1,
          1,
          1,
          1,
          1,
          1,
          1,
          1,
          1,
          1,
          1,
          1,
          1,
          1,
          1,
          1,
          1,
          1,
          1,
          1,
          1,
          1,
          1,
          1,
          1,
          1,
          1,
          1,
          1,
          1,
          1,
          1,
          1,
          1,
          1,
          1,
          1,
          1
        ],
        "z": [
          1
        ]
      },
      "visible": [
        1
      ]
    }
  },
  "OBJECTS": {
    "AppleMesh00_neutral": {
      "meshpath": "/mkturkfiles/scenebags/objectome3d/face/AppleMesh06_surprise_4.glb",
      "objectdoc": "HeadAppleMesh00Applefacepotatohead",
      "sizeTHREEJS": [
        0.6748670839580003,
        0.6389257858882706,
        0.5521925375348149,
        0.6338925606784129,
        0.6857010624748475,
        0.5226643013964537,
        0.6726239090860293,
        0.4189113140362314,
        0.6910531997092675,
        0.7041780041290739,
        0.7383698633617273,
        0.7160874629288825,
        0.7566338700664439,
        0.7029417156598539,
        0.380314326004365,
        0.6868311854475785,
        0.5658511937828639,
        0.480495540740242,
        0.5527046558156073,
        0.5612802011523061,
        0.7587621777941181,
        0.4325992717432207,
        0.684224800489024,
        0.711893363942784,
        0.5080200009542911,
        0.7302483611192403,
        0.398664598739783,
        0.431417499595596,
        0.7556045223100356,
        0.441207661942871,
        0.4169971231186534,
        0.4749930538188654,
        0.5575242616950864,
        0.5915300293772945,
        0.6012675445636759,
        0.670575230719726,
        0.5889064204117015,
        0.7538449683569217,
        0.4090675969107074,
        0.6246647029043813,
        0.4536064317706902,
        0.7079321738156402,
        0.5950930496646147,
        0.7527341052851397,
        0.5860598154402511,
        0.48277294252431113,
        0.4287646750588124,
        0.5790822810689076,
        0.6527854518350398,
        0.5332198446818788
      ],
      "positionTHREEJS": {
        "x": [
          0
        ],
        "y": [
          0
        ],
        "z": [
          0
        ]
      },
      "rotationDegrees": {
        "x": [
          -5.28476459357055,
          -21.329324824357215,
          -0.6869360036036625,
          38.881554281257664,
          -19.24493974489944,
          -26.14389407982427,
          10.277965266886305,
          -7.81979216672547,
          24.73000511865719,
          -34.29525253185618,
          24.004782409950096,
          19.89245483857472,
          -29.726544160649997,
          40.80346419332163,
          10.53655075725969,
          -15.728939327448135,
          -33.72465852282472,
          -29.339239890489253,
          -30.011619279375385,
          -30.140255856762806,
          40.330260178171045,
          -20.739406271676824,
          -12.395577347484448,
          10.453267402241067,
          24.140437094837353,
          28.09711357170808,
          -24.76294061022185,
          -3.846026355324881,
          -19.961502553072698,
          44.07016268894019,
          11.39929459668123,
          28.474975485395177,
          -25.786898241786187,
          -17.499378478033815,
          -2.727882069936591,
          30.253939932793728,
          -3.7111551364668145,
          -18.618071713814444,
          42.12575521870832,
          -3.641195851354425,
          -31.526577749518406,
          -18.111747511799013,
          -20.960903927773494,
          23.141184466984768,
          19.304645572901308,
          -2.204786545230945,
          -43.31824435101695,
          -16.713608562581367,
          -6.7139073423234095,
          10.953365891752227
        ],
        "y": [
          -60.04729746454435,
          -18.458778259265088,
          -43.963045224154484,
          2.413849523360696,
          48.0537408865205,
          31.917868472642425,
          43.95772117918446,
          11.866508451592267,
          -40.79856554030683,
          -30.777885103767268,
          -63.71715258531846,
          54.07248687813404,
          -19.38341190742156,
          -32.68987053353254,
          40.10002034218675,
          -73.64634391387442,
          74.12704603557265,
          -73.90644061165011,
          -82.3758635944431,
          -64.32263159719773,
          -70.09741930307817,
          13.51486437696299,
          -38.24958926924596,
          25.925127792274395,
          -21.169637722123383,
          -79.35988655272514,
          -16.406743378193525,
          -46.390657554952504,
          -56.37268764316427,
          -56.045795577211884,
          6.548132087469128,
          -82.4155613989059,
          -71.7061526712772,
          -34.094631882975776,
          41.17850531769608,
          41.40149181827468,
          57.543234327100095,
          -77.94609816925154,
          33.089951378921725,
          80.74380484591347,
          77.01190565409942,
          -50.71338183392599,
          62.78771271628406,
          39.607833712711,
          -37.7441545884903,
          80.46677883618952,
          85.50998204418164,
          -81.75937869466094,
          -79.61069142953565,
          75.38453497629459
        ],
        "z": [
          0,
          0,
          0,
          0,
          0,
          0,
          0,
          0,
          0,
          0,
          0,
          0,
          0,
          0,
          0,
          0,
          0,
          0,
          0,
          0,
          0,
          0,
          0,
          0,
          0,
          0,
          0,
          0,
          0,
          0,
          0,
          0,
          0,
          0,
          0,
          0,
          0,
          0,
          0,
          0,
          0,
          0,
          0,
          0,
          0,
          0,
          0,
          0,
          0,
          0
        ]
      },
      "material": {
        "type": "MeshPhysicalMaterial",
        "color": "#7F7F7F",
        "metalness": 0.25,
        "roughness": 0.65,
        "reflectivity": 0.5,
        "opacity": [
          1
        ],
        "transparent": false
      },
      "visible": [
        1
      ]
    }
  },
  "IMAGES": {
    "imagebag": "/mkturkfiles/scenebags/objectome3d/background_im_flipped/",
    "imageidx": [
      1406,
      1424,
      156,
      1448,
      1177,
      188,
      188,
      463,
      463,
      16,
      16,
      1424,
      427,
      1177,
      1406,
      16,
      463,
      463,
      298,
      16,
      1406,
      1448,
      1177,
      298,
      298,
      298,
      156,
      427,
      1424,
      427,
      463,
      1177,
      188,
      188,
      16,
      1448,
      156,
      1177,
      1406,
      427,
      427,
      156,
      1406,
      188,
      1448,
      1448,
      1424,
      1424,
      156,
      298
    ],
    "sizeTHREEJS": [
      1.61
    ]
  },