{
  "CAMERAS": {
    "camera00": {
      "type": "PerspectiveCamera",
      "fieldOfView": 45,
      "near": 0.1,
      "far": 2000,
      "position": {
        "x": [
          0
        ],
        "y": [
          0
        ],
        "z": [
          10
        ]
      },
      "targetInches": {
        "x": [
          0
        ],
        "y": [
          0
        ],
        "z": [
          0
        ]
      },
      "visible": [
        1
      ]
    }
  },
  "LIGHTS": {
    "light00": {
      "type": "DirectionalLight",
      "color": "0xffffff",
      "intensity": [
        5
      ],
      "position": {
        "x": [
          0.0,
          0.0,
          0.0,
          0.0,
          0.0,
          0.0,
          0.0,
          0.0,
          0.0,
          0.0,
          0.0,
          0.0,
          0.0,
          0.0,
          0.0,
          0.0,
          0.0,
          0.0,
          0.0,
          0.0
        ],
        "y": [
          0.4308725563787703,
          -0.07838520247133873,
          -0.46960072687747356,
          0.27508370784056235,
          -0.2496705746780401,
          0.9238059471036424,
          0.030254975995698707,
          -0.7303835744448648,
          0.7385168435759382,
          0.29776927728386804,
          -0.9438988715400776,
          0.5825318999310134,
          -0.10333768866607684,
          0.38540746092491585,
          -0.8515402152348499,
          0.5891966227385592,
          -0.7981887701347099,
          0.37401323159521294,
          0.8905946364430857,
          0.8000372277116656
        ],
        "z": [
          1.0,
          1.0,
          1.0,
          1.0,
          1.0,
          1.0,
          1.0,
          1.0,
          1.0,
          1.0,
          1.0,
          1.0,
          1.0,
          1.0,
          1.0,
          1.0,
          1.0,
          1.0,
          1.0,
          1.0
        ]
      },
      "visible": [
        1
      ]
    }
  },
  "OBJECTS": {
    "AppleMesh05": {
      "meshpath": "mkturkfiles/scenebags/objectome3d/face/AppleMesh05_neutral.glb",
      "objectdoc": "HeadAppleMesh05Applefacepotatohead",
      "sizeInches": [
        0.3131354905682734,
        0.3083390967077666,
        0.275448994713213,
        0.2881834833352411,
        0.21800935559864323,
        0.3329915212381299,
        0.3276045033983358,
        0.3007309139275448,
        0.34435558454411486,
        0.2835123203936597,
        0.27775593736244353,
        0.3827235747675566,
        0.24762485084617508,
        0.22414042299400672,
        0.22499723634609767,
        0.22121122129656115,
        0.3827781872139339,
        0.28357756097105247,
        0.23948365308614408,
        0.2131250645969546
      ],
      "positionInches": {
        "x": [
          0.0,
          0.0,
          0.0,
          0.0,
          0.0,
          0.0,
          0.0,
          0.0,
          0.0,
          0.0,
          0.0,
          0.0,
          0.0,
          0.0,
          0.0,
          0.0,
          0.0,
          0.0,
          0.0,
          0.0
        ],
        "y": [
          0.0,
          0.0,
          0.0,
          0.0,
          0.0,
          0.0,
          0.0,
          0.0,
          0.0,
          0.0,
          0.0,
          0.0,
          0.0,
          0.0,
          0.0,
          0.0,
          0.0,
          0.0,
          0.0,
          0.0
        ],
        "z": [
          0.0,
          0.0,
          0.0,
          0.0,
          0.0,
          0.0,
          0.0,
          0.0,
          0.0,
          0.0,
          0.0,
          0.0,
          0.0,
          0.0,
          0.0,
          0.0,
          0.0,
          0.0,
          0.0,
          0.0
        ]
      },
      "rotationDegrees": {
        "x": [
          -19.700626961551844,
          -9.97306028320714,
          15.911876909511527,
          18.860035621894866,
          -27.68658807168344,
          -4.921241758471197,
          30.181157075578675,
          -13.45077911713912,
          5.504041847916412,
          -19.74808806116244,
          18.568526310054764,
          15.235167187164727,
          -7.72299284208016,
          25.19652772079251,
          -30.597359279878948,
          -18.94553051579679,
          -4.783128382743421,
          6.983373984619043,
          -10.535809440022902,
          -9.745460691382
        ],
        "y": [
          -82.12637177908762,
          -14.065752825714924,
          9.046957099397673,
          -41.912986804920614,
          47.197331156750735,
          -62.93404223659111,
          67.77500254623665,
          37.23625683447105,
          31.055323495311697,
          -14.04840968489232,
          6.90376925401597,
          38.51489825432414,
          -15.412842476629308,
          -20.63868557815192,
          -25.6803854118184,
          23.373953739671123,
          77.45837782101832,
          73.33480359326687,
          -31.01547849616341,
          -42.262869629508714
        ],
        "z": [
          0,
          0,
          0,
          0,
          0,
          0,
          0,
          0,
          0,
          0,
          0,
          0,
          0,
          0,
          0,
          0,
          0,
          0,
          0,
          0
        ]
      },
      "material": {
        "type": "MeshPhysicalMaterial",
        "color": "#7F7F7F",
        "metalness": 0.25,
        "roughness": 0.65,
        "reflectivity": 0.5,
        "opacity": [
          1
        ],
        "transparent": false
      },
      "visible": [
        1
      ]
    }
  },
  "IMAGES": {
    "imagebag": "/mkturkfiles/scenebags/objectome3d/background_im_flipped/",
    "imageidx": [
      156,
      1406,
      1448,
      1406,
      1424,
      156,
      427,
      188,
      16,
      463,
      16,
      463,
      188,
      1177,
      1448,
      427,
      1424,
      1448,
      298,
      156
    ],
    "sizeInches": [
      0.88
    ]
  },
  "OBJECTFILTERS": {
    "blur": [
      ""
    ],
    "brightness": [
      ""
    ],
    "contrast": [
      ""
    ],
    "grayscale": [
      ""
    ],
    "huerotate": [
      ""
    ],
    "invert": [
      "",
      "",
      "",
      "",
      "",
      "",
      "",
      "",
      "",
      "",
      "",
      "",
      "",
      "",
      "",
      "",
      "",
      "",
      "",
      ""
    ],
    "opacity": [
      ""
    ],
    "saturate": [
      ""
    ],
    "sepia": [
      ""
    ]
  },
  "IMAGEFILTERS": {
    "blur": [
      ""
    ],
    "brightness": [
      ""
    ],
    "contrast": [
      ""
    ],
    "grayscale": [
      ""
    ],
    "huerotate": [
      ""
    ],
    "invert": [
      ""
    ],
    "opacity": [
      ""
    ],
    "saturate": [
      ""
    ],
    "sepia": [
      ""
    ]
  },
  "durationMS": [
    200
  ]
}