{
  "CAMERAS": {
    "camera00": {
      "type": "PerspectiveCamera",
      "fieldOfView": 45,
      "near": 0.1,
      "far": 2000,
      "position": {
        "x": [
          0
        ],
        "y": [
          0
        ],
        "z": [
          10
        ]
      },
      "targetInches": {
        "x": [
          0
        ],
        "y": [
          0
        ],
        "z": [
          0
        ]
      },
      "visible": [
        1
      ]
    }
  },
  "LIGHTS": {
    "light00": {
      "type": "DirectionalLight",
      "color": "0xffffff",
      "intensity": [
        5
      ],
      "position": {
        "x": [
          0.0,
          0.0,
          0.0,
          0.0,
          0.0,
          0.0,
          0.0,
          0.0,
          0.0,
          0.0,
          0.0,
          0.0,
          0.0,
          0.0,
          0.0,
          0.0,
          0.0,
          0.0,
          0.0,
          0.0
        ],
        "y": [
          0.08923971522302643,
          0.3885130599164699,
          -0.4049271932451768,
          0.29673554268054825,
          -0.9393958976087171,
          -0.9542852094087813,
          -0.26545916722177587,
          -0.03862157968215629,
          0.6308747611188896,
          0.15939261998308818,
          0.38263129690214126,
          0.5183647320062876,
          0.9235267056290464,
          -0.9684832453356944,
          0.27559250043880734,
          -0.6666249350663735,
          0.964526504071235,
          -0.3927326583280968,
          0.5840654229055722,
          0.28131128053376364
        ],
        "z": [
          1.0,
          1.0,
          1.0,
          1.0,
          1.0,
          1.0,
          1.0,
          1.0,
          1.0,
          1.0,
          1.0,
          1.0,
          1.0,
          1.0,
          1.0,
          1.0,
          1.0,
          1.0,
          1.0,
          1.0
        ]
      },
      "visible": [
        1
      ]
    }
  },
  "OBJECTS": {
    "AppleMesh00": {
      "meshpath": "mkturkfiles/scenebags/objectome3d/face/AppleMesh00_surprise_4.glb",
      "objectdoc": "HeadAppleMesh00Applefacepotatohead",
      "sizeInches": [
        0.24230114709001763,
        0.38447205217037034,
        0.3021104439951846,
        0.3387738436022357,
        0.20586300477609196,
        0.2421989444564925,
        0.2521714411029541,
        0.23700616210932057,
        0.3921962499275361,
        0.2269897794316791,
        0.24963648161102478,
        0.20283379698345355,
        0.2579838714758374,
        0.21555995775730688,
        0.23293002199690946,
        0.3517828178157184,
        0.32826916628138836,
        0.36760795836014226,
        0.23519630576428996,
        0.24384223238246697
      ],
      "positionInches": {
        "x": [
          0.0,
          0.0,
          0.0,
          0.0,
          0.0,
          0.0,
          0.0,
          0.0,
          0.0,
          0.0,
          0.0,
          0.0,
          0.0,
          0.0,
          0.0,
          0.0,
          0.0,
          0.0,
          0.0,
          0.0
        ],
        "y": [
          0.0,
          0.0,
          0.0,
          0.0,
          0.0,
          0.0,
          0.0,
          0.0,
          0.0,
          0.0,
          0.0,
          0.0,
          0.0,
          0.0,
          0.0,
          0.0,
          0.0,
          0.0,
          0.0,
          0.0
        ],
        "z": [
          0.0,
          0.0,
          0.0,
          0.0,
          0.0,
          0.0,
          0.0,
          0.0,
          0.0,
          0.0,
          0.0,
          0.0,
          0.0,
          0.0,
          0.0,
          0.0,
          0.0,
          0.0,
          0.0,
          0.0
        ]
      },
      "rotationDegrees": {
        "x": [
          -3.597380608831905,
          38.378402670092775,
          19.553869218236485,
          -21.34558793896765,
          40.25321074376655,
          -34.81968641752937,
          25.22272237734149,
          -21.19184417650256,
          4.017282489202188,
          -11.194890610323064,
          7.559666747973267,
          -12.51572902080665,
          33.61137456158735,
          -33.38215668334688,
          -22.753083040544347,
          -37.09532060397453,
          31.41972051874962,
          36.69211576841298,
          -15.7868416865556,
          -28.095160385908375
        ],
        "y": [
          -35.87678776345956,
          22.957466276997636,
          -77.57310434310546,
          -35.64705367748041,
          63.59418409923863,
          49.09000748102311,
          -15.117023840240506,
          47.08058930793548,
          89.54394256699517,
          -67.40053425006414,
          75.07542284159312,
          68.50059725685112,
          -44.78315314886928,
          54.66723968136121,
          -7.078364578778306,
          35.09089514241796,
          -21.581651437495537,
          -53.42264814776256,
          -80.32093064180974,
          21.83520725691021
        ],
        "z": [
          0,
          0,
          0,
          0,
          0,
          0,
          0,
          0,
          0,
          0,
          0,
          0,
          0,
          0,
          0,
          0,
          0,
          0,
          0,
          0
        ]
      },
      "material": {
        "type": "MeshPhysicalMaterial",
        "color": "#7F7F7F",
        "metalness": 0.25,
        "roughness": 0.65,
        "reflectivity": 0.5,
        "opacity": [
          1
        ],
        "transparent": false
      },
      "visible": [
        1
      ]
    }
  },
  "IMAGES": {
    "imagebag": "/mkturkfiles/scenebags/objectome3d/background_im_flipped/",
    "imageidx": [
      16,
      16,
      1448,
      156,
      1177,
      156,
      1177,
      1424,
      188,
      1448,
      298,
      298,
      16,
      1424,
      427,
      1177,
      427,
      1448,
      427,
      427
    ],
    "sizeInches": [
      0.88
    ]
  },
  "OBJECTFILTERS": {
    "blur": [
      ""
    ],
    "brightness": [
      ""
    ],
    "contrast": [
      ""
    ],
    "grayscale": [
      ""
    ],
    "huerotate": [
      ""
    ],
    "invert": [
      "",
      "",
      "",
      "",
      "",
      "",
      "",
      "",
      "",
      "",
      "",
      "",
      "",
      "",
      "",
      "",
      "",
      "",
      "",
      ""
    ],
    "opacity": [
      ""
    ],
    "saturate": [
      ""
    ],
    "sepia": [
      ""
    ]
  },
  "IMAGEFILTERS": {
    "blur": [
      ""
    ],
    "brightness": [
      ""
    ],
    "contrast": [
      ""
    ],
    "grayscale": [
      ""
    ],
    "huerotate": [
      ""
    ],
    "invert": [
      ""
    ],
    "opacity": [
      ""
    ],
    "saturate": [
      ""
    ],
    "sepia": [
      ""
    ]
  },
  "durationMS": [
    200
  ]
}