{
  "CAMERAS": {
    "camera00": {
      "type": "PerspectiveCamera",
      "fieldOfView": 45,
      "near": 0.1,
      "far": 2000,
      "position": {
        "x": [
          0
        ],
        "y": [
          0
        ],
        "z": [
          10
        ]
      },
      "targetInches": {
        "x": [
          0
        ],
        "y": [
          0
        ],
        "z": [
          0
        ]
      },
      "visible": [
        1
      ]
    }
  },
  "LIGHTS": {
    "light00": {
      "type": "DirectionalLight",
      "color": "0xffffff",
      "intensity": [
        5
      ],
      "position": {
        "x": [
          0
        ],
        "y": [
          1,
          1,
          1,
          1,
          1,
          1,
          1,
          1,
          1,
          1,
          1,
          1,
          1,
          1,
          1,
          1,
          1,
          1,
          1,
          1,
          1,
          1,
          1,
          1,
          1,
          1,
          1,
          1,
          1,
          1,
          1,
          1,
          1,
          1,
          1,
          1,
          1,
          1,
          1,
          1,
          1,
          1,
          1,
          1,
          1,
          1,
          1,
          1,
          1,
          1
        ],
        "z": [
          1
        ]
      },
      "visible": [
        1
      ]
    }
  },
  "OBJECTS": {
    "elias_neutral": {
      "meshpath": "/mkturkfiles/scenebags/objectome3d/face/Younah_disgust_4.glb",
      "objectdoc": "HeadEliasApplefacepotatohead",
      "sizeTHREEJS": [
        0.5060133307352561,
        0.5367699554796448,
        0.4323238396864192,
        0.6571513999879066,
        0.5834856955898267,
        0.6921636227494403,
        0.48818977928644214,
        0.6004379713573976,
        0.5417269294565963,
        0.5270900220338509,
        0.7586133566432458,
        0.7103471241628303,
        0.592817392583787,
        0.5728376787257661,
        0.4572758895535671,
        0.42605972441347306,
        0.5932630755441712,
        0.42826759315230495,
        0.7316332743165765,
        0.6222415795012299,
        0.5681742923911834,
        0.7243534907045466,
        0.6099011831473273,
        0.449542286798317,
        0.43288907685537253,
        0.7199269925445763,
        0.7414469018799656,
        0.630672486359017,
        0.6212221350580774,
        0.5560833797630854,
        0.538955556467329,
        0.47865321023298735,
        0.451347147246979,
        0.6045510251165944,
        0.5573965957711559,
        0.3701715080474598,
        0.6021106854204874,
        0.37985345413069416,
        0.370565541125797,
        0.4359093915395579,
        0.45768196715272685,
        0.4510159731484756,
        0.6586267214066469,
        0.45134843071100705,
        0.5339657167711938,
        0.4302829496612121,
        0.3705192122560446,
        0.3851725509986733,
        0.5150305624355069,
        0.3939306715168726
      ],
      "positionTHREEJS": {
        "x": [
          0
        ],
        "y": [
          0
        ],
        "z": [
          0
        ]
      },
      "rotationDegrees": {
        "x": [
          25.516909575513466,
          22.883553588564553,
          21.44873950869537,
          23.136014084544527,
          -33.847501982065154,
          0.43914238475798584,
          9.980000063025855,
          6.31242336536873,
          39.51406799777381,
          7.96005092896867,
          -11.6195194046742,
          23.122957776701853,
          -11.351502358072182,
          14.095933386654288,
          -33.75799364282104,
          11.314939462862412,
          18.676751441536872,
          -28.15748326441966,
          -23.261573267139887,
          32.118795769796805,
          4.700949524335726,
          24.40304201774792,
          -4.1051320372794535,
          39.97253103108896,
          -25.61948378376549,
          13.32148720380362,
          -26.710658289885284,
          5.666490529859139,
          3.378710446755811,
          -35.566170445386575,
          37.41238619541873,
          -29.291439942699736,
          4.642913749449647,
          39.9143087206521,
          -33.09629974394992,
          2.9677851403577336,
          3.330754842341527,
          -44.1042577362211,
          0.3820322263206961,
          -36.873377909438,
          -16.733396500099104,
          -22.768899778809356,
          23.889020482522355,
          3.394345774816479,
          -16.711325213421198,
          -32.95479828344236,
          -2.1870395605883033,
          -14.951461584680843,
          42.65581531502254,
          -5.97764101799963
        ],
        "y": [
          88.61749481049594,
          -19.146497342681513,
          -67.30623083785127,
          16.53418875820188,
          31.520678372862122,
          79.494288525835,
          -21.369024997456265,
          13.824859772047418,
          -75.61517013672447,
          -28.007000348030168,
          2.996338182401942,
          -80.2882644148174,
          73.27017294647115,
          -49.176543119186206,
          25.140212123945062,
          -37.44390210245111,
          -48.34548226170153,
          -71.8228294371022,
          -54.36088464328629,
          -21.201855896744604,
          35.31578982514503,
          52.87896208747239,
          86.10670229603855,
          -68.7677505553179,
          -27.901163600477318,
          61.188826843632285,
          14.74172612838585,
          -0.48709002239668564,
          -57.15749442902397,
          -68.7858974151386,
          -79.07055452825836,
          -67.09635021346756,
          72.49657845976256,
          73.60085390339165,
          -5.918566317124757,
          -37.83821797415481,
          9.77300929116221,
          62.67906480199008,
          85.12508298220419,
          20.495165520050094,
          -18.173794575704022,
          4.485773888250435,
          -8.592291315941083,
          17.114195781521417,
          38.900211943535055,
          -84.44789222416398,
          -57.47361176353918,
          -2.934501388049739,
          -76.2801569796772,
          8.299316072266805
        ],
        "z": [
          0,
          0,
          0,
          0,
          0,
          0,
          0,
          0,
          0,
          0,
          0,
          0,
          0,
          0,
          0,
          0,
          0,
          0,
          0,
          0,
          0,
          0,
          0,
          0,
          0,
          0,
          0,
          0,
          0,
          0,
          0,
          0,
          0,
          0,
          0,
          0,
          0,
          0,
          0,
          0,
          0,
          0,
          0,
          0,
          0,
          0,
          0,
          0,
          0,
          0
        ]
      },
      "material": {
        "type": "MeshPhysicalMaterial",
        "color": "#7F7F7F",
        "metalness": 0.25,
        "roughness": 0.65,
        "reflectivity": 0.5,
        "opacity": [
          1
        ],
        "transparent": false
      },
      "visible": [
        1
      ]
    }
  },
  "IMAGES": {
    "imagebag": "/mkturkfiles/scenebags/objectome3d/background_im_flipped/",
    "imageidx": [
      16,
      298,
      156,
      1424,
      188,
      298,
      188,
      298,
      188,
      463,
      463,
      1424,
      156,
      298,
      1177,
      1424,
      427,
      1424,
      1406,
      188,
      427,
      1448,
      463,
      1406,
      16,
      1424,
      1448,
      1177,
      1177,
      16,
      156,
      298,
      463,
      1406,
      16,
      1406,
      188,
      1448,
      1448,
      463,
      16,
      1448,
      1406,
      427,
      156,
      1177,
      156,
      427,
      1177,
      427
    ],
    "sizeTHREEJS": [
      1.61
    ]
  },
  "OBJECTFILTERS": {
    "blur": [
      ""
    ],