{
  "CAMERAS": {
    "camera00": {
      "type": "PerspectiveCamera",
      "fieldOfView": 45,
      "near": 0.1,
      "far": 2000,
      "position": {
        "x": [
          0
        ],
        "y": [
          0
        ],
        "z": [
          10
        ]
      },
      "targetInches": {
        "x": [
          0
        ],
        "y": [
          0
        ],
        "z": [
          0
        ]
      },
      "visible": [
        1
      ]
    }
  },
  "LIGHTS": {
    "light00": {
      "type": "DirectionalLight",
      "color": "0xffffff",
      "intensity": [
        5
      ],
      "position": {
        "x": [
          0
        ],
        "y": [
          1,
          1,
          1,
          1,
          1,
          1,
          1,
          1,
          1,
          1,
          1,
          1,
          1,
          1,
          1,
          1,
          1,
          1,
          1,
          1,
          1,
          1,
          1,
          1,
          1,
          1,
          1,
          1,
          1,
          1,
          1,
          1,
          1,
          1,
          1,
          1,
          1,
          1,
          1,
          1,
          1,
          1,
          1,
          1,
          1,
          1,
          1,
          1,
          1,
          1
        ],
        "z": [
          1
        ]
      },
      "visible": [
        1
      ]
    }
  },
  "OBJECTS": {
    "elias_neutral": {
      "meshpath": "/mkturkfiles/scenebags/objectome3d/face/Kedar_surprise_4.glb",
      "objectdoc": "HeadEliasApplefacepotatohead",
      "sizeTHREEJS": [
        0.4276574879622175,
        0.4352905782302398,
        0.3962643725986794,
        0.5574609728402112,
        0.7015868339821014,
        0.4793333303263516,
        0.5509700862647912,
        0.4886324772675157,
        0.6070407409046552,
        0.5838664729029868,
        0.43426014023834525,
        0.5984048365545755,
        0.5372000670926808,
        0.5549581344049008,
        0.5642893409654511,
        0.6865241207725215,
        0.5215868129076046,
        0.7076338147027195,
        0.7129367973794172,
        0.6462099570174713,
        0.5888774559605657,
        0.40818995916794737,
        0.5126249033896713,
        0.5833361146221885,
        0.7348207590609293,
        0.5673461048572656,
        0.7358320689108935,
        0.45966666024299807,
        0.4219845002599066,
        0.42516670114807653,
        0.6962028316939051,
        0.6763453935827557,
        0.43298941179116235,
        0.7032191065161155,
        0.530060727860945,
        0.4981859201670905,
        0.6551822579028126,
        0.4254330080264869,
        0.5064179023608739,
        0.7487255760700937,
        0.5059558457504001,
        0.7617283253206455,
        0.6916488532431794,
        0.5966263668696171,
        0.672295461404669,
        0.5053442627862396,
        0.7252910238118708,
        0.5206797146825495,
        0.7338941489135877,
        0.37890173800708016
      ],
      "positionTHREEJS": {
        "x": [
          0
        ],
        "y": [
          0
        ],
        "z": [
          0
        ]
      },
      "rotationDegrees": {
        "x": [
          14.80390266006841,
          37.535098732838364,
          43.99939791447662,
          -23.940264832884854,
          22.39078948298271,
          -0.23684801946055245,
          39.92674836432755,
          36.597099127132694,
          -1.1311866038445686,
          -9.518781193899194,
          -29.011524477195834,
          -14.533102485987762,
          -12.737967266450354,
          -43.30325825277091,
          -1.4267860439151292,
          17.259543424682512,
          13.606673371908698,
          15.73228067358206,
          -31.048063642185788,
          -20.14749585953036,
          -32.532788664721814,
          -19.381998858971347,
          16.601392421442952,
          -1.7081309039335437,
          7.040840134221206,
          36.13681099209147,
          -22.099920629728164,
          21.700878205040638,
          -19.367874523086275,
          -21.849141120714005,
          -40.31835153147459,
          25.721035443266672,
          18.16758449021013,
          -27.95319297151407,
          -29.83380477832515,
          6.999405721675423,
          -28.52499429850095,
          22.64828461319739,
          -17.772929567527754,
          15.216082301079602,
          -38.34134643909753,
          -3.6795464486631175,
          -33.54851127645229,
          15.351653967193194,
          27.219297612958442,
          -30.60219047810578,
          37.33387095362228,
          -35.64745259329361,
          -26.311655619953964,
          -25.767237053243896
        ],
        "y": [
          55.526825591615676,
          -37.62529928760766,
          26.78927791759955,
          -45.8300975655708,
          10.300926054583613,
          88.7997287622517,
          60.32095210644317,
          62.89140528262948,
          38.30019115949699,
          -78.64776556639562,
          -52.769621054281316,
          88.78912637946124,
          22.8578936294396,
          77.951603950032,
          27.38735465389813,
          -74.2516731416384,
          16.220506422707416,
          -22.287827139869478,
          -70.1140027672791,
          81.07969131538769,
          9.61334114170721,
          -42.96996343709041,
          -55.27787618181956,
          -34.60737498243696,
          70.2456812477541,
          -17.596653730763492,
          11.38438427662993,
          32.772166544698806,
          -26.103821640644142,
          -52.26699436681347,
          -47.56940057042146,
          45.57048986851126,
          11.365502012388546,
          -75.41264163364733,
          -37.26873678614116,
          -36.826915094643226,
          -87.41201884775398,
          31.72438957202472,
          54.16567308681377,
          -22.650799053962984,
          27.301133873217495,
          15.842663020078334,
          -59.72497716482209,
          -38.525934915182,
          -65.91393900741475,
          -75.11795876833006,
          -57.50551696609414,
          -66.95064005778354,
          -15.3001237242743,
          -84.5565979790885
        ],
        "z": [
          0,
          0,
          0,
          0,
          0,
          0,
          0,
          0,
          0,
          0,
          0,
          0,
          0,
          0,
          0,
          0,
          0,
          0,
          0,
          0,
          0,
          0,
          0,
          0,
          0,
          0,
          0,
          0,
          0,
          0,
          0,
          0,
          0,
          0,
          0,
          0,
          0,
          0,
          0,
          0,
          0,
          0,
          0,
          0,
          0,
          0,
          0,
          0,
          0,
          0
        ]
      },
      "material": {
        "type": "MeshPhysicalMaterial",
        "color": "#7F7F7F",
        "metalness": 0.25,
        "roughness": 0.65,
        "reflectivity": 0.5,
        "opacity": [
          1
        ],
        "transparent": false
      },
      "visible": [
        1
      ]
    }
  },
  "IMAGES": {
    "imagebag": "/mkturkfiles/scenebags/objectome3d/background_im_flipped/",
    "imageidx": [
      1424,
      156,
      1177,
      427,
      16,
      1424,
      1424,
      1448,
      427,
      1406,
      188,
      156,
      463,
      427,
      1406,
      1448,
      188,
      1177,
      1448,
      298,
      1448,
      427,
      188,
      298,
      1406,
      298,
      298,
      427,
      16,
      463,
      188,
      1406,
      156,
      156,
      16,
      463,
      1177,
      16,
      1424,
      298,
      1424,
      1406,
      1448,
      1177,
      16,
      156,
      463,
      463,
      1177,
      188
    ],
    "sizeTHREEJS": [
      1.61
    ]
  },