{
  "CAMERAS": {
    "camera00": {
      "type": "PerspectiveCamera",
      "fieldOfView": 45,
      "near": 0.1,
      "far": 2000,
      "position": {
        "x": [
          0
        ],
        "y": [
          0
        ],
        "z": [
          10
        ]
      },
      "targetInches": {
        "x": [
          0
        ],
        "y": [
          0
        ],
        "z": [
          0
        ]
      },
      "visible": [
        1
      ]
    }
  },
  "LIGHTS": {
    "light00": {
      "type": "DirectionalLight",
      "color": "0xffffff",
      "intensity": [
        5
      ],
      "position": {
        "x": [
          0
        ],
        "y": [
          1,
          1,
          1,
          1,
          1,
          1,
          1,
          1,
          1,
          1,
          1,
          1,
          1,
          1,
          1,
          1,
          1,
          1,
          1,
          1,
          1,
          1,
          1,
          1,
          1,
          1,
          1,
          1,
          1,
          1,
          1,
          1,
          1,
          1,
          1,
          1,
          1,
          1,
          1,
          1,
          1,
          1,
          1,
          1,
          1,
          1,
          1,
          1,
          1,
          1
        ],
        "z": [
          1
        ]
      },
      "visible": [
        1
      ]
    }
  },
  "OBJECTS": {
    "elias_neutral": {
      "meshpath": "/mkturkfiles/scenebags/objectome3d/face/Dan_disgust_4.glb",
      "objectdoc": "HeadEliasApplefacepotatohead",
      "sizeTHREEJS": [
        0.6391296348101594,
        0.7152137167355539,
        0.4498736118089976,
        0.7647905459695309,
        0.5196068614872625,
        0.48650302897744996,
        0.5389318820042928,
        0.6224465471430243,
        0.495790702727119,
        0.6739499658284356,
        0.686538480668488,
        0.6760912293074204,
        0.7576367114662327,
        0.3712390842106228,
        0.6265481355392097,
        0.6233626848469997,
        0.45624664104359725,
        0.5326867407369605,
        0.5482773998796316,
        0.7176156898542281,
        0.4838489360592787,
        0.7199185121547929,
        0.528158565239518,
        0.6927639375518571,
        0.75608875928702,
        0.4956883624672925,
        0.49394083085033536,
        0.40763280317476847,
        0.7553901253038611,
        0.5214162174018162,
        0.5232973434041921,
        0.5722371227772248,
        0.4020735708528831,
        0.6634453220697683,
        0.507558803273392,
        0.44926296740551486,
        0.5421869039907892,
        0.3917984257370798,
        0.6306028782148325,
        0.5034750242927191,
        0.6324253855273421,
        0.6879628559902615,
        0.7585680041386955,
        0.7378795494485262,
        0.7440083744277651,
        0.39298143626771864,
        0.6374008855540618,
        0.6270265833572686,
        0.42206628947938,
        0.40488479534761934
      ],
      "positionTHREEJS": {
        "x": [
          0
        ],
        "y": [
          0
        ],
        "z": [
          0
        ]
      },
      "rotationDegrees": {
        "x": [
          41.7111405214099,
          -23.691240886028954,
          13.95141723046219,
          36.64618854096098,
          -20.820646165148013,
          33.812810935723064,
          35.02233187504319,
          23.698870194649132,
          32.02744616568468,
          38.72248244010294,
          -38.91879388228339,
          -24.405448617527636,
          -5.975528190510616,
          32.30430362946886,
          20.834815595512538,
          -32.38399166444138,
          -35.93628170409434,
          -4.31299113154116,
          3.8267676389912353,
          -1.838646734311645,
          -3.2518379738796526,
          -8.308522176786184,
          18.435811091877092,
          9.015252465655806,
          14.219788350972422,
          12.438075014558514,
          36.085815546844174,
          -37.60480801074051,
          -6.918819802116836,
          -7.131121221180436,
          -29.516296504134857,
          -18.868791029613547,
          1.8591689815509085,
          -22.88480569710579,
          7.847793201668004,
          -0.03236076728356352,
          3.52791483273721,
          -18.5221210756781,
          -6.200038060614091,
          16.895576623524576,
          -34.553701810028684,
          3.8524866110185485,
          -18.054161970570256,
          4.782818943154503,
          21.666802459491294,
          -22.16288474162041,
          41.58216183357868,
          23.82988408508028,
          3.2990663397639324,
          1.017277325392115
        ],
        "y": [
          -84.94401394354547,
          -27.594931102405894,
          33.810026533171836,
          -57.92938889357383,
          -44.06226388388018,
          -74.70400217646754,
          -82.25463429004172,
          -32.11490426895451,
          88.4799199018116,
          21.794638462338412,
          86.03998557422551,
          50.91967622844649,
          41.81606899301107,
          21.110234867496118,
          1.6217470754083791,
          54.650748415150304,
          66.25310517436611,
          72.4980256076428,
          64.31664409946919,
          -56.5285705826651,
          -15.270163702956324,
          45.6079814621331,
          41.75074136262961,
          -62.0313062495788,
          -86.07683797797502,
          67.92792962659234,
          -65.17638709986826,
          -75.5091235356628,
          68.26754154272234,
          10.129044645982106,
          72.73544523587384,
          -56.04619702086261,
          -16.982991215274538,
          -24.232093367219548,
          -49.81237187380628,
          -38.5888550086454,
          -64.3592713035672,
          -71.47171761961624,
          2.8329120011694187,
          52.73218468406165,
          82.21146972474091,
          80.06940547085136,
          -70.4955244191495,
          7.96794566134858,
          44.35874756857277,
          -39.21765273464088,
          80.25867484439502,
          -62.51263019305473,
          -42.80811998407383,
          46.22881352691917
        ],
        "z": [
          0,
          0,
          0,
          0,
          0,
          0,
          0,
          0,
          0,
          0,
          0,
          0,
          0,
          0,
          0,
          0,
          0,
          0,
          0,
          0,
          0,
          0,
          0,
          0,
          0,
          0,
          0,
          0,
          0,
          0,
          0,
          0,
          0,
          0,
          0,
          0,
          0,
          0,
          0,
          0,
          0,
          0,
          0,
          0,
          0,
          0,
          0,
          0,
          0,
          0
        ]
      },
      "material": {
        "type": "MeshPhysicalMaterial",
        "color": "#7F7F7F",
        "metalness": 0.25,
        "roughness": 0.65,
        "reflectivity": 0.5,
        "opacity": [
          1
        ],
        "transparent": false
      },
      "visible": [
        1
      ]
    }
  },
  "IMAGES": {
    "imagebag": "/mkturkfiles/scenebags/objectome3d/background_im_flipped/",
    "imageidx": [
      1177,
      16,
      188,
      156,
      1177,
      298,
      1424,
      16,
      1424,
      1448,
      298,
      1448,
      156,
      1177,
      463,
      1406,
      427,
      188,
      463,
      156,
      1424,
      1406,
      298,
      188,
      16,
      1406,
      427,
      1406,
      1406,
      463,
      1177,
      298,
      1448,
      16,
      1448,
      156,
      427,
      188,
      1448,
      1424,
      463,
      463,
      427,
      1177,
      188,
      156,
      1424,
      16,
      427,
      298
    ],
    "sizeTHREEJS": [
      1.61
    ]
  },
  "OBJECTFILTERS": {
    "blur": [
      ""
    ],