{
  "CAMERAS": {
    "camera00": {
      "type": "PerspectiveCamera",
      "fieldOfView": 45,
      "near": 0.1,
      "far": 2000,
      "position": {
        "x": [
          0
        ],
        "y": [
          0
        ],
        "z": [
          10
        ]
      },
      "targetInches": {
        "x": [
          0
        ],
        "y": [
          0
        ],
        "z": [
          0
        ]
      },
      "visible": [
        1
      ]
    }
  },
  "LIGHTS": {
    "light00": {
      "type": "DirectionalLight",
      "color": "0xffffff",
      "intensity": [
        5
      ],
      "position": {
        "x": [
          0
        ],
        "y": [
          1,
          1,
          1,
          1,
          1,
          1,
          1,
          1,
          1,
          1,
          1,
          1,
          1,
          1,
          1,
          1,
          1,
          1,
          1,
          1,
          1,
          1,
          1,
          1,
          1,
          1,
          1,
          1,
          1,
          1,
          1,
          1,
          1,
          1,
          1,
          1,
          1,
          1,
          1,
          1,
          1,
          1,
          1,
          1,
          1,
          1,
          1,
          1,
          1,
          1
        ],
        "z": [
          1
        ]
      },
      "visible": [
        1
      ]
    }
  },
  "OBJECTS": {
    "elias_neutral": {
      "meshpath": "/mkturkfiles/scenebags/objectome3d/face/Seojin_fear_4.glb",
      "objectdoc": "HeadEliasApplefacepotatohead",
      "sizeTHREEJS": [
        0.4142078344972403,
        0.40296401262438386,
        0.5430397436605483,
        0.4509546991301765,
        0.38759641155319874,
        0.3933188731253747,
        0.4600740056641192,
        0.6428270271962723,
        0.42628917166685504,
        0.5921739737605584,
        0.46360515749884135,
        0.6348815839425095,
        0.6705814134035644,
        0.7373582512759531,
        0.5116196902711218,
        0.7318597523821393,
        0.5222426642925351,
        0.671909403358759,
        0.6480782787657651,
        0.7589108089149681,
        0.7307893247316166,
        0.6092508468910556,
        0.6178757664225187,
        0.48763736875325703,
        0.6183834249648201,
        0.573610936768168,
        0.4715796897802912,
        0.3894522209927383,
        0.7206271757767666,
        0.6711491832765195,
        0.5472857720096618,
        0.5183180424113438,
        0.5413852235932077,
        0.5918042065157362,
        0.7173945645995408,
        0.4869558066183963,
        0.5376542186438977,
        0.5752807772220154,
        0.7217431257759055,
        0.7163688045198378,
        0.403627023204343,
        0.48293714263959336,
        0.5690586671638702,
        0.5574411281571445,
        0.526647393152923,
        0.6895589979264475,
        0.6343238617573146,
        0.6253021367757844,
        0.5298655852858525,
        0.6697594718517423
      ],
      "positionTHREEJS": {
        "x": [
          0
        ],
        "y": [
          0
        ],
        "z": [
          0
        ]
      },
      "rotationDegrees": {
        "x": [
          -37.27211838102922,
          -35.775278400905876,
          11.832634119007501,
          18.725814500410834,
          29.903116669089712,
          41.375712552707185,
          -19.504546719117364,
          41.80006602143304,
          -42.23356218142,
          35.63264397981429,
          43.25110652598018,
          31.17093473851756,
          10.305666488854207,
          -30.703668737544174,
          -16.58139931972304,
          -28.043305226715745,
          10.334567874156285,
          29.916346161444892,
          22.56257780574623,
          -17.19514091931064,
          35.31840709830847,
          -37.584375183428484,
          -35.54849137001001,
          18.92804222666922,
          25.697239492826256,
          -15.720654526706582,
          17.442219046456408,
          4.046542733103884,
          11.059226496073222,
          -14.970415153769792,
          -2.9813584443380066,
          -29.088064632924926,
          28.41523636934194,
          23.11357064173096,
          -34.62681020425134,
          8.680922632553084,
          28.620265816088192,
          12.93116373689881,
          -35.665303559920886,
          -11.96820093868515,
          -30.070626437053992,
          -8.88348108167262,
          39.86258431609187,
          -41.17594990328175,
          -28.99777405866781,
          -40.86998005109993,
          28.05541559752207,
          -10.681171430230577,
          -0.19186841167413604,
          10.124341386294411
        ],
        "y": [
          -13.661200456950965,
          -85.63214239755455,
          2.5520839678934237,
          -2.979645057359974,
          9.349597968143101,
          36.71238616713313,
          81.77892230906912,
          74.1041652248698,
          -35.97078490854951,
          46.422731246284,
          65.71998133513611,
          -89.21360187351436,
          -60.3891335397229,
          -51.838910981832164,
          66.49359306647713,
          84.96631376912052,
          57.0240822871792,
          -75.69359837331191,
          0.8684185039146683,
          37.2270691207532,
          29.740340271521063,
          0.6670377940777996,
          -50.72457411836062,
          -37.180747601965884,
          -41.9537378253726,
          -70.95048631646821,
          9.352126971933728,
          79.54846902524292,
          27.877004828463896,
          -1.1202608732886148,
          -0.5020511171375972,
          -55.45689942613878,
          55.90973223183002,
          -31.48615529518677,
          43.42142976473005,
          50.37289540963002,
          71.49672779466769,
          -55.24740355513353,
          -33.22367653255358,
          -81.27623583883314,
          36.60054241949514,
          69.29124256237591,
          -50.335859298132526,
          -24.80817593559874,
          41.532292903712545,
          -48.20271586512765,
          62.98291959164544,
          47.13602743923272,
          -34.35120624734782,
          -25.51753061932871
        ],
        "z": [
          0,
          0,
          0,
          0,
          0,
          0,
          0,
          0,
          0,
          0,
          0,
          0,
          0,
          0,
          0,
          0,
          0,
          0,
          0,
          0,
          0,
          0,
          0,
          0,
          0,
          0,
          0,
          0,
          0,
          0,
          0,
          0,
          0,
          0,
          0,
          0,
          0,
          0,
          0,
          0,
          0,
          0,
          0,
          0,
          0,
          0,
          0,
          0,
          0,
          0
        ]
      },
      "material": {
        "type": "MeshPhysicalMaterial",
        "color": "#7F7F7F",
        "metalness": 0.25,
        "roughness": 0.65,
        "reflectivity": 0.5,
        "opacity": [
          1
        ],
        "transparent": false
      },
      "visible": [
        1
      ]
    }
  },
  "IMAGES": {
    "imagebag": "/mkturkfiles/scenebags/objectome3d/background_im_flipped/",
    "imageidx": [
      1177,
      188,
      156,
      1424,
      1448,
      463,
      427,
      188,
      188,
      427,
      1177,
      463,
      156,
      463,
      1424,
      298,
      1177,
      188,
      16,
      1406,
      427,
      427,
      1448,
      463,
      298,
      156,
      156,
      298,
      1448,
      1424,
      1448,
      427,
      1406,
      16,
      1424,
      463,
      188,
      156,
      298,
      1406,
      1406,
      16,
      1406,
      1177,
      298,
      1424,
      1177,
      1448,
      16,
      16
    ],
    "sizeTHREEJS": [
      1.61
    ]
  },
  "OBJECTFILTERS": {
    "blur": [
      ""
    ],