{
  "CAMERAS": {
    "camera00": {
      "type": "PerspectiveCamera",
      "fieldOfView": 45,
      "near": 0.1,
      "far": 2000,
      "position": {
        "x": [
          0
        ],
        "y": [
          0
        ],
        "z": [
          10
        ]
      },
      "targetInches": {
        "x": [
          0
        ],
        "y": [
          0
        ],
        "z": [
          0
        ]
      },
      "visible": [
        1
      ]
    }
  },
  "LIGHTS": {
    "light00": {
      "type": "DirectionalLight",
      "color": "0xffffff",
      "intensity": [
        5
      ],
      "position": {
        "x": [
          0
        ],
        "y": [
          1,
          1,
          1,
          1,
          1,
          1,
          1,
          1,
          1,
          1,
          1,
          1,
          1,
          1,
          1,
          1,
          1,
          1,
          1,
          1,
          1,
          1,
          1,
          1,
          1,
          1,
          1,
          1,
          1,
          1,
          1,
          1,
          1,
          1,
          1,
          1,
          1,
          1,
          1,
          1,
          1,
          1,
          1,
          1,
          1,
          1,
          1,
          1,
          1,
          1
        ],
        "z": [
          1
        ]
      },
      "visible": [
        1
      ]
    }
  },
  "OBJECTS": {
    "elias_neutral": {
      "meshpath": "/mkturkfiles/scenebags/objectome3d/face/Neptune_anger_4.glb",
      "objectdoc": "HeadEliasApplefacepotatohead",
      "sizeTHREEJS": [
        0.48341379175334875,
        0.7640591879193662,
        0.3789709468645631,
        0.582835095107984,
        0.553746511163877,
        0.39848419756281717,
        0.3748530663985189,
        0.585532342613195,
        0.5682896522629132,
        0.5378797212978539,
        0.7154418386675756,
        0.41115154249284735,
        0.6107701872708018,
        0.5919409021287447,
        0.5471775986518009,
        0.48059740961561037,
        0.4453845407268106,
        0.6345974161247524,
        0.6437350343379546,
        0.5488929281124535,
        0.5317241604662619,
        0.4452801464758438,
        0.5284676594126734,
        0.5663327181329795,
        0.5593583517942617,
        0.6647255511381354,
        0.6228299235952186,
        0.61039665178297,
        0.44440828032595525,
        0.5375584340822567,
        0.42158788708867223,
        0.7396398850168926,
        0.6546598601185369,
        0.5430112422248382,
        0.6527180129417309,
        0.6127491134479872,
        0.6544545260850974,
        0.7094646236537157,
        0.5704207504772507,
        0.6213805828309972,
        0.4128295520735126,
        0.7306414240513512,
        0.3722182746350591,
        0.43323220568973697,
        0.4449836014366952,
        0.630432070916948,
        0.6144189057631384,
        0.5237340304443152,
        0.5355036066639818,
        0.6704603099807064
      ],
      "positionTHREEJS": {
        "x": [
          0
        ],
        "y": [
          0
        ],
        "z": [
          0
        ]
      },
      "rotationDegrees": {
        "x": [
          -18.462671048886232,
          -35.362468413468605,
          -34.097779575724076,
          14.650645357926408,
          36.63383536152854,
          -6.105581449589955,
          7.389580094600888,
          -16.907228183287796,
          -2.343794621389108,
          -40.51878177857525,
          0.9865434671073388,
          22.128878591877466,
          1.216457933026824,
          14.59315359403223,
          -22.772367359595318,
          27.861389953572612,
          -15.420948051278561,
          -19.561533696813235,
          2.286122943988957,
          23.49936417849011,
          -0.44928461979722556,
          9.871044605946246,
          -1.0992535411065063,
          -12.719787415135187,
          40.17540567048749,
          -24.513775348335592,
          10.672355253108393,
          -27.557311286445806,
          -5.460006646104048,
          11.341538312752412,
          38.474209718814436,
          -10.277193164072848,
          29.227358638180306,
          7.272081161477246,
          35.416366187389755,
          5.10699943576229,
          -26.861313601982097,
          14.505819805485565,
          28.05417780154953,
          36.298488043150925,
          -13.379551834972744,
          4.566215550027067,
          -32.792340721075846,
          38.60565004869764,
          28.906689428388873,
          43.80479836737723,
          40.57472963430851,
          4.712979786881824,
          35.58238755150499,
          44.642723064221215
        ],
        "y": [
          39.99626107741372,
          -61.42996576581943,
          -61.18592208502555,
          74.74298251459169,
          60.00569942516404,
          29.293149376708158,
          55.88447436712161,
          -62.34462749530609,
          12.710466797387,
          17.83742324100467,
          -11.11672155286368,
          87.05149014104123,
          -86.84075834588563,
          83.89184945756381,
          -62.6587473690025,
          -46.578741795100015,
          -75.68221193258205,
          -77.88710170653216,
          -32.345171017957504,
          -33.38977965462569,
          -70.95629781035703,
          -17.60505862693502,
          52.01787179200417,
          -76.32772120924072,
          -62.46024637764278,
          51.322597616515594,
          -76.46717985502758,
          3.5817277214406715,
          -84.88133616636976,
          -46.19169962835254,
          -80.22660090712472,
          -79.83299355693366,
          23.034358384277738,
          -28.26963243251918,
          0.8906058201280445,
          -56.26468516961705,
          5.261286675211878,
          45.939001051594346,
          -65.05457891047189,
          13.274148498358784,
          -32.690280012548556,
          -36.58501822996063,
          57.07480744595051,
          54.970605494616365,
          29.0120139622655,
          -14.324453421228412,
          -81.50663983017216,
          -63.781567357223295,
          -14.010699056682313,
          86.79729179765684
        ],
        "z": [
          0,
          0,
          0,
          0,
          0,
          0,
          0,
          0,
          0,
          0,
          0,
          0,
          0,
          0,
          0,
          0,
          0,
          0,
          0,
          0,
          0,
          0,
          0,
          0,
          0,
          0,
          0,
          0,
          0,
          0,
          0,
          0,
          0,
          0,
          0,
          0,
          0,
          0,
          0,
          0,
          0,
          0,
          0,
          0,
          0,
          0,
          0,
          0,
          0,
          0
        ]
      },
      "material": {
        "type": "MeshPhysicalMaterial",
        "color": "#7F7F7F",
        "metalness": 0.25,
        "roughness": 0.65,
        "reflectivity": 0.5,
        "opacity": [
          1
        ],
        "transparent": false
      },
      "visible": [
        1
      ]
    }
  },
  "IMAGES": {
    "imagebag": "/mkturkfiles/scenebags/objectome3d/background_im_flipped/",
    "imageidx": [
      298,
      1177,
      1177,
      1424,
      16,
      427,
      1424,
      1177,
      427,
      16,
      1406,
      463,
      156,
      1424,
      1448,
      1406,
      1448,
      463,
      188,
      1177,
      188,
      463,
      16,
      427,
      188,
      1424,
      1406,
      1177,
      16,
      463,
      463,
      1406,
      1406,
      188,
      156,
      298,
      156,
      427,
      16,
      156,
      427,
      188,
      1448,
      1424,
      1448,
      298,
      298,
      298,
      1448,
      156
    ],
    "sizeTHREEJS": [
      1.61
    ]
  },