{
  "CAMERAS": {
    "camera00": {
      "type": "PerspectiveCamera",
      "fieldOfView": 45,
      "near": 0.1,
      "far": 2000,
      "position": {
        "x": [
          0
        ],
        "y": [
          0
        ],
        "z": [
          10
        ]
      },
      "targetInches": {
        "x": [
          0
        ],
        "y": [
          0
        ],
        "z": [
          0
        ]
      },
      "visible": [
        1
      ]
    }
  },
  "LIGHTS": {
    "light00": {
      "type": "DirectionalLight",
      "color": "0xffffff",
      "intensity": [
        5
      ],
      "position": {
        "x": [
          0
        ],
        "y": [
          1,
          1,
          1,
          1,
          1,
          1,
          1,
          1,
          1,
          1,
          1,
          1,
          1,
          1,
          1,
          1,
          1,
          1,
          1,
          1,
          1,
          1,
          1,
          1,
          1,
          1,
          1,
          1,
          1,
          1,
          1,
          1,
          1,
          1,
          1,
          1,
          1,
          1,
          1,
          1,
          1,
          1,
          1,
          1,
          1,
          1,
          1,
          1,
          1,
          1
        ],
        "z": [
          1
        ]
      },
      "visible": [
        1
      ]
    }
  },
  "OBJECTS": {
    "elias_neutral": {
      "meshpath": "/mkturkfiles/scenebags/objectome3d/face/Kedar_neutral.glb",
      "objectdoc": "HeadEliasApplefacepotatohead",
      "sizeTHREEJS": [
        0.49271685974809865,
        0.6796130726188876,
        0.6153160024304816,
        0.7130970661382887,
        0.7351147659575672,
        0.3906104167837831,
        0.37749492476460256,
        0.691173065660771,
        0.5607754793884362,
        0.6274126438979386,
        0.6445600322457865,
        0.6106404854705036,
        0.7322927808077828,
        0.620998842780329,
        0.4356944673486121,
        0.49607292306164985,
        0.743109532213098,
        0.614515112736255,
        0.7392058567285575,
        0.5822624063091424,
        0.4786968054236437,
        0.6739336010315098,
        0.3776450174382574,
        0.6131537689323752,
        0.5607158488809338,
        0.671784280715783,
        0.44719093991136144,
        0.6637777743492511,
        0.4871482786123121,
        0.7213402931530483,
        0.46731154168203026,
        0.7459413379387294,
        0.507921961978418,
        0.7390235557012718,
        0.627414637796779,
        0.6122627402826402,
        0.6308418900942505,
        0.5373838933034727,
        0.6104317867136654,
        0.43185193019013657,
        0.3865536585966141,
        0.4169063355415113,
        0.567881726292358,
        0.6804312249436302,
        0.5346096718673666,
        0.38181463008075844,
        0.380908979185137,
        0.672847686611213,
        0.4374713425820129,
        0.6766241118357521
      ],
      "positionTHREEJS": {
        "x": [
          0
        ],
        "y": [
          0
        ],
        "z": [
          0
        ]
      },
      "rotationDegrees": {
        "x": [
          -8.22082341213521,
          9.641308836626614,
          -15.986871346897548,
          -37.22877262102222,
          -1.98061826619994,
          10.321232573590045,
          -42.1668417341103,
          -33.50393457971572,
          19.808656631901158,
          41.99076441506972,
          13.15615074206005,
          44.808548048333606,
          43.755273761057865,
          35.843048790794455,
          -8.841001367605813,
          -34.85631521852702,
          4.965038523196917,
          44.251893100576766,
          -13.611629045396462,
          19.773855676296165,
          -35.71656610210226,
          25.945049385091593,
          5.822525220791917,
          -19.70567659912712,
          41.26692389870202,
          -17.56733492612646,
          16.012687714711973,
          1.8899185993638028,
          -21.475912684225545,
          -18.141938252510464,
          33.8442896078857,
          -27.93347132646015,
          -3.1611530101624083,
          25.665483883699352,
          10.424456733565464,
          -29.893283801960493,
          26.14131706543941,
          -4.731399234234551,
          39.73953486315838,
          -30.57446209639923,
          26.88423500093245,
          -33.227962519204794,
          16.10082624518293,
          6.5298459833087605,
          2.7593876463643667,
          4.40073043595514,
          -35.644039648106876,
          -24.29120556495463,
          -38.70861951865298,
          -12.614191828371858
        ],
        "y": [
          -79.55456327953547,
          -24.70791084816311,
          23.702913090521633,
          89.59809040718426,
          -64.06868653658086,
          -38.60791387799456,
          36.54207348114703,
          -1.8988628601450017,
          -23.48871341280517,
          18.93104717647185,
          -83.12428848951868,
          6.154532070230829,
          84.69381137088172,
          82.98704778981363,
          -59.960176103964095,
          75.81334661722676,
          36.29922720527041,
          20.234423300062147,
          -41.062673784177015,
          -42.89506599874101,
          -80.00410026146768,
          49.75339882404046,
          -26.605574315134263,
          -47.540884438040536,
          -3.732708581013952,
          29.618675528158178,
          10.680143802537955,
          27.368662007770396,
          -22.677710994111564,
          16.49982807489431,
          -83.75749914918033,
          -79.51182365696732,
          -23.72343576178328,
          -6.983051340178633,
          65.05902330019794,
          33.78930641392854,
          -59.10872081793842,
          53.65236647805503,
          -2.164873888152215,
          60.23639387138695,
          -65.56776552170317,
          49.617568129960716,
          -54.91815670510324,
          66.67504519397326,
          38.28753331937588,
          -14.589137997287011,
          56.519204034984085,
          -5.268816339026031,
          8.366053516883497,
          -86.95684561031291
        ],
        "z": [
          0,
          0,
          0,
          0,
          0,
          0,
          0,
          0,
          0,
          0,
          0,
          0,
          0,
          0,
          0,
          0,
          0,
          0,
          0,
          0,
          0,
          0,
          0,
          0,
          0,
          0,
          0,
          0,
          0,
          0,
          0,
          0,
          0,
          0,
          0,
          0,
          0,
          0,
          0,
          0,
          0,
          0,
          0,
          0,
          0,
          0,
          0,
          0,
          0,
          0
        ]
      },
      "material": {
        "type": "MeshPhysicalMaterial",
        "color": "#7F7F7F",
        "metalness": 0.25,
        "roughness": 0.65,
        "reflectivity": 0.5,
        "opacity": [
          1
        ],
        "transparent": false
      },
      "visible": [
        1
      ]
    }
  },
  "IMAGES": {
    "imagebag": "/mkturkfiles/scenebags/objectome3d/background_im_flipped/",
    "imageidx": [
      427,
      156,
      1424,
      16,
      1406,
      427,
      427,
      463,
      1177,
      463,
      1177,
      16,
      1406,
      188,
      16,
      1177,
      16,
      1448,
      1177,
      156,
      1448,
      156,
      463,
      156,
      188,
      188,
      1406,
      463,
      1406,
      298,
      298,
      427,
      1448,
      1448,
      156,
      463,
      1177,
      427,
      1448,
      298,
      1424,
      1424,
      1406,
      1424,
      16,
      298,
      298,
      188,
      1424,
      188
    ],
    "sizeTHREEJS": [
      1.61
    ]
  },
  "OBJECTFILTERS": {
    "blur": [
      ""
    ],