{
  "CAMERAS": {
    "camera00": {
      "type": "PerspectiveCamera",
      "fieldOfView": 45,
      "near": 0.1,
      "far": 2000,
      "position": {
        "x": [
          0
        ],
        "y": [
          0
        ],
        "z": [
          10
        ]
      },
      "targetInches": {
        "x": [
          0
        ],
        "y": [
          0
        ],
        "z": [
          0
        ]
      },
      "visible": [
        1
      ]
    }
  },
  "LIGHTS": {
    "light00": {
      "type": "DirectionalLight",
      "color": "0xffffff",
      "intensity": [
        5
      ],
      "position": {
        "x": [
          0
        ],
        "y": [
          1,
          1,
          1,
          1,
          1,
          1,
          1,
          1,
          1,
          1,
          1,
          1,
          1,
          1,
          1,
          1,
          1,
          1,
          1,
          1,
          1,
          1,
          1,
          1,
          1,
          1,
          1,
          1,
          1,
          1,
          1,
          1,
          1,
          1,
          1,
          1,
          1,
          1,
          1,
          1,
          1,
          1,
          1,
          1,
          1,
          1,
          1,
          1,
          1,
          1
        ],
        "z": [
          1
        ]
      },
      "visible": [
        1
      ]
    }
  },
  "OBJECTS": {
    "elias_neutral": {
      "meshpath": "/mkturkfiles/scenebags/objectome3d/face/Sophie_surprise_4.glb",
      "objectdoc": "HeadEliasApplefacepotatohead",
      "sizeTHREEJS": [
        0.5920943254276733,
        0.5415466413905856,
        0.6270708370613904,
        0.7239233543024945,
        0.6887006666846875,
        0.4919540447403882,
        0.4260129115947382,
        0.7058069250636481,
        0.717597215420219,
        0.4939071461665489,
        0.6419227038049864,
        0.573730073103556,
        0.6905257633187039,
        0.6234534239850447,
        0.7311510767736099,
        0.4303446946065081,
        0.5264685546723802,
        0.4692595683237207,
        0.6831017070183021,
        0.4502709057163152,
        0.4042577451718594,
        0.6202474597696457,
        0.538845325540547,
        0.452558052711976,
        0.6691370565469947,
        0.6454540569863543,
        0.6195916095812171,
        0.6831554714222117,
        0.6040987606398801,
        0.4659488795477572,
        0.503765753042757,
        0.7403636650529071,
        0.3868637545826388,
        0.7268153935760235,
        0.6163013873648066,
        0.42168373407895465,
        0.6688267921503239,
        0.6780782271771285,
        0.4810231913143165,
        0.4571551995973479,
        0.6831797841940981,
        0.3878635546269968,
        0.5769512889480747,
        0.523731288035822,
        0.4024494160612322,
        0.7600830881237584,
        0.4167110114125553,
        0.7570049976005414,
        0.5653027173661829,
        0.3903369463060028
      ],
      "positionTHREEJS": {
        "x": [
          0
        ],
        "y": [
          0
        ],
        "z": [
          0
        ]
      },
      "rotationDegrees": {
        "x": [
          -11.531005661367395,
          7.124067678159996,
          -14.543713409496668,
          -17.260309443601166,
          -13.180777729586104,
          15.875501195379663,
          -27.99240004097873,
          -42.03369043314966,
          -29.21659843957229,
          33.790303318616694,
          44.925201271745635,
          16.35473947558311,
          20.958802411180983,
          -2.428872930863804,
          -39.527643426852734,
          -19.773957044391835,
          1.3339464464821589,
          33.33324312710016,
          -9.463050288747752,
          12.71277675478246,
          -29.12215226475299,
          12.84274128435949,
          -36.46323605339447,
          16.587827950482755,
          43.95213439224223,
          -38.488760759870715,
          -27.159365854316697,
          -18.56054330529427,
          3.6453029209854932,
          23.541066723557805,
          26.660634075390874,
          -41.882427439383704,
          23.650105189527665,
          40.710780719611876,
          -15.070692648085313,
          39.72895322472296,
          -11.218189447978375,
          -25.78876157734869,
          26.335303347951168,
          11.575264276741578,
          -32.17351317718826,
          38.244162720344974,
          -10.806062253683834,
          -34.97536845615846,
          2.4200464970643836,
          -6.102505795699884,
          -1.1999035553275306,
          -18.265686854257595,
          20.642040128151436,
          10.265280266481277
        ],
        "y": [
          6.800859516551952,
          37.64394807765065,
          43.64107033700665,
          30.959331355188752,
          71.77415452821364,
          -73.49881950641758,
          -17.90356994417597,
          68.37131746935475,
          22.904041074952232,
          -27.854809692078405,
          -76.46127025264957,
          31.043393305761867,
          13.61037682147554,
          -69.16181671641918,
          76.6473110798953,
          -38.56766560507148,
          36.80103169270636,
          -59.90720082614173,
          39.663417554306136,
          62.97698357104082,
          -24.90047954445626,
          -10.045158107694192,
          -52.274509174236904,
          -13.779705683225515,
          -77.72142332313196,
          -34.158445390704735,
          58.80038442752266,
          -24.307475969851623,
          87.33167748953036,
          -24.19864898077195,
          10.061120026347226,
          58.24331552440867,
          -50.74877062581968,
          32.94927913831077,
          6.126797676156656,
          -48.98405743065981,
          13.524064504462814,
          49.27556190475656,
          10.786612537317268,
          36.679477377428086,
          62.89216805938142,
          -67.14039847918892,
          47.72403651590557,
          88.51995922882921,
          25.991461458883776,
          -5.532972533627486,
          4.653643912063799,
          76.02340822799684,
          -63.45903470210238,
          -58.57378696402961
        ],
        "z": [
          0,
          0,
          0,
          0,
          0,
          0,
          0,
          0,
          0,
          0,
          0,
          0,
          0,
          0,
          0,
          0,
          0,
          0,
          0,
          0,
          0,
          0,
          0,
          0,
          0,
          0,
          0,
          0,
          0,
          0,
          0,
          0,
          0,
          0,
          0,
          0,
          0,
          0,
          0,
          0,
          0,
          0,
          0,
          0,
          0,
          0,
          0,
          0,
          0,
          0
        ]
      },
      "material": {
        "type": "MeshPhysicalMaterial",
        "color": "#7F7F7F",
        "metalness": 0.25,
        "roughness": 0.65,
        "reflectivity": 0.5,
        "opacity": [
          1
        ],
        "transparent": false
      },
      "visible": [
        1
      ]
    }
  },
  "IMAGES": {
    "imagebag": "/mkturkfiles/scenebags/objectome3d/background_im_flipped/",
    "imageidx": [
      463,
      188,
      1406,
      156,
      427,
      1406,
      298,
      427,
      463,
      188,
      1448,
      16,
      1448,
      156,
      16,
      16,
      1177,
      1448,
      188,
      1424,
      156,
      1177,
      1406,
      1448,
      1424,
      1424,
      1177,
      16,
      298,
      16,
      298,
      463,
      298,
      1177,
      1448,
      1177,
      188,
      1424,
      1424,
      156,
      298,
      463,
      156,
      427,
      1406,
      188,
      1406,
      427,
      463,
      427
    ],
    "sizeTHREEJS": [
      1.61
    ]
  },