{
  "CAMERAS": {
    "camera00": {
      "type": "PerspectiveCamera",
      "fieldOfView": 45,
      "near": 0.1,
      "far": 2000,
      "position": {
        "x": [
          0
        ],
        "y": [
          0
        ],
        "z": [
          10
        ]
      },
      "targetInches": {
        "x": [
          0
        ],
        "y": [
          0
        ],
        "z": [
          0
        ]
      },
      "visible": [
        1
      ]
    }
  },
  "LIGHTS": {
    "light00": {
      "type": "DirectionalLight",
      "color": "0xffffff",
      "intensity": [
        5
      ],
      "position": {
        "x": [
          0
        ],
        "y": [
          1,
          1,
          1,
          1,
          1,
          1,
          1,
          1,
          1,
          1,
          1,
          1,
          1,
          1,
          1,
          1,
          1,
          1,
          1,
          1,
          1,
          1,
          1,
          1,
          1,
          1,
          1,
          1,
          1,
          1,
          1,
          1,
          1,
          1,
          1,
          1,
          1,
          1,
          1,
          1,
          1,
          1,
          1,
          1,
          1,
          1,
          1,
          1,
          1,
          1
        ],
        "z": [
          1
        ]
      },
      "visible": [
        1
      ]
    }
  },
  "OBJECTS": {
    "elias_neutral": {
      "meshpath": "/mkturkfiles/scenebags/objectome3d/face/Kedar_happiness_4.glb",
      "objectdoc": "HeadEliasApplefacepotatohead",
      "sizeTHREEJS": [
        0.6014949425222119,
        0.40944959561199185,
        0.6016502995724564,
        0.5837328063714873,
        0.6646844164801718,
        0.5225021469139595,
        0.5665562791169245,
        0.7401121923334586,
        0.472446050494152,
        0.432920354054714,
        0.6997897350321453,
        0.684993272741082,
        0.40425104379759536,
        0.7505589645611221,
        0.5943118372729167,
        0.7348397240886992,
        0.6312644900990553,
        0.4513902204361566,
        0.5412820195247137,
        0.38729937110580337,
        0.7580792966315673,
        0.5852841027015281,
        0.4947276720615038,
        0.6895540791248373,
        0.4240119433906217,
        0.6722666759088252,
        0.5173709082789044,
        0.504761360280702,
        0.5705009203552932,
        0.5909054733383372,
        0.6176831466959184,
        0.4617189940971743,
        0.40673197049676946,
        0.6336667753121104,
        0.4618585828168312,
        0.5417847456045469,
        0.38445088375631525,
        0.5486214083006531,
        0.6536998428690534,
        0.583375397244116,
        0.5814282785427634,
        0.7031608779692184,
        0.5075871987670083,
        0.6218649013336021,
        0.3979634205623486,
        0.5869404525066576,
        0.7522553226849891,
        0.5266564336556622,
        0.3896405319579056,
        0.4457628361155254
      ],
      "positionTHREEJS": {
        "x": [
          0
        ],
        "y": [
          0
        ],
        "z": [
          0
        ]
      },
      "rotationDegrees": {
        "x": [
          11.377588335723459,
          31.924422605519922,
          33.93614456115459,
          -31.648273081296953,
          -17.239132181518258,
          11.763870211964878,
          10.795792951714425,
          -23.779275840636657,
          19.686204239763228,
          6.554438405164284,
          21.37254700194481,
          12.773287960561824,
          -9.236982553590828,
          -28.40735713316491,
          3.3806082057651636,
          -26.472958415787506,
          -1.580211613309615,
          -36.42115585233679,
          41.18973604924349,
          37.43738720359349,
          4.726611825254508,
          -22.834473256545262,
          31.323989606721568,
          44.86183516483999,
          -24.882852811308968,
          -15.190354408904167,
          -19.440711672119672,
          17.923104617549313,
          35.50102824649197,
          -9.162475797034524,
          9.923568979636855,
          17.690840748283655,
          -19.796839823627604,
          -4.169343823207868,
          -9.39492550178582,
          -11.962220138708503,
          -21.30095871293947,
          -29.34555729194637,
          -1.7215743255608444,
          24.54903739145226,
          -18.91433568290576,
          26.052542623864994,
          38.73013272757805,
          -44.193913327943996,
          -16.479578711473156,
          -37.721244870526654,
          -3.908917056207166,
          38.25306452575737,
          34.96331993900314,
          39.70142421341927
        ],
        "y": [
          46.252633601382826,
          37.86174666816831,
          -36.76223164181202,
          -69.33813226689793,
          80.41808361445604,
          39.35539856067268,
          -4.995121043130268,
          30.56590759632573,
          13.400587951348541,
          -61.7659010146631,
          25.14264108680443,
          49.488806683734566,
          -20.8604087305838,
          86.88956710621238,
          -47.26453540255208,
          30.48599274416786,
          -80.58071661752723,
          -52.118296022754954,
          -3.6585999233157054,
          75.93010492987437,
          52.47730454123831,
          69.17301143554491,
          9.11869833615539,
          40.45833810354833,
          14.886487836776737,
          66.67268018091977,
          29.081984117919248,
          -17.917808340792917,
          -62.951548285593944,
          -18.840191457660765,
          -14.263353215126415,
          -54.683924024752,
          51.938191515608054,
          58.11607756395986,
          3.18160224206558,
          86.0930448965199,
          -79.700935211126,
          -81.65319328469478,
          65.20269759102868,
          81.71722445014757,
          2.92464501485658,
          -45.518041465144115,
          -86.1621856228121,
          -24.91790829244748,
          34.0237140495489,
          50.10255716540814,
          58.18293335441061,
          30.112590689772446,
          67.65314257262591,
          -43.32702966971104
        ],
        "z": [
          0,
          0,
          0,
          0,
          0,
          0,
          0,
          0,
          0,
          0,
          0,
          0,
          0,
          0,
          0,
          0,
          0,
          0,
          0,
          0,
          0,
          0,
          0,
          0,
          0,
          0,
          0,
          0,
          0,
          0,
          0,
          0,
          0,
          0,
          0,
          0,
          0,
          0,
          0,
          0,
          0,
          0,
          0,
          0,
          0,
          0,
          0,
          0,
          0,
          0
        ]
      },
      "material": {
        "type": "MeshPhysicalMaterial",
        "color": "#7F7F7F",
        "metalness": 0.25,
        "roughness": 0.65,
        "reflectivity": 0.5,
        "opacity": [
          1
        ],
        "transparent": false
      },
      "visible": [
        1
      ]
    }
  },
  "IMAGES": {
    "imagebag": "/mkturkfiles/scenebags/objectome3d/background_im_flipped/",
    "imageidx": [
      463,
      156,
      16,
      1448,
      188,
      427,
      1406,
      156,
      1448,
      1406,
      427,
      1448,
      298,
      16,
      1448,
      1177,
      16,
      1177,
      1406,
      188,
      463,
      1424,
      1424,
      463,
      427,
      1177,
      16,
      1448,
      1177,
      16,
      1424,
      188,
      1177,
      427,
      463,
      298,
      1424,
      298,
      156,
      1424,
      156,
      156,
      1406,
      463,
      188,
      298,
      427,
      298,
      188,
      1406
    ],
    "sizeTHREEJS": [
      1.61
    ]
  },
  "OBJECTFILTERS": {
    "blur": [
      ""
    ],