{
  "CAMERAS": {
    "camera00": {
      "type": "PerspectiveCamera",
      "fieldOfView": 45,
      "near": 0.1,
      "far": 2000,
      "position": {
        "x": [
          0
        ],
        "y": [
          0
        ],
        "z": [
          10
        ]
      },
      "targetInches": {
        "x": [
          0
        ],
        "y": [
          0
        ],
        "z": [
          0
        ]
      },
      "visible": [
        1
      ]
    }
  },
  "LIGHTS": {
    "light00": {
      "type": "DirectionalLight",
      "color": "0xffffff",
      "intensity": [
        5
      ],
      "position": {
        "x": [
          0
        ],
        "y": [
          1,
          1,
          1,
          1,
          1,
          1,
          1,
          1,
          1,
          1,
          1,
          1,
          1,
          1,
          1,
          1,
          1,
          1,
          1,
          1,
          1,
          1,
          1,
          1,
          1,
          1,
          1,
          1,
          1,
          1,
          1,
          1,
          1,
          1,
          1,
          1,
          1,
          1,
          1,
          1,
          1,
          1,
          1,
          1,
          1,
          1,
          1,
          1,
          1,
          1
        ],
        "z": [
          1
        ]
      },
      "visible": [
        1
      ]
    }
  },
  "OBJECTS": {
    "elias_neutral": {
      "meshpath": "/mkturkfiles/scenebags/objectome3d/face/Sophie_neutral.glb",
      "objectdoc": "HeadEliasApplefacepotatohead",
      "sizeTHREEJS": [
        0.5884243394316032,
        0.4223978577772807,
        0.4687312372264116,
        0.45776890418659427,
        0.7496946488647109,
        0.7456584885685402,
        0.3873983163683532,
        0.7522394052036689,
        0.5534980178589025,
        0.6438389072272981,
        0.7156227187899802,
        0.42469166528215063,
        0.6886131524812782,
        0.4422425058043376,
        0.4967457066798501,
        0.6998588054532218,
        0.5362797658442596,
        0.5541659097427791,
        0.4869578741061937,
        0.49973264725236677,
        0.49439845679293143,
        0.5430592496030113,
        0.5904942498684822,
        0.4908766380330448,
        0.4139427736200366,
        0.6077038831418946,
        0.532899955886545,
        0.5376813894529681,
        0.49994998983383965,
        0.6314606155136191,
        0.7242674137744393,
        0.5555088163511388,
        0.6370025593481352,
        0.3828090718744946,
        0.7603248078337363,
        0.5551572956035926,
        0.681114482768506,
        0.41966670155388536,
        0.4951937420879127,
        0.4596765586928748,
        0.41313781508706454,
        0.5683991405825862,
        0.414510870349773,
        0.6898785872438029,
        0.492092867744808,
        0.423531408152693,
        0.37690539930509515,
        0.47086514079707803,
        0.680647968064399,
        0.5943783229527835
      ],
      "positionTHREEJS": {
        "x": [
          0
        ],
        "y": [
          0
        ],
        "z": [
          0
        ]
      },
      "rotationDegrees": {
        "x": [
          -6.457519577969677,
          36.86165592989299,
          39.09656475516064,
          -3.5250590677593436,
          -0.5147113966969314,
          -40.47101177536593,
          2.3319391186573526,
          -32.47328216841041,
          -31.89798940688697,
          -25.146704425194493,
          13.065518876677231,
          11.563211852076051,
          -41.14501593205164,
          -13.03003355557274,
          5.84165899059704,
          29.817159003770456,
          43.0673005950122,
          6.9445863249280535,
          34.4065027926944,
          -5.431155215186649,
          8.068150011427285,
          -31.63015954142577,
          -32.464460937220124,
          27.635639346804822,
          23.101463832384297,
          -10.218385459810463,
          -29.28432670718923,
          42.841375064813434,
          -41.10959030029958,
          25.812463185284997,
          -7.795027987284115,
          -42.70597204841706,
          -36.8260297491914,
          41.74336705808136,
          -0.6822432801085299,
          42.2796147023421,
          -11.00468890160763,
          -27.24085821555317,
          -23.471498554179387,
          31.367360661713704,
          -44.485168288151804,
          34.82213228408186,
          13.546099692572454,
          -14.333476636696844,
          5.038285920621043,
          -39.389862174140134,
          -5.76054694526546,
          -20.309963610043752,
          31.846333856293285,
          -21.02677875991317
        ],
        "y": [
          76.37864236384104,
          -27.257952521816847,
          18.182707130609643,
          46.20732241046659,
          -73.33439761605707,
          45.98767377490293,
          33.4292693626152,
          45.94251652385955,
          -79.92721328115361,
          -17.676071249102463,
          -76.06433957993718,
          82.513253027307,
          -10.019851000082966,
          -54.547261769306246,
          18.368385457606436,
          5.412329742090037,
          -66.05815078289747,
          -65.25846369205905,
          -85.69300260702838,
          -58.197257397803675,
          -52.517715225228784,
          79.04112579615867,
          66.6446826846774,
          -20.748938237283355,
          -54.26792091851712,
          87.84836862624601,
          23.361082001624894,
          -86.03611810284403,
          14.766190109331475,
          -3.664112088782872,
          40.999516505178605,
          -49.19891138930738,
          66.47689778772073,
          50.347344624231056,
          -25.29961751496829,
          16.34471738508344,
          57.062499063392835,
          11.248582991025998,
          -27.37716607310241,
          -64.49478130371241,
          -51.63979531821911,
          -25.05760304621981,
          -57.72510657514114,
          0.8867176293216232,
          64.3558851404483,
          -26.87695709717852,
          -87.05808572951905,
          17.653721571891623,
          -15.32453970556098,
          64.57291336311849
        ],
        "z": [
          0,
          0,
          0,
          0,
          0,
          0,
          0,
          0,
          0,
          0,
          0,
          0,
          0,
          0,
          0,
          0,
          0,
          0,
          0,
          0,
          0,
          0,
          0,
          0,
          0,
          0,
          0,
          0,
          0,
          0,
          0,
          0,
          0,
          0,
          0,
          0,
          0,
          0,
          0,
          0,
          0,
          0,
          0,
          0,
          0,
          0,
          0,
          0,
          0,
          0
        ]
      },
      "material": {
        "type": "MeshPhysicalMaterial",
        "color": "#7F7F7F",
        "metalness": 0.25,
        "roughness": 0.65,
        "reflectivity": 0.5,
        "opacity": [
          1
        ],
        "transparent": false
      },
      "visible": [
        1
      ]
    }
  },
  "IMAGES": {
    "imagebag": "/mkturkfiles/scenebags/objectome3d/background_im_flipped/",
    "imageidx": [
      298,
      1448,
      463,
      1177,
      16,
      1177,
      188,
      16,
      16,
      1177,
      156,
      427,
      1448,
      1177,
      1424,
      16,
      156,
      463,
      1177,
      427,
      1424,
      463,
      427,
      1406,
      1424,
      1448,
      188,
      1406,
      298,
      188,
      1424,
      298,
      1406,
      1448,
      298,
      1406,
      156,
      463,
      156,
      427,
      463,
      1424,
      1406,
      298,
      16,
      188,
      156,
      188,
      1448,
      427
    ],
    "sizeTHREEJS": [
      1.61
    ]
  },
  "OBJECTFILTERS": {
    "blur": [
      ""
    ],