{
  "CAMERAS": {
    "camera00": {
      "type": "PerspectiveCamera",
      "fieldOfView": 45,
      "near": 0.1,
      "far": 2000,
      "position": {
        "x": [
          0
        ],
        "y": [
          0
        ],
        "z": [
          10
        ]
      },
      "targetInches": {
        "x": [
          0
        ],
        "y": [
          0
        ],
        "z": [
          0
        ]
      },
      "visible": [
        1
      ]
    }
  },
  "LIGHTS": {
    "light00": {
      "type": "DirectionalLight",
      "color": "0xffffff",
      "intensity": [
        5
      ],
      "position": {
        "x": [
          0
        ],
        "y": [
          1,
          1,
          1,
          1,
          1,
          1,
          1,
          1,
          1,
          1,
          1,
          1,
          1,
          1,
          1,
          1,
          1,
          1,
          1,
          1,
          1,
          1,
          1,
          1,
          1,
          1,
          1,
          1,
          1,
          1,
          1,
          1,
          1,
          1,
          1,
          1,
          1,
          1,
          1,
          1,
          1,
          1,
          1,
          1,
          1,
          1,
          1,
          1,
          1,
          1
        ],
        "z": [
          1
        ]
      },
      "visible": [
        1
      ]
    }
  },
  "OBJECTS": {
    "elias_neutral": {
      "meshpath": "/mkturkfiles/scenebags/objectome3d/face/Josh_fear_4.glb",
      "objectdoc": "HeadEliasApplefacepotatohead",
      "sizeTHREEJS": [
        0.45473862915894825,
        0.7251966280299729,
        0.5312987794843702,
        0.6012161137087573,
        0.45323197302407414,
        0.6719855184687755,
        0.6416385397343825,
        0.4604217187668665,
        0.5130005173107304,
        0.6531273867773467,
        0.6177887321814082,
        0.7584467053238669,
        0.5137290515190902,
        0.6087696301238412,
        0.6392120939490423,
        0.739122837424419,
        0.6282955543493756,
        0.5249463490025427,
        0.5726556201912493,
        0.733269407938961,
        0.39167061315424917,
        0.6642814144579903,
        0.5559362923610975,
        0.627739149205465,
        0.5037107077760096,
        0.48824676678165935,
        0.5085757796557066,
        0.3927449565204818,
        0.5621443342515973,
        0.6287527193818172,
        0.5887321373897756,
        0.6959966327133165,
        0.525058294644356,
        0.5421913241915471,
        0.6617900770237239,
        0.7215106502046627,
        0.5095695887503573,
        0.37770112302951525,
        0.5249647956746395,
        0.4738676841514715,
        0.45125262570422464,
        0.5999422524361108,
        0.4204169202217474,
        0.3955020820540738,
        0.4514628549160543,
        0.7580709309198366,
        0.7515226564691637,
        0.6019995579142647,
        0.4676346642349045,
        0.7541862664830317
      ],
      "positionTHREEJS": {
        "x": [
          0
        ],
        "y": [
          0
        ],
        "z": [
          0
        ]
      },
      "rotationDegrees": {
        "x": [
          25.3886744441497,
          -41.42832287059716,
          7.775178365802105,
          11.586371777342556,
          22.657406420270263,
          9.526767066922218,
          -4.555568900732425,
          -16.135495582377285,
          32.618676627557406,
          -22.7736012166162,
          33.78840006137544,
          8.840837913056419,
          -5.985011435198118,
          -30.573586747636107,
          -20.09903993098175,
          -12.767103487293532,
          24.243490550565824,
          6.719962768653822,
          -43.19842681554964,
          -19.37513418828057,
          22.041561727043202,
          -33.455210954215644,
          30.61987534619459,
          31.758663027005255,
          -38.27139506196468,
          -14.191350821162942,
          21.70725094709448,
          -39.14688898608844,
          -3.1942075773996734,
          35.02205023594361,
          -24.55379580692215,
          31.9679044116224,
          -41.07148896815194,
          4.436106260929293,
          -38.28008816741019,
          -36.92400445071996,
          -14.197043569425169,
          39.67227141447006,
          18.489884356854915,
          32.68450810029482,
          20.274360848096194,
          -25.09102849496855,
          -17.07425685433072,
          18.411109828692894,
          -11.872562950524141,
          -16.46286582692355,
          -5.8440807765296015,
          -29.28704000575457,
          -4.0517969038167365,
          -34.53945909498743
        ],
        "y": [
          14.418709800502569,
          66.2684033601816,
          -83.86308264747497,
          71.83414309076517,
          12.181394191406042,
          -77.58090394612215,
          -1.460022865796276,
          -65.70280620093484,
          -9.083575006015181,
          15.901567266864234,
          -54.584698945595875,
          23.60379673443755,
          -35.571501781014,
          66.21484436255565,
          60.928039341043444,
          46.40192307579795,
          36.439897614891905,
          89.38527815359859,
          54.92152556592214,
          86.78854626383114,
          -14.864705503327286,
          4.133739539173618,
          -1.5657702526102781,
          -62.58939881472223,
          -20.32010561614517,
          15.991176823690651,
          -22.50310386143194,
          43.43325900573657,
          -83.2187415326834,
          -11.048733649745344,
          73.54091049696038,
          40.22687917031175,
          -17.667615563185294,
          27.867800223027288,
          9.303922453957199,
          26.884154792563436,
          19.383220757508,
          33.47948810470706,
          -36.01382690490824,
          27.118975521086682,
          -64.43764259009662,
          57.647003982136454,
          -27.444336843340196,
          5.893362643723222,
          76.04214987251905,
          87.23051663905144,
          34.735263453293854,
          5.702448937492704,
          -15.256172937380157,
          33.702341532172454
        ],
        "z": [
          0,
          0,
          0,
          0,
          0,
          0,
          0,
          0,
          0,
          0,
          0,
          0,
          0,
          0,
          0,
          0,
          0,
          0,
          0,
          0,
          0,
          0,
          0,
          0,
          0,
          0,
          0,
          0,
          0,
          0,
          0,
          0,
          0,
          0,
          0,
          0,
          0,
          0,
          0,
          0,
          0,
          0,
          0,
          0,
          0,
          0,
          0,
          0,
          0,
          0
        ]
      },
      "material": {
        "type": "MeshPhysicalMaterial",
        "color": "#7F7F7F",
        "metalness": 0.25,
        "roughness": 0.65,
        "reflectivity": 0.5,
        "opacity": [
          1
        ],
        "transparent": false
      },
      "visible": [
        1
      ]
    }
  },
  "IMAGES": {
    "imagebag": "/mkturkfiles/scenebags/objectome3d/background_im_flipped/",
    "imageidx": [
      1406,
      1448,
      1448,
      427,
      156,
      427,
      463,
      1448,
      156,
      463,
      156,
      1424,
      16,
      427,
      188,
      1177,
      1406,
      16,
      1177,
      298,
      1177,
      298,
      298,
      1424,
      188,
      427,
      298,
      1424,
      1424,
      1177,
      16,
      188,
      16,
      1406,
      188,
      1424,
      298,
      1177,
      1448,
      463,
      16,
      463,
      188,
      1448,
      156,
      156,
      1406,
      427,
      1406,
      463
    ],
    "sizeTHREEJS": [
      1.61
    ]
  },
  "OBJECTFILTERS": {
    "blur": [
      ""
    ],