{
  "CAMERAS": {
    "camera00": {
      "type": "PerspectiveCamera",
      "fieldOfView": 45,
      "near": 0.1,
      "far": 2000,
      "position": {
        "x": [
          0
        ],
        "y": [
          0
        ],
        "z": [
          10
        ]
      },
      "targetInches": {
        "x": [
          0
        ],
        "y": [
          0
        ],
        "z": [
          0
        ]
      },
      "visible": [
        1
      ]
    }
  },
  "LIGHTS": {
    "light00": {
      "type": "DirectionalLight",
      "color": "0xffffff",
      "intensity": [
        5
      ],
      "position": {
        "x": [
          0
        ],
        "y": [
          1,
          1,
          1,
          1,
          1,
          1,
          1,
          1,
          1,
          1,
          1,
          1,
          1,
          1,
          1,
          1,
          1,
          1,
          1,
          1,
          1,
          1,
          1,
          1,
          1,
          1,
          1,
          1,
          1,
          1,
          1,
          1,
          1,
          1,
          1,
          1,
          1,
          1,
          1,
          1,
          1,
          1,
          1,
          1,
          1,
          1,
          1,
          1,
          1,
          1
        ],
        "z": [
          1
        ]
      },
      "visible": [
        1
      ]
    }
  },
  "OBJECTS": {
    "elias_neutral": {
      "meshpath": "/mkturkfiles/scenebags/objectome3d/face/Sreyas_disgust_4.glb",
      "objectdoc": "HeadEliasApplefacepotatohead",
      "sizeTHREEJS": [
        0.6396777996415923,
        0.5484382398586973,
        0.3744007833872506,
        0.7201569278674911,
        0.7411475009329311,
        0.4792061178388775,
        0.726874202876632,
        0.6512128302086563,
        0.508393041169298,
        0.7469797184772097,
        0.5050689028341888,
        0.3901624740338512,
        0.43835420821220356,
        0.4142009564067002,
        0.3843656376218654,
        0.56962322739221,
        0.5768514014233117,
        0.41955942539199836,
        0.41329955512375877,
        0.6385080525056199,
        0.4845191083169771,
        0.5255024631751773,
        0.4658611978827232,
        0.7065142975146572,
        0.7345531456668549,
        0.39200990631705707,
        0.5552244774737367,
        0.649985250728812,
        0.6852246514646239,
        0.5700479279419286,
        0.6404073435013315,
        0.5575978751455487,
        0.7462537531034701,
        0.39166753989828235,
        0.4250179179668907,
        0.6896001744880023,
        0.41390612213012984,
        0.6451586856197551,
        0.591401859992686,
        0.46289083784190876,
        0.6530382563877776,
        0.6424735397538074,
        0.5388662137746302,
        0.4165733514017932,
        0.6770394500804985,
        0.6205644130629095,
        0.6005947825120301,
        0.5010468823643132,
        0.5988340627720203,
        0.3713836716054588
      ],
      "positionTHREEJS": {
        "x": [
          0
        ],
        "y": [
          0
        ],
        "z": [
          0
        ]
      },
      "rotationDegrees": {
        "x": [
          34.954336200453625,
          -25.74697601469144,
          -3.4017269289660916,
          23.159516218306564,
          24.993774491194515,
          -23.479394184266898,
          -11.44204222344672,
          -44.701037355901754,
          10.839044890496545,
          -18.85121159209299,
          -15.358270978765031,
          -35.60400346672806,
          36.16549112799589,
          -33.05420529328048,
          -17.34536202861341,
          -0.9292368360391592,
          37.096975209346326,
          -21.94446755734122,
          -18.516551191595624,
          -10.207701826542547,
          36.37958707015795,
          39.572593647376664,
          34.18819272875632,
          16.820164060117797,
          -30.848107615186777,
          -38.170322066278324,
          -22.761172009679033,
          28.712489833911647,
          -13.510260460371637,
          21.716443091821446,
          43.80002065785203,
          28.473460598473793,
          41.2008260409694,
          34.968559599470964,
          32.652583652879656,
          -33.14572591574241,
          21.389880540925475,
          27.57348634105263,
          -4.641104494653767,
          -10.414171330861244,
          24.80793979520962,
          -42.573411108247726,
          -1.1356367616296765,
          -44.35933726450683,
          12.36968042858988,
          -35.844629906831095,
          43.428575559969076,
          40.92349522250994,
          -10.112944409364083,
          6.52375097284208
        ],
        "y": [
          -40.22367421173026,
          -66.66980202633641,
          69.43323418448605,
          73.47028459580667,
          37.51165140982684,
          0.5925039985609857,
          58.84425604177301,
          -82.96509792462479,
          -18.04520829039562,
          60.81349583456455,
          -2.5765904501255363,
          78.8848425218444,
          -87.51563525318656,
          13.604547294002145,
          35.08230766062367,
          -45.024729625423696,
          3.016609272789509,
          -23.04596150934563,
          55.1775161334665,
          78.28355290768192,
          -87.39777443418541,
          76.13112062872389,
          13.065353892131284,
          -25.62204954112603,
          46.00964250852559,
          -21.435703288996322,
          88.21683878799212,
          -36.68510181378029,
          16.14282218513641,
          6.758213871520866,
          54.925152933776616,
          -69.32241266259203,
          67.87533483822386,
          -0.9103987795426889,
          41.988911359704105,
          -85.56617546423479,
          -71.80593331249186,
          58.736549219455156,
          -44.48640573446797,
          -86.65215221517072,
          -21.78321577001526,
          -47.58788113191995,
          89.94947571904066,
          -41.904304341730736,
          -14.363006339586605,
          -2.226024531583505,
          81.47791878590942,
          -69.38874491678212,
          -26.23887439311926,
          -31.041763053191453
        ],
        "z": [
          0,
          0,
          0,
          0,
          0,
          0,
          0,
          0,
          0,
          0,
          0,
          0,
          0,
          0,
          0,
          0,
          0,
          0,
          0,
          0,
          0,
          0,
          0,
          0,
          0,
          0,
          0,
          0,
          0,
          0,
          0,
          0,
          0,
          0,
          0,
          0,
          0,
          0,
          0,
          0,
          0,
          0,
          0,
          0,
          0,
          0,
          0,
          0,
          0,
          0
        ]
      },
      "material": {
        "type": "MeshPhysicalMaterial",
        "color": "#7F7F7F",
        "metalness": 0.25,
        "roughness": 0.65,
        "reflectivity": 0.5,
        "opacity": [
          1
        ],
        "transparent": false
      },
      "visible": [
        1
      ]
    }
  },
  "IMAGES": {
    "imagebag": "/mkturkfiles/scenebags/objectome3d/background_im_flipped/",
    "imageidx": [
      427,
      1424,
      463,
      427,
      1177,
      188,
      1406,
      1406,
      1448,
      1177,
      463,
      298,
      1448,
      1448,
      156,
      427,
      16,
      463,
      298,
      188,
      1177,
      298,
      298,
      1406,
      16,
      1424,
      156,
      463,
      1406,
      1448,
      1424,
      1177,
      463,
      188,
      1424,
      1448,
      1406,
      156,
      16,
      188,
      16,
      16,
      1177,
      1424,
      156,
      427,
      298,
      188,
      427,
      156
    ],
    "sizeTHREEJS": [
      1.61
    ]
  },