{
  "CAMERAS": {
    "camera00": {
      "type": "PerspectiveCamera",
      "fieldOfView": 45,
      "near": 0.1,
      "far": 2000,
      "position": {
        "x": [
          0
        ],
        "y": [
          0
        ],
        "z": [
          10
        ]
      },
      "targetInches": {
        "x": [
          0
        ],
        "y": [
          0
        ],
        "z": [
          0
        ]
      },
      "visible": [
        1
      ]
    }
  },
  "LIGHTS": {
    "light00": {
      "type": "DirectionalLight",
      "color": "0xffffff",
      "intensity": [
        5
      ],
      "position": {
        "x": [
          0
        ],
        "y": [
          1,
          1,
          1,
          1,
          1,
          1,
          1,
          1,
          1,
          1,
          1,
          1,
          1,
          1,
          1,
          1,
          1,
          1,
          1,
          1,
          1,
          1,
          1,
          1,
          1,
          1,
          1,
          1,
          1,
          1,
          1,
          1,
          1,
          1,
          1,
          1,
          1,
          1,
          1,
          1,
          1,
          1,
          1,
          1,
          1,
          1,
          1,
          1,
          1,
          1
        ],
        "z": [
          1
        ]
      },
      "visible": [
        1
      ]
    }
  },
  "OBJECTS": {
    "elias_neutral": {
      "meshpath": "/mkturkfiles/scenebags/objectome3d/face/Neptune_fear_4.glb",
      "objectdoc": "HeadEliasApplefacepotatohead",
      "sizeTHREEJS": [
        0.5400390788021154,
        0.7567777495658199,
        0.38286705087701545,
        0.7433071082516749,
        0.5757103724443611,
        0.7329305004114124,
        0.46161773370698755,
        0.42306047104210026,
        0.39914346050008587,
        0.666413394253,
        0.47227419332550946,
        0.6411669468861724,
        0.42062538583564,
        0.5731369901025294,
        0.409822639091205,
        0.6088426366853169,
        0.5881510197140108,
        0.390877230039689,
        0.7411531700462872,
        0.5822960363249011,
        0.6704253187706571,
        0.6345959217569257,
        0.4079009069059304,
        0.5194835594559102,
        0.5316429514635285,
        0.38321990797276273,
        0.6849884029973796,
        0.5720750944059408,
        0.6987556997616997,
        0.37148265205191033,
        0.641218065451986,
        0.5430303604504085,
        0.6551453688770694,
        0.3746909544413824,
        0.5873520977496685,
        0.6130121234751174,
        0.577579323680661,
        0.3802969246546649,
        0.3774632566387635,
        0.6355532413985956,
        0.47087522107738206,
        0.41361483189968595,
        0.40442091149725823,
        0.7069754470557645,
        0.6446881986011371,
        0.6538406239500654,
        0.43190737364213727,
        0.7293608122310031,
        0.412241021763988,
        0.7022325125916544
      ],
      "positionTHREEJS": {
        "x": [
          0
        ],
        "y": [
          0
        ],
        "z": [
          0
        ]
      },
      "rotationDegrees": {
        "x": [
          -13.696161795737314,
          9.197042173193388,
          -1.0975552755265525,
          22.754670219764037,
          -24.39510709762929,
          -23.36154436367669,
          26.08743357370598,
          -3.983337630312306,
          -15.907040519768994,
          -17.405396328669507,
          13.709935009263084,
          -5.915142827806825,
          14.870441310465104,
          18.18494083977709,
          -3.408174306083403,
          -23.54802674108428,
          -10.979154034048427,
          -16.2619324832651,
          -14.707866398916636,
          1.40700907450411,
          -26.8421119510233,
          -4.772968982366443,
          21.90676889004753,
          -7.163332968435796,
          -11.026036177158538,
          28.08776444410539,
          -15.241991734079445,
          -30.56559965811892,
          -29.091367451303288,
          17.736659825622112,
          31.59288681427276,
          -32.05103967670314,
          32.958466674076845,
          4.157088323330626,
          -26.010331718444085,
          -13.41640505232969,
          42.71751235128647,
          -33.291228983608136,
          44.2151927251973,
          -10.008645581058467,
          26.241494073736504,
          40.65078436893123,
          29.963987669373978,
          25.962978849525484,
          33.041388157290044,
          -1.0298978014795495,
          -18.968403857738593,
          35.749043228234726,
          3.6277800933765647,
          -17.285114017331313
        ],
        "y": [
          -52.30089146945482,
          32.925659354770275,
          56.18175516731961,
          -17.394224309304448,
          61.91949381998634,
          27.07921689805667,
          88.30472720048832,
          -11.483008258391578,
          14.008084973240742,
          64.036269617296,
          -8.944841405400751,
          -5.919993848916846,
          -22.24849421436592,
          5.38183079259997,
          -81.24965224639298,
          3.2835246523294472,
          80.28064187319941,
          -1.183564747294625,
          -78.1100207945118,
          35.305052285715206,
          -31.15734251643096,
          45.967252607361445,
          85.39284275297518,
          20.50982888418676,
          72.15001483218657,
          -31.597265814281712,
          53.53638736377911,
          70.60185795435581,
          22.80289752073186,
          34.1315248876498,
          -53.922489832740986,
          38.48527587167888,
          35.945392192650274,
          78.32650083011973,
          6.756051672414145,
          47.93653292302213,
          -78.24817767399726,
          12.87374282616021,
          11.264548002956118,
          -84.5275378798113,
          46.18977188850596,
          30.24892329279595,
          46.67598375915057,
          69.09811065597194,
          50.05436551726294,
          -82.55737253905369,
          21.07294900176572,
          41.22869340724631,
          19.723494030211228,
          30.95401257370527
        ],
        "z": [
          0,
          0,
          0,
          0,
          0,
          0,
          0,
          0,
          0,
          0,
          0,
          0,
          0,
          0,
          0,
          0,
          0,
          0,
          0,
          0,
          0,
          0,
          0,
          0,
          0,
          0,
          0,
          0,
          0,
          0,
          0,
          0,
          0,
          0,
          0,
          0,
          0,
          0,
          0,
          0,
          0,
          0,
          0,
          0,
          0,
          0,
          0,
          0,
          0,
          0
        ]
      },
      "material": {
        "type": "MeshPhysicalMaterial",
        "color": "#7F7F7F",
        "metalness": 0.25,
        "roughness": 0.65,
        "reflectivity": 0.5,
        "opacity": [
          1
        ],
        "transparent": false
      },
      "visible": [
        1
      ]
    }
  },
  "IMAGES": {
    "imagebag": "/mkturkfiles/scenebags/objectome3d/background_im_flipped/",
    "imageidx": [
      298,
      298,
      1406,
      1177,
      427,
      1424,
      16,
      1424,
      1406,
      156,
      188,
      1448,
      188,
      427,
      1406,
      16,
      1406,
      1406,
      1448,
      156,
      1424,
      463,
      1424,
      427,
      156,
      1448,
      1177,
      1177,
      188,
      16,
      463,
      156,
      298,
      298,
      427,
      188,
      1177,
      16,
      1177,
      463,
      463,
      1448,
      463,
      427,
      1424,
      188,
      156,
      298,
      1448,
      16
    ],
    "sizeTHREEJS": [
      1.61
    ]
  },
  "OBJECTFILTERS": {
    "blur": [
      ""
    ],