{
  "CAMERAS": {
    "camera00": {
      "type": "PerspectiveCamera",
      "fieldOfView": 45,
      "near": 0.1,
      "far": 2000,
      "position": {
        "x": [
          0
        ],
        "y": [
          0
        ],
        "z": [
          10
        ]
      },
      "targetInches": {
        "x": [
          0
        ],
        "y": [
          0
        ],
        "z": [
          0
        ]
      },
      "visible": [
        1
      ]
    }
  },
  "LIGHTS": {
    "light00": {
      "type": "DirectionalLight",
      "color": "0xffffff",
      "intensity": [
        5
      ],
      "position": {
        "x": [
          0
        ],
        "y": [
          1,
          1,
          1,
          1,
          1,
          1,
          1,
          1,
          1,
          1,
          1,
          1,
          1,
          1,
          1,
          1,
          1,
          1,
          1,
          1,
          1,
          1,
          1,
          1,
          1,
          1,
          1,
          1,
          1,
          1,
          1,
          1,
          1,
          1,
          1,
          1,
          1,
          1,
          1,
          1,
          1,
          1,
          1,
          1,
          1,
          1,
          1,
          1,
          1,
          1
        ],
        "z": [
          1
        ]
      },
      "visible": [
        1
      ]
    }
  },
  "OBJECTS": {
    "elias_neutral": {
      "meshpath": "/mkturkfiles/scenebags/objectome3d/face/Kedar_anger_4.glb",
      "objectdoc": "HeadEliasApplefacepotatohead",
      "sizeTHREEJS": [
        0.37333829801500135,
        0.46623940892706744,
        0.7491351887134743,
        0.6222880100018866,
        0.4672646770395216,
        0.7157129566501844,
        0.5727092514295159,
        0.5958114136085171,
        0.47652226455580693,
        0.4197724138438313,
        0.554148751839574,
        0.5095576064182192,
        0.5956060571624685,
        0.37453657922243166,
        0.7179259857417817,
        0.37678178558004455,
        0.6648954679086636,
        0.7259761832435085,
        0.5762833608672754,
        0.7361872766555551,
        0.5046481396082021,
        0.7477873206915162,
        0.4777513377588584,
        0.7038141419130841,
        0.7579430005283894,
        0.391486207541191,
        0.6275014222751469,
        0.4001765785651203,
        0.5220772248074521,
        0.5168505603356072,
        0.39566012987644034,
        0.5261865987261231,
        0.6422375955831621,
        0.6924686675513938,
        0.4764579054898866,
        0.41857125233122133,
        0.5207564319827441,
        0.41082746970348816,
        0.6020086647845174,
        0.49383194301847827,
        0.751818189911569,
        0.754301956494198,
        0.7645359203763943,
        0.7094739332284029,
        0.632597440095605,
        0.6440579450031627,
        0.6845450674244569,
        0.5490869673009886,
        0.48360851500072777,
        0.46153933529480695
      ],
      "positionTHREEJS": {
        "x": [
          0
        ],
        "y": [
          0
        ],
        "z": [
          0
        ]
      },
      "rotationDegrees": {
        "x": [
          -24.075931304913205,
          27.877180043678734,
          12.052216673169468,
          -27.825797759281798,
          -43.28035411171889,
          -43.96168623134001,
          -3.666991911536904,
          21.24176217634998,
          34.50630743009464,
          38.82479284467108,
          24.500904187595054,
          23.468725668088155,
          -15.633120375212584,
          37.795045627696396,
          -44.71727575665093,
          -37.416070293364946,
          -8.012377624915835,
          -17.369038620459758,
          -8.629695149915783,
          31.63989497214206,
          3.480927235381529,
          -38.037294011445624,
          4.560575475300617,
          -22.038661819398854,
          -9.92311202765358,
          13.851015258129294,
          -17.58214090967977,
          2.467354356346732,
          -7.997074527454579,
          -28.685097051324767,
          -40.6319366043074,
          -5.28829227249102,
          -44.630192584658204,
          12.269542881991889,
          44.00064110857207,
          -12.455729399507057,
          43.20736595050754,
          28.821972988817578,
          -40.71265697790314,
          17.822651967441885,
          -43.40257443752929,
          43.76695520077163,
          -17.228762549320752,
          -16.336934256579916,
          -26.530249564805743,
          0.9764605691906851,
          10.92909605276563,
          -3.4762030310236867,
          6.993414811126044,
          -7.6155685187915125
        ],
        "y": [
          71.37592017666984,
          -20.88860470097437,
          -24.223549275311214,
          -11.817613645392342,
          83.30617124677912,
          -59.342914179631606,
          -53.094015104853256,
          25.237822964689897,
          73.59382813250514,
          -44.490118975820614,
          -57.860774664718505,
          3.2467954121689075,
          -46.78626490301947,
          -55.82940272162931,
          71.52240466150144,
          78.9667607665692,
          -74.37726592544769,
          -7.618135748424805,
          -61.92363776188792,
          -12.025026466537525,
          -7.233466270599308,
          76.20730188957705,
          -18.15714123141285,
          75.96418402148441,
          -41.301880642042136,
          59.693535138638566,
          39.56609387158065,
          -81.31279809856377,
          83.87751250555823,
          -17.204512220727395,
          66.74458798049045,
          1.1424359245951479,
          23.321001929137566,
          -78.03977278097936,
          -65.23843399866215,
          14.030803727352136,
          66.91505172100759,
          -63.95523355457556,
          -66.02966505470101,
          50.21440700037289,
          54.266676334227384,
          -36.583963592523126,
          62.30690559864786,
          -72.0817283523607,
          -59.28478624966597,
          -66.81369431214821,
          -41.99448619100351,
          25.134409483860665,
          77.98589213862707,
          -57.51344970563701
        ],
        "z": [
          0,
          0,
          0,
          0,
          0,
          0,
          0,
          0,
          0,
          0,
          0,
          0,
          0,
          0,
          0,
          0,
          0,
          0,
          0,
          0,
          0,
          0,
          0,
          0,
          0,
          0,
          0,
          0,
          0,
          0,
          0,
          0,
          0,
          0,
          0,
          0,
          0,
          0,
          0,
          0,
          0,
          0,
          0,
          0,
          0,
          0,
          0,
          0,
          0,
          0
        ]
      },
      "material": {
        "type": "MeshPhysicalMaterial",
        "color": "#7F7F7F",
        "metalness": 0.25,
        "roughness": 0.65,
        "reflectivity": 0.5,
        "opacity": [
          1
        ],
        "transparent": false
      },
      "visible": [
        1
      ]
    }
  },
  "IMAGES": {
    "imagebag": "/mkturkfiles/scenebags/objectome3d/background_im_flipped/",
    "imageidx": [
      1448,
      1177,
      16,
      427,
      298,
      188,
      463,
      427,
      298,
      1406,
      188,
      427,
      1424,
      463,
      1406,
      156,
      1448,
      1406,
      463,
      1448,
      1177,
      1424,
      156,
      463,
      16,
      156,
      427,
      188,
      16,
      1406,
      1448,
      1424,
      1406,
      298,
      1448,
      16,
      156,
      188,
      1177,
      188,
      1177,
      298,
      463,
      298,
      427,
      1177,
      156,
      16,
      1424,
      1424
    ],
    "sizeTHREEJS": [
      1.61
    ]
  },