{
  "CAMERAS": {
    "camera00": {
      "type": "PerspectiveCamera",
      "fieldOfView": 45,
      "near": 0.1,
      "far": 2000,
      "position": {
        "x": [
          0
        ],
        "y": [
          0
        ],
        "z": [
          10
        ]
      },
      "targetInches": {
        "x": [
          0
        ],
        "y": [
          0
        ],
        "z": [
          0
        ]
      },
      "visible": [
        1
      ]
    }
  },
  "LIGHTS": {
    "light00": {
      "type": "DirectionalLight",
      "color": "0xffffff",
      "intensity": [
        5
      ],
      "position": {
        "x": [
          0
        ],
        "y": [
          1,
          1,
          1,
          1,
          1,
          1,
          1,
          1,
          1,
          1,
          1,
          1,
          1,
          1,
          1,
          1,
          1,
          1,
          1,
          1,
          1,
          1,
          1,
          1,
          1,
          1,
          1,
          1,
          1,
          1,
          1,
          1,
          1,
          1,
          1,
          1,
          1,
          1,
          1,
          1,
          1,
          1,
          1,
          1,
          1,
          1,
          1,
          1,
          1,
          1
        ],
        "z": [
          1
        ]
      },
      "visible": [
        1
      ]
    }
  },
  "OBJECTS": {
    "elias_neutral": {
      "meshpath": "/mkturkfiles/scenebags/objectome3d/face/Tony_happiness_4.glb",
      "objectdoc": "HeadEliasApplefacepotatohead",
      "sizeTHREEJS": [
        0.4113331281901144,
        0.7542776823425303,
        0.7461468442900021,
        0.6192533132094049,
        0.728404095158182,
        0.42970432245908385,
        0.4233315464863003,
        0.40295011680318177,
        0.6800444184448894,
        0.6117218844149768,
        0.6349508795619256,
        0.6633740567989252,
        0.5921075882851998,
        0.5334418996129403,
        0.5821002710134214,
        0.6805382139503011,
        0.711583466775322,
        0.6269344138130216,
        0.6796031765827404,
        0.5652011615872048,
        0.4547211579019083,
        0.4481180834275907,
        0.5805926670266847,
        0.509604440710221,
        0.6601796638568931,
        0.7187745405702802,
        0.5471190338318352,
        0.7451571880908399,
        0.75508056603333,
        0.553198110741686,
        0.37015751202391745,
        0.7576460872984239,
        0.566397034938257,
        0.4277550770362003,
        0.41884927437627234,
        0.4311068987907326,
        0.5028706105155687,
        0.7625315878608032,
        0.59237204899428,
        0.6451078853364525,
        0.582107687982664,
        0.5301060334874816,
        0.6206556409935837,
        0.6603883837505534,
        0.7483427477737556,
        0.5139228883440812,
        0.587374567690692,
        0.671166421785052,
        0.7173064324897641,
        0.6602978183122761
      ],
      "positionTHREEJS": {
        "x": [
          0
        ],
        "y": [
          0
        ],
        "z": [
          0
        ]
      },
      "rotationDegrees": {
        "x": [
          4.1803159205300915,
          -33.922019995195555,
          13.2381390550823,
          35.98341604560639,
          -43.80090141473789,
          -23.732622225621526,
          15.90659566019886,
          -41.690858610856026,
          31.028072470672186,
          -43.340158645059994,
          26.076090728360427,
          27.694242141826038,
          -11.635266805870799,
          3.728393380313868,
          -24.568636653350456,
          5.550973154017797,
          -18.92848025018762,
          -1.390652131753093,
          -29.5620777607256,
          25.45247728726592,
          -5.167434599564466,
          -16.08559868544505,
          -25.003216177358397,
          12.158624989450608,
          -39.61661617064469,
          23.214387669006527,
          2.9629568243593454,
          24.70095882458,
          -22.895180104024455,
          -27.88936778589587,
          7.06929814934557,
          -43.42995413846141,
          41.83283408259241,
          23.88168689468185,
          -17.5264782078219,
          11.237373622136346,
          -10.94038326586822,
          -11.204101641334127,
          -0.20085961655022544,
          0.7424870467341549,
          -30.299324704228948,
          3.252976040855188,
          12.75714984238499,
          31.43578926161588,
          12.841770388825807,
          2.801193467267119,
          6.61352366829086,
          42.662145738250885,
          21.319424820064015,
          -14.003220415266668
        ],
        "y": [
          -23.85019994310396,
          -54.126285755264405,
          38.24137584399131,
          -64.5525491792209,
          -48.191795344425984,
          48.86108960495602,
          37.63280398065582,
          23.489284109491138,
          62.53731860073552,
          82.18793938643435,
          -34.53934411039313,
          -72.12295672659317,
          -9.87232898943806,
          -5.698829166083328,
          16.0533707652733,
          10.769985930868188,
          16.897198227062646,
          -54.700002037411195,
          14.092780011179713,
          -88.66402465919427,
          -47.69965239554325,
          50.07525023194631,
          -44.0899250312364,
          78.16812210388755,
          3.2690530468598524,
          1.2057083397484973,
          7.4856238957714964,
          75.32045865026512,
          21.41860810088359,
          64.99135281686634,
          -27.982376065973426,
          17.045025545293342,
          -16.005757044325748,
          -79.20284357428213,
          -60.17558226311146,
          77.81111032808928,
          -21.57044707892058,
          72.05156087944243,
          16.40197427012808,
          78.38414407050232,
          52.51612702744043,
          66.29542436799261,
          5.4052467597891365,
          -57.41561539027286,
          58.3295314750809,
          -80.53545798557259,
          -28.005801500922686,
          -42.43679573087534,
          -16.38069971001792,
          -64.69312636551726
        ],
        "z": [
          0,
          0,
          0,
          0,
          0,
          0,
          0,
          0,
          0,
          0,
          0,
          0,
          0,
          0,
          0,
          0,
          0,
          0,
          0,
          0,
          0,
          0,
          0,
          0,
          0,
          0,
          0,
          0,
          0,
          0,
          0,
          0,
          0,
          0,
          0,
          0,
          0,
          0,
          0,
          0,
          0,
          0,
          0,
          0,
          0,
          0,
          0,
          0,
          0,
          0
        ]
      },
      "material": {
        "type": "MeshPhysicalMaterial",
        "color": "#7F7F7F",
        "metalness": 0.25,
        "roughness": 0.65,
        "reflectivity": 0.5,
        "opacity": [
          1
        ],
        "transparent": false
      },
      "visible": [
        1
      ]
    }
  },
  "IMAGES": {
    "imagebag": "/mkturkfiles/scenebags/objectome3d/background_im_flipped/",
    "imageidx": [
      1406,
      1177,
      1448,
      188,
      188,
      427,
      463,
      1424,
      1177,
      16,
      1424,
      298,
      1177,
      1424,
      156,
      427,
      1177,
      1406,
      463,
      16,
      1406,
      156,
      16,
      298,
      1406,
      188,
      156,
      156,
      298,
      1406,
      463,
      188,
      1424,
      1448,
      427,
      188,
      1177,
      156,
      298,
      427,
      1448,
      1448,
      16,
      16,
      1424,
      463,
      298,
      427,
      1448,
      463
    ],
    "sizeTHREEJS": [
      1.61
    ]
  },
  "OBJECTFILTERS": {
    "blur": [
      ""
    ],