{
  "CAMERAS": {
    "camera00": {
      "type": "PerspectiveCamera",
      "fieldOfView": 45,
      "near": 0.1,
      "far": 2000,
      "position": {
        "x": [
          0
        ],
        "y": [
          0
        ],
        "z": [
          10
        ]
      },
      "targetInches": {
        "x": [
          0
        ],
        "y": [
          0
        ],
        "z": [
          0
        ]
      },
      "visible": [
        1
      ]
    }
  },
  "LIGHTS": {
    "light00": {
      "type": "DirectionalLight",
      "color": "0xffffff",
      "intensity": [
        5
      ],
      "position": {
        "x": [
          0
        ],
        "y": [
          1,
          1,
          1,
          1,
          1,
          1,
          1,
          1,
          1,
          1,
          1,
          1,
          1,
          1,
          1,
          1,
          1,
          1,
          1,
          1,
          1,
          1,
          1,
          1,
          1,
          1,
          1,
          1,
          1,
          1,
          1,
          1,
          1,
          1,
          1,
          1,
          1,
          1,
          1,
          1,
          1,
          1,
          1,
          1,
          1,
          1,
          1,
          1,
          1,
          1
        ],
        "z": [
          1
        ]
      },
      "visible": [
        1
      ]
    }
  },
  "OBJECTS": {
    "elias_neutral": {
      "meshpath": "/mkturkfiles/scenebags/objectome3d/face/Neptune_sadness_4.glb",
      "objectdoc": "HeadEliasApplefacepotatohead",
      "sizeTHREEJS": [
        0.46092568645448245,
        0.6693342920920669,
        0.5373866930731495,
        0.6346284925971764,
        0.7120656062534263,
        0.436031816969911,
        0.45554544030691096,
        0.48400774544888386,
        0.3778072749414297,
        0.5944652725137635,
        0.41718175382389266,
        0.480744239412465,
        0.4837418948072372,
        0.5765411284810542,
        0.4462329866619959,
        0.5234460861012669,
        0.7490206429166497,
        0.734587916515873,
        0.7024179664722855,
        0.7320806307210116,
        0.5912463100389117,
        0.4276751939982186,
        0.5305927153594557,
        0.6078527670325748,
        0.7011886266472013,
        0.43249040176517717,
        0.735939029516797,
        0.6374379206073528,
        0.39945455007980063,
        0.6528965692558186,
        0.6108499691309739,
        0.713458785702674,
        0.5410344661075079,
        0.4042064537576409,
        0.45343272100394577,
        0.46584251154697914,
        0.42951831862489454,
        0.7584055579824225,
        0.5719449796838825,
        0.7482254528994865,
        0.4089223047185937,
        0.4736980637494281,
        0.7352516051825673,
        0.5125717359242155,
        0.5393806445290744,
        0.5674377114042277,
        0.4627904489046377,
        0.7121169686300048,
        0.5219969827827606,
        0.40941939788713855
      ],
      "positionTHREEJS": {
        "x": [
          0
        ],
        "y": [
          0
        ],
        "z": [
          0
        ]
      },
      "rotationDegrees": {
        "x": [
          -41.39677352090761,
          15.285551106795936,
          -17.641363841147133,
          43.05976194559668,
          -39.174533589242216,
          -9.498875629467868,
          -41.907040581315286,
          -12.288327130965989,
          39.427839620972534,
          29.810423388899125,
          12.762667832528813,
          -35.53835544970708,
          -19.219635515049074,
          7.490734230294969,
          -35.07398752710202,
          7.0099943427063,
          9.613394015570947,
          40.82303721746534,
          -23.317767090585857,
          -41.664375379942655,
          -30.545717321103172,
          -25.826011135556513,
          5.175818325772276,
          -29.064165514096555,
          -7.021624963003319,
          -42.877017374377616,
          -41.177247559025545,
          23.46891317105745,
          33.44730827800167,
          -43.68084619592166,
          0.6868223579591088,
          -44.921037045741166,
          -2.942565674973949,
          36.14691640669882,
          -15.961831782639194,
          28.48512402368003,
          35.80688000497143,
          37.95388747020591,
          36.673329481271864,
          11.414581054015045,
          -28.235570759257048,
          -35.27297964809657,
          -37.957740507218574,
          3.28797442335312,
          1.0755775518581459,
          28.384364271517796,
          -20.838380360018554,
          30.368255239032578,
          4.720210505104653,
          -1.128028354959966
        ],
        "y": [
          -88.50102261272292,
          -83.50872253943061,
          57.806725282467056,
          17.89623324162541,
          -34.79141843488335,
          8.651797611829778,
          30.565741339590176,
          -14.311284467135977,
          23.541733333926004,
          -26.346692633844057,
          34.3608267542232,
          -10.873841837112451,
          30.126969238424735,
          7.376840970058453,
          -84.03443197170458,
          -66.91223116745661,
          -0.9245385996210445,
          39.0504629664095,
          -36.02578567704304,
          -37.94426876569865,
          -16.66796266741116,
          51.41680408299041,
          -27.86339588665232,
          -16.36262111718122,
          73.49055420036018,
          31.521824300901528,
          83.75119342570585,
          -53.94811931313578,
          -29.141091423397057,
          9.229271341402637,
          -49.38749878676248,
          42.26200841944558,
          -47.19534364212269,
          -34.07434574688331,
          42.51929635504405,
          -9.25442668790049,
          67.8838149438686,
          86.11783915158321,
          50.31888672457859,
          -47.74238597302486,
          9.23138220917312,
          -63.72323788025473,
          -51.982582250102986,
          -67.3054185689158,
          -76.36304631297928,
          -84.40857456068278,
          -81.08723248003275,
          -68.90245261143019,
          -46.77347846229105,
          5.682724039853923
        ],
        "z": [
          0,
          0,
          0,
          0,
          0,
          0,
          0,
          0,
          0,
          0,
          0,
          0,
          0,
          0,
          0,
          0,
          0,
          0,
          0,
          0,
          0,
          0,
          0,
          0,
          0,
          0,
          0,
          0,
          0,
          0,
          0,
          0,
          0,
          0,
          0,
          0,
          0,
          0,
          0,
          0,
          0,
          0,
          0,
          0,
          0,
          0,
          0,
          0,
          0,
          0
        ]
      },
      "material": {
        "type": "MeshPhysicalMaterial",
        "color": "#7F7F7F",
        "metalness": 0.25,
        "roughness": 0.65,
        "reflectivity": 0.5,
        "opacity": [
          1
        ],
        "transparent": false
      },
      "visible": [
        1
      ]
    }
  },
  "IMAGES": {
    "imagebag": "/mkturkfiles/scenebags/objectome3d/background_im_flipped/",
    "imageidx": [
      16,
      1406,
      188,
      188,
      1406,
      427,
      298,
      188,
      427,
      463,
      463,
      463,
      1177,
      1424,
      1406,
      16,
      1424,
      1177,
      1448,
      298,
      427,
      427,
      1424,
      1448,
      188,
      156,
      188,
      16,
      1406,
      1424,
      427,
      463,
      463,
      1448,
      156,
      298,
      1177,
      16,
      1424,
      1448,
      1448,
      16,
      1406,
      156,
      298,
      298,
      156,
      156,
      1177,
      1177
    ],
    "sizeTHREEJS": [
      1.61
    ]
  },