{
  "CAMERAS": {
    "camera00": {
      "type": "PerspectiveCamera",
      "fieldOfView": 45,
      "near": 0.1,
      "far": 2000,
      "position": {
        "x": [
          0
        ],
        "y": [
          0
        ],
        "z": [
          10
        ]
      },
      "targetInches": {
        "x": [
          0
        ],
        "y": [
          0
        ],
        "z": [
          0
        ]
      },
      "visible": [
        1
      ]
    }
  },
  "LIGHTS": {
    "light00": {
      "type": "DirectionalLight",
      "color": "0xffffff",
      "intensity": [
        5
      ],
      "position": {
        "x": [
          0
        ],
        "y": [
          1,
          1,
          1,
          1,
          1,
          1,
          1,
          1,
          1,
          1,
          1,
          1,
          1,
          1,
          1,
          1,
          1,
          1,
          1,
          1,
          1,
          1,
          1,
          1,
          1,
          1,
          1,
          1,
          1,
          1,
          1,
          1,
          1,
          1,
          1,
          1,
          1,
          1,
          1,
          1,
          1,
          1,
          1,
          1,
          1,
          1,
          1,
          1,
          1,
          1
        ],
        "z": [
          1
        ]
      },
      "visible": [
        1
      ]
    }
  },
  "OBJECTS": {
    "elias_neutral": {
      "meshpath": "/mkturkfiles/scenebags/objectome3d/face/Ashley_fear_4.glb",
      "objectdoc": "HeadEliasApplefacepotatohead",
      "sizeTHREEJS": [
        0.43575815666643186,
        0.7219727587092428,
        0.7374029715958679,
        0.623054208445167,
        0.6094581342924462,
        0.6526906683218674,
        0.679057453395435,
        0.5600729650054944,
        0.4704740996531149,
        0.4930774012188531,
        0.5252296363568362,
        0.6942104462495899,
        0.42489193288886373,
        0.4046865566986935,
        0.6930652380293536,
        0.3913853745250983,
        0.5746232942008114,
        0.3865364136889139,
        0.6088714437158379,
        0.5378784908996105,
        0.5202635828212028,
        0.4400052890672631,
        0.46121346640870087,
        0.385215068278012,
        0.5267606479926112,
        0.5412767907075486,
        0.5809685512415923,
        0.6053865011592593,
        0.6619646425656772,
        0.39337580455369764,
        0.5269788203133828,
        0.6712803107601727,
        0.5005526840830067,
        0.5867204141327855,
        0.5512719157852282,
        0.5407860525617276,
        0.6110620030673659,
        0.4090803356848729,
        0.4863801751631954,
        0.7577085702670863,
        0.47571638654294546,
        0.6464079824060612,
        0.4496134351956295,
        0.49532726801569527,
        0.5424681143970905,
        0.5422432525953218,
        0.5972925524148861,
        0.37623678473854105,
        0.6131103410155494,
        0.7465519527914999
      ],
      "positionTHREEJS": {
        "x": [
          0
        ],
        "y": [
          0
        ],
        "z": [
          0
        ]
      },
      "rotationDegrees": {
        "x": [
          -41.33706175138311,
          -6.655856705582131,
          3.979291438332808,
          17.19279789834863,
          -1.4156386341436047,
          16.014636814483858,
          -9.47937619500938,
          6.934236100051763,
          -11.051099622037292,
          27.388786836343016,
          38.224290452147216,
          18.501642382085826,
          -24.503779774686613,
          -29.915615595510673,
          13.599811949645343,
          39.64657423583925,
          27.64424974498897,
          0.5851741184201558,
          32.64955696660702,
          -34.68037120502756,
          40.39227501072125,
          -44.07296219998703,
          -42.10180794938441,
          24.84441674340205,
          31.619372633970954,
          22.137592893546213,
          16.617778239884323,
          -9.216209325161778,
          -17.411996065140883,
          32.97298585246966,
          -36.803053540879404,
          -34.412051325852566,
          -43.34753696546992,
          -35.418294374699144,
          -22.458238265348207,
          -20.162787613797484,
          -23.692598491176263,
          42.15229652951534,
          -44.264652299189855,
          -3.336742832890934,
          32.671525429226776,
          26.133030493080625,
          43.1541870259112,
          12.798382707835543,
          -11.884122712875758,
          10.76498714075585,
          39.45955302343282,
          -40.8994380315443,
          20.970278363007637,
          31.765936238025787
        ],
        "y": [
          10.635341594335188,
          7.081300927345509,
          42.745208793126864,
          -87.80860173420668,
          -37.814953900375755,
          -57.59641946564866,
          -21.782789278853542,
          52.26689252363482,
          -21.593752227390567,
          86.35038578086994,
          12.021564323350304,
          9.805838410500485,
          -6.137597517961353,
          2.8590610945652912,
          -57.95195461757736,
          29.020532683506133,
          -70.3637827451011,
          73.3083061710644,
          70.85892188115739,
          -34.08292414806533,
          -33.896125478026285,
          43.66554001518119,
          -56.85501752303283,
          -8.794125940320995,
          -26.76187150777654,
          -14.571929437524673,
          27.337991721517028,
          -11.430997306278783,
          -43.85760233732115,
          18.118488221465043,
          -40.67460732989787,
          32.95743989008702,
          6.434608159408143,
          -75.97140242777795,
          -88.2100729239978,
          -47.1359773686675,
          7.523844908361241,
          29.91522378463526,
          85.96849833039946,
          0.7754278034618522,
          40.132097505104724,
          -65.91749447869773,
          28.606039993321403,
          25.77444120081627,
          -36.49607657170422,
          -7.257722490505856,
          87.09042858199916,
          42.45142268129135,
          -16.654105637099264,
          -19.12084648274015
        ],
        "z": [
          0,
          0,
          0,
          0,
          0,
          0,
          0,
          0,
          0,
          0,
          0,
          0,
          0,
          0,
          0,
          0,
          0,
          0,
          0,
          0,
          0,
          0,
          0,
          0,
          0,
          0,
          0,
          0,
          0,
          0,
          0,
          0,
          0,
          0,
          0,
          0,
          0,
          0,
          0,
          0,
          0,
          0,
          0,
          0,
          0,
          0,
          0,
          0,
          0,
          0
        ]
      },
      "material": {
        "type": "MeshPhysicalMaterial",
        "color": "#7F7F7F",
        "metalness": 0.25,
        "roughness": 0.65,
        "reflectivity": 0.5,
        "opacity": [
          1
        ],
        "transparent": false
      },
      "visible": [
        1
      ]
    }
  },
  "IMAGES": {
    "imagebag": "/mkturkfiles/scenebags/objectome3d/background_im_flipped/",
    "imageidx": [
      298,
      427,
      16,
      427,
      1406,
      16,
      1424,
      1448,
      1448,
      463,
      156,
      156,
      463,
      16,
      1424,
      1424,
      156,
      1406,
      1177,
      1177,
      188,
      188,
      188,
      1424,
      156,
      188,
      16,
      1177,
      1448,
      1406,
      298,
      1448,
      427,
      16,
      298,
      1406,
      463,
      298,
      298,
      188,
      463,
      463,
      156,
      1406,
      427,
      427,
      1177,
      1177,
      1448,
      1424
    ],
    "sizeTHREEJS": [
      1.61
    ]
  },
  "OBJECTFILTERS": {
    "blur": [
      ""
    ],