{
  "CAMERAS": {
    "camera00": {
      "type": "PerspectiveCamera",
      "fieldOfView": 45,
      "near": 0.1,
      "far": 2000,
      "position": {
        "x": [
          0
        ],
        "y": [
          0
        ],
        "z": [
          10
        ]
      },
      "targetInches": {
        "x": [
          0
        ],
        "y": [
          0
        ],
        "z": [
          0
        ]
      },
      "visible": [
        1
      ]
    }
  },
  "LIGHTS": {
    "light00": {
      "type": "DirectionalLight",
      "color": "0xffffff",
      "intensity": [
        5
      ],
      "position": {
        "x": [
          0
        ],
        "y": [
          1,
          1,
          1,
          1,
          1,
          1,
          1,
          1,
          1,
          1,
          1,
          1,
          1,
          1,
          1,
          1,
          1,
          1,
          1,
          1,
          1,
          1,
          1,
          1,
          1,
          1,
          1,
          1,
          1,
          1,
          1,
          1,
          1,
          1,
          1,
          1,
          1,
          1,
          1,
          1,
          1,
          1,
          1,
          1,
          1,
          1,
          1,
          1,
          1,
          1
        ],
        "z": [
          1
        ]
      },
      "visible": [
        1
      ]
    }
  },
  "OBJECTS": {
    "elias_neutral": {
      "meshpath": "/mkturkfiles/scenebags/objectome3d/face/Ani_disgust_4.glb",
      "objectdoc": "HeadEliasApplefacepotatohead",
      "sizeTHREEJS": [
        0.5726854426563693,
        0.5181172233236547,
        0.39828921355203756,
        0.5574691336855625,
        0.5288009190403181,
        0.5000712703669663,
        0.6190683934054484,
        0.5201757530469892,
        0.6860798390283843,
        0.6651813210460323,
        0.4675945664726277,
        0.6238435708637438,
        0.40864726402918783,
        0.38963323456830823,
        0.6651909111303457,
        0.6849475454719761,
        0.7538732871392724,
        0.4392819066151378,
        0.6210419148440847,
        0.4785928515324117,
        0.49938192782585955,
        0.7378640585603965,
        0.39095262548209303,
        0.7451997053168635,
        0.42678669042506406,
        0.6888236103291379,
        0.7476173762302267,
        0.7417780716555709,
        0.741844160957178,
        0.7127674808157105,
        0.5275078165818834,
        0.5067265843550063,
        0.5213630301327379,
        0.4771184411740202,
        0.5140458201932357,
        0.39211970859415457,
        0.7482319358507167,
        0.6279439834750675,
        0.38094659139808407,
        0.5224472992375286,
        0.4361953342093398,
        0.40859011302154785,
        0.5888032812984875,
        0.6874276707213693,
        0.552186989291797,
        0.4245726309228862,
        0.6259600496949072,
        0.3805443814895783,
        0.7004857298700566,
        0.7503976598684958
      ],
      "positionTHREEJS": {
        "x": [
          0
        ],
        "y": [
          0
        ],
        "z": [
          0
        ]
      },
      "rotationDegrees": {
        "x": [
          34.694789171341554,
          30.287745804936677,
          -36.12647886758785,
          -28.657233773013374,
          -40.642809864129134,
          -13.872643168081414,
          -2.3943888173935406,
          38.713873608655305,
          0.3276984979448798,
          28.7729140391762,
          24.31481949878264,
          -42.6926003869546,
          -37.67227920100617,
          27.610243769444438,
          22.55474951352093,
          -33.631663495708224,
          -25.927728545754853,
          -13.06769607235336,
          40.6055633405487,
          24.272511131361,
          5.63487815934274,
          -21.628350480614884,
          -30.345268807654293,
          39.82912319877828,
          23.793366572185406,
          -1.587102815833724,
          12.203552150259199,
          5.867103944284835,
          -1.211097573831573,
          5.79796766603242,
          19.491321664158946,
          13.860501657939622,
          -32.90947975932899,
          29.49999552115642,
          -39.35434411626524,
          -33.11877843883414,
          -16.909478826194597,
          9.833712073373157,
          14.201562446735664,
          12.38468314803827,
          29.590711354648136,
          -38.26963684682424,
          12.710739389464258,
          11.94905971560938,
          9.538888652203248,
          -29.212287067827027,
          -42.098288470990255,
          -3.793171073737504,
          24.621657055899902,
          -38.02681071007495
        ],
        "y": [
          -73.06915998229648,
          -25.865327370964195,
          61.561690983195206,
          -35.7312056308157,
          -81.74927639778082,
          -3.4790188674950144,
          7.454211701141745,
          -29.10454995050827,
          30.333094102309957,
          -33.66371436888114,
          84.65951158734745,
          71.3721918327463,
          22.490129560674745,
          -67.44517077151643,
          49.19542746632774,
          -25.23928728858087,
          -15.247612145571239,
          61.75992902660025,
          18.952492261543924,
          -38.12071049062003,
          11.361949146246033,
          38.17821486474381,
          25.364923335267747,
          -35.208442161699296,
          41.96429579937194,
          -54.315673569576205,
          43.578926053837364,
          -28.392351105269668,
          73.01305807276484,
          55.15083857230431,
          25.1216477898014,
          34.45711221905785,
          7.6545338639926825,
          -70.88314981712884,
          -5.254338436609245,
          55.99446949489689,
          -89.99646096650784,
          -71.54806167808502,
          -71.43422865356953,
          -32.37482503031916,
          54.74585385814191,
          -4.929257069997419,
          77.80268994017152,
          -34.01128374002749,
          -38.16475495987707,
          -47.35535867924978,
          73.69340299772333,
          49.79252079335353,
          -0.03385381587702341,
          -5.156134303181858
        ],
        "z": [
          0,
          0,
          0,
          0,
          0,
          0,
          0,
          0,
          0,
          0,
          0,
          0,
          0,
          0,
          0,
          0,
          0,
          0,
          0,
          0,
          0,
          0,
          0,
          0,
          0,
          0,
          0,
          0,
          0,
          0,
          0,
          0,
          0,
          0,
          0,
          0,
          0,
          0,
          0,
          0,
          0,
          0,
          0,
          0,
          0,
          0,
          0,
          0,
          0,
          0
        ]
      },
      "material": {
        "type": "MeshPhysicalMaterial",
        "color": "#7F7F7F",
        "metalness": 0.25,
        "roughness": 0.65,
        "reflectivity": 0.5,
        "opacity": [
          1
        ],
        "transparent": false
      },
      "visible": [
        1
      ]
    }
  },
  "IMAGES": {
    "imagebag": "/mkturkfiles/scenebags/objectome3d/background_im_flipped/",
    "imageidx": [
      1448,
      427,
      463,
      298,
      1448,
      1177,
      188,
      1406,
      1424,
      16,
      1406,
      427,
      156,
      1448,
      156,
      1177,
      1448,
      16,
      463,
      298,
      1406,
      298,
      1406,
      298,
      156,
      16,
      427,
      1424,
      188,
      1448,
      427,
      16,
      1177,
      156,
      1424,
      427,
      188,
      463,
      1177,
      188,
      1424,
      16,
      1177,
      298,
      463,
      156,
      463,
      1406,
      188,
      1424
    ],
    "sizeTHREEJS": [
      1.61
    ]
  },
  "OBJECTFILTERS": {
    "blur": [
      ""
    ],