{
  "CAMERAS": {
    "camera00": {
      "type": "PerspectiveCamera",
      "fieldOfView": 45,
      "near": 0.1,
      "far": 2000,
      "position": {
        "x": [
          0
        ],
        "y": [
          0
        ],
        "z": [
          10
        ]
      },
      "targetInches": {
        "x": [
          0
        ],
        "y": [
          0
        ],
        "z": [
          0
        ]
      },
      "visible": [
        1
      ]
    }
  },
  "LIGHTS": {
    "light00": {
      "type": "DirectionalLight",
      "color": "0xffffff",
      "intensity": [
        5
      ],
      "position": {
        "x": [
          0
        ],
        "y": [
          1,
          1,
          1,
          1,
          1,
          1,
          1,
          1,
          1,
          1,
          1,
          1,
          1,
          1,
          1,
          1,
          1,
          1,
          1,
          1,
          1,
          1,
          1,
          1,
          1,
          1,
          1,
          1,
          1,
          1,
          1,
          1,
          1,
          1,
          1,
          1,
          1,
          1,
          1,
          1,
          1,
          1,
          1,
          1,
          1,
          1,
          1,
          1,
          1,
          1
        ],
        "z": [
          1
        ]
      },
      "visible": [
        1
      ]
    }
  },
  "OBJECTS": {
    "elias_neutral": {
      "meshpath": "/mkturkfiles/scenebags/objectome3d/face/Ashley_happiness_4.glb",
      "objectdoc": "HeadEliasApplefacepotatohead",
      "sizeTHREEJS": [
        0.5140777264866854,
        0.6826807656664422,
        0.6631806441482708,
        0.6560562331986122,
        0.4238563832187201,
        0.5623491945631023,
        0.7405433775970285,
        0.5801918938789213,
        0.6991476095100196,
        0.597860842923227,
        0.47784079002036384,
        0.463649253539398,
        0.5656146445366418,
        0.40239760412677095,
        0.7104688351007922,
        0.6252676077392952,
        0.5817813003555931,
        0.5104433652064526,
        0.6176656147712563,
        0.6546418121067223,
        0.5798753997677059,
        0.5137807720520073,
        0.46332205131270593,
        0.5083207575556311,
        0.5228826915197262,
        0.45485221603075726,
        0.37284630663860957,
        0.4234095239270529,
        0.3868831563403041,
        0.4015660950455158,
        0.6834593765560673,
        0.45238356735654284,
        0.4219041507848196,
        0.4001797756305477,
        0.6922069270673596,
        0.391496010306938,
        0.6788307255451218,
        0.4032768890896241,
        0.5685528947924019,
        0.7407910189507926,
        0.37700483433735504,
        0.37656065275750655,
        0.7180646702774142,
        0.51978408997447,
        0.7574442058783359,
        0.7417566696953127,
        0.38981278673705266,
        0.6842454166760688,
        0.6532467090864652,
        0.7462279808573402
      ],
      "positionTHREEJS": {
        "x": [
          0
        ],
        "y": [
          0
        ],
        "z": [
          0
        ]
      },
      "rotationDegrees": {
        "x": [
          14.907675611078531,
          4.004952122648774,
          7.9577357181073936,
          -24.21777677151355,
          -42.96758270051747,
          -8.289445008386828,
          20.124145865725737,
          12.515738311127606,
          -42.336155622144936,
          20.190193045810048,
          3.2712746670004194,
          43.21310515115729,
          -44.59992480502201,
          -8.40142759380825,
          -8.888888038164318,
          -2.5986909025274443,
          2.635235707084739,
          -8.328932051223106,
          -34.02820028126578,
          43.3489417477206,
          -12.883826842567139,
          6.520172129020146,
          30.816462120973455,
          -16.176976012668334,
          -12.692518877094692,
          24.14866615072637,
          5.236196355347552,
          23.59642055458461,
          30.331250595978076,
          23.368820268324797,
          14.02114462796279,
          -32.7688629923151,
          17.87985848433037,
          28.876537336434495,
          24.67524132586105,
          -25.70701555619464,
          -15.783513225240707,
          -21.297091441962813,
          14.13079371897183,
          37.62849035875968,
          0.9938281252711789,
          -25.011801332129327,
          -35.66023624020316,
          -29.773786644489523,
          -1.8497408012917944,
          16.409892940031902,
          31.149339830903045,
          -37.04399846938999,
          13.997897087268498,
          14.59657742230764
        ],
        "y": [
          -63.06234782257373,
          66.86484221660416,
          4.510345227197902,
          34.96490686167414,
          17.032171305661564,
          75.69605489863079,
          4.891920243502753,
          14.14796953178353,
          81.45377677236615,
          70.55519464663377,
          -62.539293477333686,
          -31.79377407172433,
          74.04271024572597,
          3.3681931247550665,
          45.247013815105475,
          13.985685447252933,
          -8.15279105195485,
          -75.54967539829188,
          82.74210814259348,
          36.886309577243125,
          63.45422871963558,
          51.22387041185803,
          17.700447147686447,
          87.33300977735527,
          85.92662693620295,
          -5.526606417119595,
          29.68971942387718,
          -72.71203055166094,
          -32.41892154664644,
          66.79643484444426,
          -86.32758721739401,
          -47.289093883872106,
          -48.561833589138566,
          75.81527545780253,
          -79.12336773641407,
          -66.96316291602787,
          -66.42625966725188,
          37.466002823888644,
          65.598837497538,
          59.35200619302998,
          7.246540836064668,
          -14.156984198435467,
          68.48348254281808,
          -0.775034024935195,
          44.50830010842333,
          56.86849055467002,
          -4.631517058310095,
          74.009454084293,
          -16.611449701610837,
          -59.43555555503529
        ],
        "z": [
          0,
          0,
          0,
          0,
          0,
          0,
          0,
          0,
          0,
          0,
          0,
          0,
          0,
          0,
          0,
          0,
          0,
          0,
          0,
          0,
          0,
          0,
          0,
          0,
          0,
          0,
          0,
          0,
          0,
          0,
          0,
          0,
          0,
          0,
          0,
          0,
          0,
          0,
          0,
          0,
          0,
          0,
          0,
          0,
          0,
          0,
          0,
          0,
          0,
          0
        ]
      },
      "material": {
        "type": "MeshPhysicalMaterial",
        "color": "#7F7F7F",
        "metalness": 0.25,
        "roughness": 0.65,
        "reflectivity": 0.5,
        "opacity": [
          1
        ],
        "transparent": false
      },
      "visible": [
        1
      ]
    }
  },
  "IMAGES": {
    "imagebag": "/mkturkfiles/scenebags/objectome3d/background_im_flipped/",
    "imageidx": [
      188,
      427,
      156,
      1177,
      1424,
      427,
      1448,
      1424,
      16,
      1424,
      463,
      16,
      1448,
      1177,
      16,
      188,
      1424,
      298,
      188,
      1448,
      188,
      16,
      298,
      1177,
      427,
      1177,
      1406,
      188,
      1424,
      1406,
      1177,
      156,
      1448,
      1406,
      1406,
      298,
      298,
      427,
      463,
      1406,
      1448,
      156,
      463,
      463,
      156,
      16,
      156,
      427,
      463,
      298
    ],
    "sizeTHREEJS": [
      1.61
    ]
  },
  "OBJECTFILTERS": {
    "blur": [
      ""
    ],