{
  "CAMERAS": {
    "camera00": {
      "type": "PerspectiveCamera",
      "fieldOfView": 45,
      "near": 0.1,
      "far": 2000,
      "position": {
        "x": [
          0
        ],
        "y": [
          0
        ],
        "z": [
          10
        ]
      },
      "targetInches": {
        "x": [
          0
        ],
        "y": [
          0
        ],
        "z": [
          0
        ]
      },
      "visible": [
        1
      ]
    }
  },
  "LIGHTS": {
    "light00": {
      "type": "DirectionalLight",
      "color": "0xffffff",
      "intensity": [
        5
      ],
      "position": {
        "x": [
          0
        ],
        "y": [
          1,
          1,
          1,
          1,
          1,
          1,
          1,
          1,
          1,
          1,
          1,
          1,
          1,
          1,
          1,
          1,
          1,
          1,
          1,
          1,
          1,
          1,
          1,
          1,
          1,
          1,
          1,
          1,
          1,
          1,
          1,
          1,
          1,
          1,
          1,
          1,
          1,
          1,
          1,
          1,
          1,
          1,
          1,
          1,
          1,
          1,
          1,
          1,
          1,
          1
        ],
        "z": [
          1
        ]
      },
      "visible": [
        1
      ]
    }
  },
  "OBJECTS": {
    "elias_neutral": {
      "meshpath": "/mkturkfiles/scenebags/objectome3d/face/Ashley_anger_4.glb",
      "objectdoc": "HeadEliasApplefacepotatohead",
      "sizeTHREEJS": [
        0.5984372025658569,
        0.4156487634371968,
        0.5042855670367066,
        0.5657752324683344,
        0.5897248054990043,
        0.7646702566673114,
        0.43843620316771836,
        0.3728675780390462,
        0.5120146091384125,
        0.40187620280462605,
        0.7364321676106895,
        0.5489482714179479,
        0.5379662272327779,
        0.7304346753305784,
        0.7621499916221006,
        0.6273626838959941,
        0.6575952187106997,
        0.5526921008648342,
        0.7442177109598492,
        0.6528762582984815,
        0.7598401802873052,
        0.4834780765401113,
        0.46822657791139255,
        0.387115521446053,
        0.4066401728712234,
        0.6796268681880343,
        0.49953052519220503,
        0.4491144501473662,
        0.47029151228731647,
        0.47161034755552744,
        0.4633345461052571,
        0.5975886989475108,
        0.5851843769981175,
        0.538446832713868,
        0.6650287755219945,
        0.6009861232081866,
        0.7552271775484287,
        0.556375459707771,
        0.5378156557595439,
        0.7628101135596461,
        0.5239129111037752,
        0.5951831540587667,
        0.5443538603715178,
        0.4840499984142742,
        0.4028926074319369,
        0.5631534623856679,
        0.7584307219620663,
        0.5119946087247585,
        0.5633204627452618,
        0.7286327904083563
      ],
      "positionTHREEJS": {
        "x": [
          0
        ],
        "y": [
          0
        ],
        "z": [
          0
        ]
      },
      "rotationDegrees": {
        "x": [
          -9.174112767597755,
          -6.574153951460609,
          23.118938697691362,
          40.44344055984406,
          -13.449280018691681,
          -5.891052910787124,
          -1.6128831611325154,
          -5.926289885366586,
          -14.08305852186253,
          42.75843599870329,
          -10.701637069526036,
          -16.30512135000114,
          -4.6604127163393585,
          33.348346888549145,
          -27.773884338868427,
          15.843150966606288,
          -19.501561562067625,
          -8.120378982072054,
          -5.290051837926896,
          17.689095979802595,
          9.07906015128129,
          -37.315890410986285,
          -24.136702404114857,
          18.024720835143846,
          -5.3542783845247754,
          16.527177282392735,
          3.1743757582396768,
          -28.140515616978593,
          26.51585036524672,
          -44.9065324123766,
          6.338968686247689,
          -44.22598677704861,
          26.146005780099827,
          -12.949375810617624,
          33.50215380461731,
          5.3391868204036825,
          -40.35133453125158,
          44.1032039819693,
          42.23076430825898,
          23.9288741820763,
          39.31110203310338,
          -33.929668152279,
          -40.61074505801126,
          -30.975243119953014,
          25.445277016284706,
          -24.499570637237888,
          -3.9413577541296405,
          -4.528941302096399,
          -12.843604138957005,
          38.51422731682315
        ],
        "y": [
          -82.92476271818798,
          -8.37144893445901,
          69.72365208330334,
          -71.77224377083849,
          -15.960745475303426,
          -70.96876553621512,
          -75.66807603476897,
          -89.65007121163771,
          44.488584227075535,
          -5.710662984293208,
          -11.162711966255472,
          -35.249947383132934,
          14.898189375786373,
          -15.60297471468644,
          77.13510425769417,
          -76.60701846529471,
          23.97214732240542,
          49.21637812356076,
          -38.263204012371666,
          5.8628496963020496,
          -57.187579322853495,
          84.61277536652031,
          -47.64282596965282,
          39.31221097180645,
          86.61944300027517,
          36.083127962073746,
          6.945240799347317,
          47.482664963266984,
          -7.2111586022575835,
          9.318841255411485,
          -47.57168168979385,
          87.49030170288788,
          5.57890685047613,
          -32.11057306567844,
          -65.8302648106432,
          -89.66402749326413,
          -23.433464354415037,
          25.47585353361059,
          -32.58521014354881,
          -69.47224234482519,
          -66.98895883995397,
          74.29234697542265,
          86.4694433258382,
          83.67803159292359,
          -69.01696575886761,
          80.79223459334585,
          59.25992613986506,
          -34.938931616898635,
          40.81297405510736,
          69.65989453687328
        ],
        "z": [
          0,
          0,
          0,
          0,
          0,
          0,
          0,
          0,
          0,
          0,
          0,
          0,
          0,
          0,
          0,
          0,
          0,
          0,
          0,
          0,
          0,
          0,
          0,
          0,
          0,
          0,
          0,
          0,
          0,
          0,
          0,
          0,
          0,
          0,
          0,
          0,
          0,
          0,
          0,
          0,
          0,
          0,
          0,
          0,
          0,
          0,
          0,
          0,
          0,
          0
        ]
      },
      "material": {
        "type": "MeshPhysicalMaterial",
        "color": "#7F7F7F",
        "metalness": 0.25,
        "roughness": 0.65,
        "reflectivity": 0.5,
        "opacity": [
          1
        ],
        "transparent": false
      },
      "visible": [
        1
      ]
    }
  },
  "IMAGES": {
    "imagebag": "/mkturkfiles/scenebags/objectome3d/background_im_flipped/",
    "imageidx": [
      1177,
      427,
      463,
      188,
      463,
      1177,
      188,
      463,
      1424,
      1448,
      188,
      1406,
      1424,
      463,
      188,
      16,
      156,
      1406,
      16,
      427,
      427,
      1406,
      1406,
      1177,
      16,
      1424,
      298,
      427,
      156,
      1448,
      1424,
      298,
      156,
      1406,
      298,
      298,
      16,
      463,
      1424,
      427,
      16,
      156,
      298,
      1177,
      1448,
      1448,
      1177,
      188,
      156,
      1448
    ],
    "sizeTHREEJS": [
      1.61
    ]
  },
  "OBJECTFILTERS": {
    "blur": [
      ""
    ],