{
  "CAMERAS": {
    "camera00": {
      "type": "PerspectiveCamera",
      "fieldOfView": 45,
      "near": 0.1,
      "far": 2000,
      "position": {
        "x": [
          0
        ],
        "y": [
          0
        ],
        "z": [
          10
        ]
      },
      "targetInches": {
        "x": [
          0
        ],
        "y": [
          0
        ],
        "z": [
          0
        ]
      },
      "visible": [
        1
      ]
    }
  },
  "LIGHTS": {
    "light00": {
      "type": "DirectionalLight",
      "color": "0xffffff",
      "intensity": [
        5
      ],
      "position": {
        "x": [
          0
        ],
        "y": [
          1,
          1,
          1,
          1,
          1,
          1,
          1,
          1,
          1,
          1,
          1,
          1,
          1,
          1,
          1,
          1,
          1,
          1,
          1,
          1,
          1,
          1,
          1,
          1,
          1,
          1,
          1,
          1,
          1,
          1,
          1,
          1,
          1,
          1,
          1,
          1,
          1,
          1,
          1,
          1,
          1,
          1,
          1,
          1,
          1,
          1,
          1,
          1,
          1,
          1
        ],
        "z": [
          1
        ]
      },
      "visible": [
        1
      ]
    }
  },
  "OBJECTS": {
    "elias_neutral": {
      "meshpath": "/mkturkfiles/scenebags/objectome3d/face/Tony_surprise_4.glb",
      "objectdoc": "HeadEliasApplefacepotatohead",
      "sizeTHREEJS": [
        0.5617718942550686,
        0.5952593872381132,
        0.3820072121652482,
        0.7649184949674016,
        0.39906523359309076,
        0.6201386793670784,
        0.7065281475120986,
        0.6429883719586947,
        0.4808872639758789,
        0.5992437288549788,
        0.6143375569851482,
        0.7297864528644171,
        0.6276826121456697,
        0.553665972456918,
        0.5127801336917374,
        0.7309856489710326,
        0.7087635932397063,
        0.5476885704399824,
        0.386170102820508,
        0.4285543684177228,
        0.7423587240748808,
        0.47081799182838124,
        0.7017847590167621,
        0.49215296424331034,
        0.7556349864078296,
        0.44671914022114945,
        0.6078889658093322,
        0.5240542136085847,
        0.3778172295773978,
        0.6334531128745042,
        0.47099078614844125,
        0.589766121090624,
        0.47816573836329707,
        0.6726191101498422,
        0.5924388255894212,
        0.5835926085753053,
        0.6884198742715559,
        0.589808942740264,
        0.4427543997529041,
        0.6874527756871822,
        0.6137268774458006,
        0.42017509097058514,
        0.6910147381957674,
        0.7093514527015675,
        0.4859490282809733,
        0.5252479950262928,
        0.443757882892002,
        0.4041454440502,
        0.5404189157383953,
        0.4265405740460101
      ],
      "positionTHREEJS": {
        "x": [
          0
        ],
        "y": [
          0
        ],
        "z": [
          0
        ]
      },
      "rotationDegrees": {
        "x": [
          -1.2102400985074695,
          -34.100471493138045,
          -38.4398569388801,
          12.53938242490289,
          -8.485180189633738,
          -44.69469630021421,
          33.54448421898513,
          -22.226796040580577,
          34.35719275187934,
          23.485557827129682,
          43.3474598730438,
          -16.193667655846387,
          -20.00068941794837,
          22.642566770063453,
          -5.911376784698085,
          13.91307606737631,
          -27.19261892438216,
          2.292194046429131,
          44.966873078375855,
          23.050455319799624,
          35.54153574353852,
          -36.23241137988864,
          25.789968192952344,
          43.005438550633286,
          25.875883470546796,
          -23.065118037416028,
          -37.303690397372165,
          -15.626584269624122,
          -31.024909751354258,
          -30.17646170674747,
          15.87224839551704,
          16.821465152079902,
          -15.774739625819262,
          9.322383685498444,
          -27.993354190891612,
          41.9229713660457,
          5.13414032219643,
          5.989490416816892,
          -1.9107587226208764,
          -26.4932604422844,
          -39.50979103611047,
          -18.681546094522623,
          -41.94741086760382,
          39.07633277482854,
          -17.223502004570705,
          40.938021386085026,
          6.511479614619418,
          -18.803124259351957,
          14.387014830291605,
          -4.289057656268064
        ],
        "y": [
          -54.24628881854118,
          -57.547750546885126,
          -50.01897480440552,
          3.602778698418348,
          87.2939666080741,
          19.369731297215694,
          78.757091928487,
          21.046381930899756,
          77.1136999727203,
          55.65001040506928,
          16.31452211129492,
          38.534036993552775,
          38.97003884573127,
          73.32289949930279,
          -68.73396990000184,
          -75.30752745284849,
          66.19648337406662,
          -9.829665955595374,
          77.16460233965427,
          -17.65568938441895,
          47.95108590486416,
          -24.178883142853223,
          -83.31734769895377,
          -9.805578103868669,
          73.27753879180386,
          -85.91641055849402,
          -68.97960277049489,
          -75.18615526497979,
          38.99239831203718,
          50.472977685448996,
          7.585745708038004,
          14.809629929771717,
          -62.30584536442904,
          -46.98491950436108,
          10.285950261005553,
          77.55518578325206,
          -88.85192678512037,
          -40.53071635616056,
          -74.0606380525466,
          -42.156438082041916,
          -73.71378792600014,
          36.612566803735845,
          62.66181901014957,
          -72.52245086946863,
          66.01691294438777,
          -30.44802537954388,
          14.4848344423948,
          64.9390651153966,
          -6.392448241517272,
          -36.99969982658762
        ],
        "z": [
          0,
          0,
          0,
          0,
          0,
          0,
          0,
          0,
          0,
          0,
          0,
          0,
          0,
          0,
          0,
          0,
          0,
          0,
          0,
          0,
          0,
          0,
          0,
          0,
          0,
          0,
          0,
          0,
          0,
          0,
          0,
          0,
          0,
          0,
          0,
          0,
          0,
          0,
          0,
          0,
          0,
          0,
          0,
          0,
          0,
          0,
          0,
          0,
          0,
          0
        ]
      },
      "material": {
        "type": "MeshPhysicalMaterial",
        "color": "#7F7F7F",
        "metalness": 0.25,
        "roughness": 0.65,
        "reflectivity": 0.5,
        "opacity": [
          1
        ],
        "transparent": false
      },
      "visible": [
        1
      ]
    }
  },
  "IMAGES": {
    "imagebag": "/mkturkfiles/scenebags/objectome3d/background_im_flipped/",
    "imageidx": [
      156,
      16,
      1424,
      298,
      188,
      298,
      188,
      188,
      298,
      1424,
      427,
      16,
      298,
      1424,
      1448,
      16,
      1448,
      463,
      16,
      156,
      427,
      156,
      1177,
      188,
      463,
      156,
      1406,
      1177,
      1177,
      463,
      463,
      1448,
      1177,
      1406,
      16,
      188,
      463,
      1448,
      1424,
      1406,
      1448,
      427,
      156,
      298,
      1177,
      1424,
      427,
      1406,
      427,
      1406
    ],
    "sizeTHREEJS": [
      1.61
    ]
  },
  "OBJECTFILTERS": {
    "blur": [
      ""
    ],